Info    2024-10-06 19:54:11  DevID:MV-CS016-10UC(DA0498828)  Source-Line:libMvUsb3vTL.so(Manager.cpp-L0097)     Description:Current dynamic library path[/home/jqz/Desktop/OpenRM-2024_hik/demo/hik/hikSDK/lib/amd64/libMvUsb3vTL.so]     Solution:
Info    2024-10-06 19:54:11  DevID:MV-CS016-10UC(DA0498828)  Source-Line:libMvUsb3vTL.so(Manager.cpp-L0100)     Description:U3V_Version: 3.2.1.0     Solution:
Info    2024-10-06 19:54:11  DevID:MV-CS016-10UC(DA0498828)  Source-Line:libMvUsb3vTL.so(Manager.cpp-L0101)     Description:U3V_Description: BaseLine Build 20211203     Solution:
Info    2024-10-06 19:54:11  DevID:MV-CS016-10UC(DA0498828)  Source-Line:libMvUsb3vTL.so(DriverLayer.cpp-L0419)     Description:device speed: [0x3]     Solution:
Info    2024-10-06 19:54:11  DevID:MV-CS016-10UC(DA0498828)  Source-Line:libMvUsb3vTL.so(Manager.cpp-L0368)     Description:[IsSupportEvent]     Solution:
Info    2024-10-06 19:54:11  DevID:MV-CS016-10UC(DA0498828)  Source-Line:libMvUsb3vTL.so(EventProcess.cpp-L0280)     Description:U3V EventRecvThread Start     Solution:
Info    2024-10-06 19:54:11  DevID:MV-CS016-10UC(DA0498828)  Source-Line:libMvUsb3vTL.so(EventProcess.cpp-L0706)     Description:U3V EventSendThread Start     Solution:
Info    2024-10-06 19:54:12  DevID:MV-CS016-10UC(DA0498828)  Source-Line:libMvUsb3vTL.so(StreamProcess.cpp-L1003)     Description:U3V RecvThread Start     Solution:
Info    2024-10-06 19:54:12  DevID:MV-CS016-10UC(DA0498828)  Source-Line:libMvUsb3vTL.so(DeviceControl.cpp-L1275)     Description:AcquisitionStart Execute Success     Solution:
Error   2024-10-06 19:54:12  DevID:MV-CS016-10UC(DA0498828)  Source-Line:libMvUsb3vTL.so(DriverLayer.cpp-L0785)     Description:timesOut, num_iso_packets: ff     Solution:
Error   2024-10-06 19:54:13  DevID:MV-CS016-10UC(DA0498828)  Source-Line:libMvUsb3vTL.so(DriverLayer.cpp-L0785)     Description:timesOut, num_iso_packets: ff     Solution:
Error   2024-10-06 19:54:14  DevID:MV-CS016-10UC(DA0498828)  Source-Line:libMvUsb3vTL.so(DriverLayer.cpp-L0785)     Description:timesOut, num_iso_packets: ff     Solution:
Error   2024-10-06 19:54:15  DevID:MV-CS016-10UC(DA0498828)  Source-Line:libMvUsb3vTL.so(DriverLayer.cpp-L0785)     Description:timesOut, num_iso_packets: ff     Solution:
Error   2024-10-06 19:54:16  DevID:MV-CS016-10UC(DA0498828)  Source-Line:libMvUsb3vTL.so(DriverLayer.cpp-L0785)     Description:timesOut, num_iso_packets: ff     Solution:
Error   2024-10-06 19:54:17  DevID:MV-CS016-10UC(DA0498828)  Source-Line:libMvUsb3vTL.so(DriverLayer.cpp-L0785)     Description:timesOut, num_iso_packets: ff     Solution:
Error   2024-10-06 19:54:18  DevID:MV-CS016-10UC(DA0498828)  Source-Line:libMvUsb3vTL.so(DriverLayer.cpp-L0785)     Description:timesOut, num_iso_packets: ff     Solution:
Error   2024-10-06 19:54:19  DevID:MV-CS016-10UC(DA0498828)  Source-Line:libMvUsb3vTL.so(DriverLayer.cpp-L0785)     Description:timesOut, num_iso_packets: ff     Solution:
Error   2024-10-06 19:54:20  DevID:MV-CS016-10UC(DA0498828)  Source-Line:libMvUsb3vTL.so(DriverLayer.cpp-L0785)     Description:timesOut, num_iso_packets: ff     Solution:
Error   2024-10-06 19:54:21  DevID:MV-CS016-10UC(DA0498828)  Source-Line:libMvUsb3vTL.so(DriverLayer.cpp-L0785)     Description:timesOut, num_iso_packets: ff     Solution:
Error   2024-10-06 19:54:22  DevID:MV-CS016-10UC(DA0498828)  Source-Line:libMvUsb3vTL.so(DriverLayer.cpp-L0785)     Description:timesOut, num_iso_packets: ff     Solution:
Error   2024-10-06 19:54:23  DevID:MV-CS016-10UC(DA0498828)  Source-Line:libMvUsb3vTL.so(DriverLayer.cpp-L0785)     Description:timesOut, num_iso_packets: ff     Solution:
Error   2024-10-06 19:54:24  DevID:MV-CS016-10UC(DA0498828)  Source-Line:libMvUsb3vTL.so(DriverLayer.cpp-L0785)     Description:timesOut, num_iso_packets: ff     Solution:
Error   2024-10-06 19:54:25  DevID:MV-CS016-10UC(DA0498828)  Source-Line:libMvUsb3vTL.so(DriverLayer.cpp-L0785)     Description:timesOut, num_iso_packets: ff     Solution:
Error   2024-10-06 19:54:26  DevID:MV-CS016-10UC(DA0498828)  Source-Line:libMvUsb3vTL.so(DriverLayer.cpp-L0785)     Description:timesOut, num_iso_packets: ff     Solution:
Error   2024-10-06 19:54:27  DevID:MV-CS016-10UC(DA0498828)  Source-Line:libMvUsb3vTL.so(DriverLayer.cpp-L0785)     Description:timesOut, num_iso_packets: ff     Solution:
Error   2024-10-06 19:54:28  DevID:MV-CS016-10UC(DA0498828)  Source-Line:libMvUsb3vTL.so(DriverLayer.cpp-L0785)     Description:timesOut, num_iso_packets: ff     Solution:
Error   2024-10-06 19:54:29  DevID:MV-CS016-10UC(DA0498828)  Source-Line:libMvUsb3vTL.so(DriverLayer.cpp-L0785)     Description:timesOut, num_iso_packets: ff     Solution:
Error   2024-10-06 19:54:30  DevID:MV-CS016-10UC(DA0498828)  Source-Line:libMvUsb3vTL.so(DriverLayer.cpp-L0785)     Description:timesOut, num_iso_packets: ff     Solution:
Error   2024-10-06 19:54:31  DevID:MV-CS016-10UC(DA0498828)  Source-Line:libMvUsb3vTL.so(DriverLayer.cpp-L0785)     Description:timesOut, num_iso_packets: ff     Solution:
Error   2024-10-06 19:54:32  DevID:MV-CS016-10UC(DA0498828)  Source-Line:libMvUsb3vTL.so(DriverLayer.cpp-L0785)     Description:timesOut, num_iso_packets: ff     Solution:
Error   2024-10-06 19:54:33  DevID:MV-CS016-10UC(DA0498828)  Source-Line:libMvUsb3vTL.so(DriverLayer.cpp-L0785)     Description:timesOut, num_iso_packets: ff     Solution:
Error   2024-10-06 19:54:34  DevID:MV-CS016-10UC(DA0498828)  Source-Line:libMvUsb3vTL.so(DriverLayer.cpp-L0785)     Description:timesOut, num_iso_packets: ff     Solution:
Error   2024-10-06 19:54:35  DevID:MV-CS016-10UC(DA0498828)  Source-Line:libMvUsb3vTL.so(DriverLayer.cpp-L0785)     Description:timesOut, num_iso_packets: ff     Solution:
Error   2024-10-06 19:54:36  DevID:MV-CS016-10UC(DA0498828)  Source-Line:libMvUsb3vTL.so(DriverLayer.cpp-L0785)     Description:timesOut, num_iso_packets: ff     Solution:
Error   2024-10-06 19:54:37  DevID:MV-CS016-10UC(DA0498828)  Source-Line:libMvUsb3vTL.so(DriverLayer.cpp-L0785)     Description:timesOut, num_iso_packets: ff     Solution:
Error   2024-10-06 19:54:38  DevID:MV-CS016-10UC(DA0498828)  Source-Line:libMvUsb3vTL.so(DriverLayer.cpp-L0785)     Description:timesOut, num_iso_packets: ff     Solution:
Error   2024-10-06 19:54:39  DevID:MV-CS016-10UC(DA0498828)  Source-Line:libMvUsb3vTL.so(DriverLayer.cpp-L0785)     Description:timesOut, num_iso_packets: ff     Solution:
Error   2024-10-06 19:54:40  DevID:MV-CS016-10UC(DA0498828)  Source-Line:libMvUsb3vTL.so(DriverLayer.cpp-L0785)     Description:timesOut, num_iso_packets: ff     Solution:
Error   2024-10-06 19:54:41  DevID:MV-CS016-10UC(DA0498828)  Source-Line:libMvUsb3vTL.so(DriverLayer.cpp-L0785)     Description:timesOut, num_iso_packets: ff     Solution:
Error   2024-10-06 19:54:42  DevID:MV-CS016-10UC(DA0498828)  Source-Line:libMvUsb3vTL.so(DriverLayer.cpp-L0785)     Description:timesOut, num_iso_packets: ff     Solution:
Error   2024-10-06 19:54:43  DevID:MV-CS016-10UC(DA0498828)  Source-Line:libMvUsb3vTL.so(DriverLayer.cpp-L0785)     Description:timesOut, num_iso_packets: ff     Solution:
Error   2024-10-06 19:54:44  DevID:MV-CS016-10UC(DA0498828)  Source-Line:libMvUsb3vTL.so(DriverLayer.cpp-L0785)     Description:timesOut, num_iso_packets: ff     Solution:
Error   2024-10-06 19:54:45  DevID:MV-CS016-10UC(DA0498828)  Source-Line:libMvUsb3vTL.so(DriverLayer.cpp-L0785)     Description:timesOut, num_iso_packets: ff     Solution:
Error   2024-10-06 19:54:46  DevID:MV-CS016-10UC(DA0498828)  Source-Line:libMvUsb3vTL.so(DriverLayer.cpp-L0785)     Description:timesOut, num_iso_packets: ff     Solution:
Error   2024-10-06 19:54:47  DevID:MV-CS016-10UC(DA0498828)  Source-Line:libMvUsb3vTL.so(DriverLayer.cpp-L0785)     Description:timesOut, num_iso_packets: ff     Solution:
Error   2024-10-06 19:54:48  DevID:MV-CS016-10UC(DA0498828)  Source-Line:libMvUsb3vTL.so(DriverLayer.cpp-L0785)     Description:timesOut, num_iso_packets: ff     Solution:
Error   2024-10-06 19:54:49  DevID:MV-CS016-10UC(DA0498828)  Source-Line:libMvUsb3vTL.so(DriverLayer.cpp-L0785)     Description:timesOut, num_iso_packets: ff     Solution:
Error   2024-10-06 19:54:50  DevID:MV-CS016-10UC(DA0498828)  Source-Line:libMvUsb3vTL.so(DriverLayer.cpp-L0785)     Description:timesOut, num_iso_packets: ff     Solution:
Error   2024-10-06 19:54:51  DevID:MV-CS016-10UC(DA0498828)  Source-Line:libMvUsb3vTL.so(DriverLayer.cpp-L0785)     Description:timesOut, num_iso_packets: ff     Solution:
Error   2024-10-06 19:54:52  DevID:MV-CS016-10UC(DA0498828)  Source-Line:libMvUsb3vTL.so(DriverLayer.cpp-L0785)     Description:timesOut, num_iso_packets: ff     Solution:
Error   2024-10-06 19:54:53  DevID:MV-CS016-10UC(DA0498828)  Source-Line:libMvUsb3vTL.so(DriverLayer.cpp-L0785)     Description:timesOut, num_iso_packets: ff     Solution:
Error   2024-10-06 19:54:54  DevID:MV-CS016-10UC(DA0498828)  Source-Line:libMvUsb3vTL.so(DriverLayer.cpp-L0785)     Description:timesOut, num_iso_packets: ff     Solution:
Error   2024-10-06 19:54:55  DevID:MV-CS016-10UC(DA0498828)  Source-Line:libMvUsb3vTL.so(DriverLayer.cpp-L0785)     Description:timesOut, num_iso_packets: ff     Solution:
Error   2024-10-06 19:54:56  DevID:MV-CS016-10UC(DA0498828)  Source-Line:libMvUsb3vTL.so(DriverLayer.cpp-L0785)     Description:timesOut, num_iso_packets: ff     Solution:
Error   2024-10-06 19:54:57  DevID:MV-CS016-10UC(DA0498828)  Source-Line:libMvUsb3vTL.so(DriverLayer.cpp-L0785)     Description:timesOut, num_iso_packets: ff     Solution:
Error   2024-10-06 19:54:58  DevID:MV-CS016-10UC(DA0498828)  Source-Line:libMvUsb3vTL.so(DriverLayer.cpp-L0785)     Description:timesOut, num_iso_packets: ff     Solution:
Error   2024-10-06 19:54:59  DevID:MV-CS016-10UC(DA0498828)  Source-Line:libMvUsb3vTL.so(DriverLayer.cpp-L0785)     Description:timesOut, num_iso_packets: ff     Solution:
Error   2024-10-06 19:55:00  DevID:MV-CS016-10UC(DA0498828)  Source-Line:libMvUsb3vTL.so(DriverLayer.cpp-L0785)     Description:timesOut, num_iso_packets: ff     Solution:
Error   2024-10-06 19:55:01  DevID:MV-CS016-10UC(DA0498828)  Source-Line:libMvUsb3vTL.so(DriverLayer.cpp-L0785)     Description:timesOut, num_iso_packets: ff     Solution:
Error   2024-10-06 19:55:02  DevID:MV-CS016-10UC(DA0498828)  Source-Line:libMvUsb3vTL.so(DriverLayer.cpp-L0785)     Description:timesOut, num_iso_packets: ff     Solution:
Error   2024-10-06 19:55:03  DevID:MV-CS016-10UC(DA0498828)  Source-Line:libMvUsb3vTL.so(DriverLayer.cpp-L0785)     Description:timesOut, num_iso_packets: ff     Solution:
Error   2024-10-06 19:55:04  DevID:MV-CS016-10UC(DA0498828)  Source-Line:libMvUsb3vTL.so(DriverLayer.cpp-L0785)     Description:timesOut, num_iso_packets: ff     Solution:
Error   2024-10-06 19:55:05  DevID:MV-CS016-10UC(DA0498828)  Source-Line:libMvUsb3vTL.so(DriverLayer.cpp-L0785)     Description:timesOut, num_iso_packets: ff     Solution:
Error   2024-10-06 19:55:06  DevID:MV-CS016-10UC(DA0498828)  Source-Line:libMvUsb3vTL.so(DriverLayer.cpp-L0785)     Description:timesOut, num_iso_packets: ff     Solution:
Error   2024-10-06 19:55:07  DevID:MV-CS016-10UC(DA0498828)  Source-Line:libMvUsb3vTL.so(DriverLayer.cpp-L0785)     Description:timesOut, num_iso_packets: ff     Solution:
Error   2024-10-06 19:55:08  DevID:MV-CS016-10UC(DA0498828)  Source-Line:libMvUsb3vTL.so(DriverLayer.cpp-L0785)     Description:timesOut, num_iso_packets: ff     Solution:
Error   2024-10-06 19:55:09  DevID:MV-CS016-10UC(DA0498828)  Source-Line:libMvUsb3vTL.so(DriverLayer.cpp-L0785)     Description:timesOut, num_iso_packets: ff     Solution:
Error   2024-10-06 19:55:10  DevID:MV-CS016-10UC(DA0498828)  Source-Line:libMvUsb3vTL.so(DriverLayer.cpp-L0785)     Description:timesOut, num_iso_packets: ff     Solution:
Error   2024-10-06 19:55:11  DevID:MV-CS016-10UC(DA0498828)  Source-Line:libMvUsb3vTL.so(DriverLayer.cpp-L0785)     Description:timesOut, num_iso_packets: ff     Solution:
Error   2024-10-06 19:55:12  DevID:MV-CS016-10UC(DA0498828)  Source-Line:libMvUsb3vTL.so(DriverLayer.cpp-L0785)     Description:timesOut, num_iso_packets: ff     Solution:
Error   2024-10-06 19:55:13  DevID:MV-CS016-10UC(DA0498828)  Source-Line:libMvUsb3vTL.so(DriverLayer.cpp-L0785)     Description:timesOut, num_iso_packets: ff     Solution:
Error   2024-10-06 19:55:14  DevID:MV-CS016-10UC(DA0498828)  Source-Line:libMvUsb3vTL.so(DriverLayer.cpp-L0785)     Description:timesOut, num_iso_packets: ff     Solution:
Error   2024-10-06 19:55:15  DevID:MV-CS016-10UC(DA0498828)  Source-Line:libMvUsb3vTL.so(DriverLayer.cpp-L0785)     Description:timesOut, num_iso_packets: ff     Solution:
Error   2024-10-06 19:55:16  DevID:MV-CS016-10UC(DA0498828)  Source-Line:libMvUsb3vTL.so(DriverLayer.cpp-L0785)     Description:timesOut, num_iso_packets: ff     Solution:
Error   2024-10-06 19:55:17  DevID:MV-CS016-10UC(DA0498828)  Source-Line:libMvUsb3vTL.so(DriverLayer.cpp-L0785)     Description:timesOut, num_iso_packets: ff     Solution:
Error   2024-10-06 19:55:18  DevID:MV-CS016-10UC(DA0498828)  Source-Line:libMvUsb3vTL.so(DriverLayer.cpp-L0785)     Description:timesOut, num_iso_packets: ff     Solution:
Error   2024-10-06 19:55:19  DevID:MV-CS016-10UC(DA0498828)  Source-Line:libMvUsb3vTL.so(DriverLayer.cpp-L0785)     Description:timesOut, num_iso_packets: ff     Solution:
Error   2024-10-06 19:55:20  DevID:MV-CS016-10UC(DA0498828)  Source-Line:libMvUsb3vTL.so(DriverLayer.cpp-L0785)     Description:timesOut, num_iso_packets: ff     Solution:
Error   2024-10-06 19:55:21  DevID:MV-CS016-10UC(DA0498828)  Source-Line:libMvUsb3vTL.so(DriverLayer.cpp-L0785)     Description:timesOut, num_iso_packets: ff     Solution:
Error   2024-10-06 19:55:22  DevID:MV-CS016-10UC(DA0498828)  Source-Line:libMvUsb3vTL.so(DriverLayer.cpp-L0785)     Description:timesOut, num_iso_packets: ff     Solution:
Error   2024-10-06 19:55:23  DevID:MV-CS016-10UC(DA0498828)  Source-Line:libMvUsb3vTL.so(DriverLayer.cpp-L0785)     Description:timesOut, num_iso_packets: ff     Solution:
Error   2024-10-06 19:55:24  DevID:MV-CS016-10UC(DA0498828)  Source-Line:libMvUsb3vTL.so(DriverLayer.cpp-L0785)     Description:timesOut, num_iso_packets: ff     Solution:
Error   2024-10-06 19:55:25  DevID:MV-CS016-10UC(DA0498828)  Source-Line:libMvUsb3vTL.so(DriverLayer.cpp-L0785)     Description:timesOut, num_iso_packets: ff     Solution:
Error   2024-10-06 19:55:26  DevID:MV-CS016-10UC(DA0498828)  Source-Line:libMvUsb3vTL.so(DriverLayer.cpp-L0785)     Description:timesOut, num_iso_packets: ff     Solution:
Error   2024-10-06 19:55:27  DevID:MV-CS016-10UC(DA0498828)  Source-Line:libMvUsb3vTL.so(DriverLayer.cpp-L0785)     Description:timesOut, num_iso_packets: ff     Solution:
Error   2024-10-06 19:55:28  DevID:MV-CS016-10UC(DA0498828)  Source-Line:libMvUsb3vTL.so(DriverLayer.cpp-L0785)     Description:timesOut, num_iso_packets: ff     Solution:
Error   2024-10-06 19:55:29  DevID:MV-CS016-10UC(DA0498828)  Source-Line:libMvUsb3vTL.so(DriverLayer.cpp-L0785)     Description:timesOut, num_iso_packets: ff     Solution:
Error   2024-10-06 19:55:30  DevID:MV-CS016-10UC(DA0498828)  Source-Line:libMvUsb3vTL.so(DriverLayer.cpp-L0785)     Description:timesOut, num_iso_packets: ff     Solution:
Error   2024-10-06 19:55:31  DevID:MV-CS016-10UC(DA0498828)  Source-Line:libMvUsb3vTL.so(DriverLayer.cpp-L0785)     Description:timesOut, num_iso_packets: ff     Solution:
Error   2024-10-06 19:55:32  DevID:MV-CS016-10UC(DA0498828)  Source-Line:libMvUsb3vTL.so(DriverLayer.cpp-L0785)     Description:timesOut, num_iso_packets: ff     Solution:
Error   2024-10-06 19:55:33  DevID:MV-CS016-10UC(DA0498828)  Source-Line:libMvUsb3vTL.so(DriverLayer.cpp-L0785)     Description:timesOut, num_iso_packets: ff     Solution:
Error   2024-10-06 19:55:34  DevID:MV-CS016-10UC(DA0498828)  Source-Line:libMvUsb3vTL.so(DriverLayer.cpp-L0785)     Description:timesOut, num_iso_packets: ff     Solution:
Error   2024-10-06 19:55:35  DevID:MV-CS016-10UC(DA0498828)  Source-Line:libMvUsb3vTL.so(DriverLayer.cpp-L0785)     Description:timesOut, num_iso_packets: ff     Solution:
Error   2024-10-06 19:55:36  DevID:MV-CS016-10UC(DA0498828)  Source-Line:libMvUsb3vTL.so(DriverLayer.cpp-L0785)     Description:timesOut, num_iso_packets: ff     Solution:
Error   2024-10-06 19:55:37  DevID:MV-CS016-10UC(DA0498828)  Source-Line:libMvUsb3vTL.so(DriverLayer.cpp-L0785)     Description:timesOut, num_iso_packets: ff     Solution:
Error   2024-10-06 19:55:38  DevID:MV-CS016-10UC(DA0498828)  Source-Line:libMvUsb3vTL.so(DriverLayer.cpp-L0785)     Description:timesOut, num_iso_packets: ff     Solution:
Error   2024-10-06 19:55:39  DevID:MV-CS016-10UC(DA0498828)  Source-Line:libMvUsb3vTL.so(DriverLayer.cpp-L0785)     Description:timesOut, num_iso_packets: ff     Solution:
Error   2024-10-06 19:55:40  DevID:MV-CS016-10UC(DA0498828)  Source-Line:libMvUsb3vTL.so(DriverLayer.cpp-L0785)     Description:timesOut, num_iso_packets: ff     Solution:
Error   2024-10-06 19:55:41  DevID:MV-CS016-10UC(DA0498828)  Source-Line:libMvUsb3vTL.so(DriverLayer.cpp-L0785)     Description:timesOut, num_iso_packets: ff     Solution:
Error   2024-10-06 19:55:42  DevID:MV-CS016-10UC(DA0498828)  Source-Line:libMvUsb3vTL.so(DriverLayer.cpp-L0785)     Description:timesOut, num_iso_packets: ff     Solution:
Error   2024-10-06 19:55:43  DevID:MV-CS016-10UC(DA0498828)  Source-Line:libMvUsb3vTL.so(DriverLayer.cpp-L0785)     Description:timesOut, num_iso_packets: ff     Solution:
Error   2024-10-06 19:55:44  DevID:MV-CS016-10UC(DA0498828)  Source-Line:libMvUsb3vTL.so(DriverLayer.cpp-L0785)     Description:timesOut, num_iso_packets: ff     Solution:
Error   2024-10-06 19:55:45  DevID:MV-CS016-10UC(DA0498828)  Source-Line:libMvUsb3vTL.so(DriverLayer.cpp-L0785)     Description:timesOut, num_iso_packets: ff     Solution:
Error   2024-10-06 19:55:46  DevID:MV-CS016-10UC(DA0498828)  Source-Line:libMvUsb3vTL.so(DriverLayer.cpp-L0785)     Description:timesOut, num_iso_packets: ff     Solution:
Error   2024-10-06 19:55:47  DevID:MV-CS016-10UC(DA0498828)  Source-Line:libMvUsb3vTL.so(DriverLayer.cpp-L0785)     Description:timesOut, num_iso_packets: ff     Solution:
Error   2024-10-06 19:55:48  DevID:MV-CS016-10UC(DA0498828)  Source-Line:libMvUsb3vTL.so(DriverLayer.cpp-L0785)     Description:timesOut, num_iso_packets: ff     Solution:
Error   2024-10-06 19:55:49  DevID:MV-CS016-10UC(DA0498828)  Source-Line:libMvUsb3vTL.so(DriverLayer.cpp-L0785)     Description:timesOut, num_iso_packets: ff     Solution:
Error   2024-10-06 19:55:50  DevID:MV-CS016-10UC(DA0498828)  Source-Line:libMvUsb3vTL.so(DriverLayer.cpp-L0785)     Description:timesOut, num_iso_packets: ff     Solution:
Error   2024-10-06 19:55:51  DevID:MV-CS016-10UC(DA0498828)  Source-Line:libMvUsb3vTL.so(DriverLayer.cpp-L0785)     Description:timesOut, num_iso_packets: ff     Solution:
Error   2024-10-06 19:55:52  DevID:MV-CS016-10UC(DA0498828)  Source-Line:libMvUsb3vTL.so(DriverLayer.cpp-L0785)     Description:timesOut, num_iso_packets: ff     Solution:
Error   2024-10-06 19:55:53  DevID:MV-CS016-10UC(DA0498828)  Source-Line:libMvUsb3vTL.so(DriverLayer.cpp-L0785)     Description:timesOut, num_iso_packets: ff     Solution:
Error   2024-10-06 19:55:54  DevID:MV-CS016-10UC(DA0498828)  Source-Line:libMvUsb3vTL.so(DriverLayer.cpp-L0785)     Description:timesOut, num_iso_packets: ff     Solution:
Error   2024-10-06 19:55:55  DevID:MV-CS016-10UC(DA0498828)  Source-Line:libMvUsb3vTL.so(DriverLayer.cpp-L0785)     Description:timesOut, num_iso_packets: ff     Solution:
Error   2024-10-06 19:55:56  DevID:MV-CS016-10UC(DA0498828)  Source-Line:libMvUsb3vTL.so(DriverLayer.cpp-L0785)     Description:timesOut, num_iso_packets: ff     Solution:
Error   2024-10-06 19:55:57  DevID:MV-CS016-10UC(DA0498828)  Source-Line:libMvUsb3vTL.so(DriverLayer.cpp-L0785)     Description:timesOut, num_iso_packets: ff     Solution:
Error   2024-10-06 19:55:58  DevID:MV-CS016-10UC(DA0498828)  Source-Line:libMvUsb3vTL.so(DriverLayer.cpp-L0785)     Description:timesOut, num_iso_packets: ff     Solution:
Error   2024-10-06 19:55:59  DevID:MV-CS016-10UC(DA0498828)  Source-Line:libMvUsb3vTL.so(DriverLayer.cpp-L0785)     Description:timesOut, num_iso_packets: ff     Solution:
Error   2024-10-06 19:56:00  DevID:MV-CS016-10UC(DA0498828)  Source-Line:libMvUsb3vTL.so(DriverLayer.cpp-L0785)     Description:timesOut, num_iso_packets: ff     Solution:
Error   2024-10-06 19:56:01  DevID:MV-CS016-10UC(DA0498828)  Source-Line:libMvUsb3vTL.so(DriverLayer.cpp-L0785)     Description:timesOut, num_iso_packets: ff     Solution:
Error   2024-10-06 19:56:02  DevID:MV-CS016-10UC(DA0498828)  Source-Line:libMvUsb3vTL.so(DriverLayer.cpp-L0785)     Description:timesOut, num_iso_packets: ff     Solution:
Error   2024-10-06 19:56:03  DevID:MV-CS016-10UC(DA0498828)  Source-Line:libMvUsb3vTL.so(DriverLayer.cpp-L0785)     Description:timesOut, num_iso_packets: ff     Solution:
Error   2024-10-06 19:56:04  DevID:MV-CS016-10UC(DA0498828)  Source-Line:libMvUsb3vTL.so(DriverLayer.cpp-L0785)     Description:timesOut, num_iso_packets: ff     Solution:
Error   2024-10-06 19:56:05  DevID:MV-CS016-10UC(DA0498828)  Source-Line:libMvUsb3vTL.so(DriverLayer.cpp-L0785)     Description:timesOut, num_iso_packets: ff     Solution:
Error   2024-10-06 19:56:06  DevID:MV-CS016-10UC(DA0498828)  Source-Line:libMvUsb3vTL.so(DriverLayer.cpp-L0785)     Description:timesOut, num_iso_packets: ff     Solution:
Error   2024-10-06 19:56:07  DevID:MV-CS016-10UC(DA0498828)  Source-Line:libMvUsb3vTL.so(DriverLayer.cpp-L0785)     Description:timesOut, num_iso_packets: ff     Solution:
Error   2024-10-06 19:56:08  DevID:MV-CS016-10UC(DA0498828)  Source-Line:libMvUsb3vTL.so(DriverLayer.cpp-L0785)     Description:timesOut, num_iso_packets: ff     Solution:
Error   2024-10-06 19:56:09  DevID:MV-CS016-10UC(DA0498828)  Source-Line:libMvUsb3vTL.so(DriverLayer.cpp-L0785)     Description:timesOut, num_iso_packets: ff     Solution:
Error   2024-10-06 19:56:10  DevID:MV-CS016-10UC(DA0498828)  Source-Line:libMvUsb3vTL.so(DriverLayer.cpp-L0785)     Description:timesOut, num_iso_packets: ff     Solution:
Error   2024-10-06 19:56:11  DevID:MV-CS016-10UC(DA0498828)  Source-Line:libMvUsb3vTL.so(DriverLayer.cpp-L0785)     Description:timesOut, num_iso_packets: ff     Solution:
Error   2024-10-06 19:56:12  DevID:MV-CS016-10UC(DA0498828)  Source-Line:libMvUsb3vTL.so(DriverLayer.cpp-L0785)     Description:timesOut, num_iso_packets: ff     Solution:
Error   2024-10-06 19:56:13  DevID:MV-CS016-10UC(DA0498828)  Source-Line:libMvUsb3vTL.so(DriverLayer.cpp-L0785)     Description:timesOut, num_iso_packets: ff     Solution:
Error   2024-10-06 19:56:14  DevID:MV-CS016-10UC(DA0498828)  Source-Line:libMvUsb3vTL.so(DriverLayer.cpp-L0785)     Description:timesOut, num_iso_packets: ff     Solution:
Error   2024-10-06 19:56:15  DevID:MV-CS016-10UC(DA0498828)  Source-Line:libMvUsb3vTL.so(DriverLayer.cpp-L0785)     Description:timesOut, num_iso_packets: ff     Solution:
Error   2024-10-06 19:56:16  DevID:MV-CS016-10UC(DA0498828)  Source-Line:libMvUsb3vTL.so(DriverLayer.cpp-L0785)     Description:timesOut, num_iso_packets: ff     Solution:
Error   2024-10-06 19:56:17  DevID:MV-CS016-10UC(DA0498828)  Source-Line:libMvUsb3vTL.so(DriverLayer.cpp-L0785)     Description:timesOut, num_iso_packets: ff     Solution:
Error   2024-10-06 19:56:18  DevID:MV-CS016-10UC(DA0498828)  Source-Line:libMvUsb3vTL.so(DriverLayer.cpp-L0785)     Description:timesOut, num_iso_packets: ff     Solution:
Error   2024-10-06 19:56:19  DevID:MV-CS016-10UC(DA0498828)  Source-Line:libMvUsb3vTL.so(DriverLayer.cpp-L0785)     Description:timesOut, num_iso_packets: ff     Solution:
Error   2024-10-06 19:56:20  DevID:MV-CS016-10UC(DA0498828)  Source-Line:libMvUsb3vTL.so(DriverLayer.cpp-L0785)     Description:timesOut, num_iso_packets: ff     Solution:
Error   2024-10-06 19:56:21  DevID:MV-CS016-10UC(DA0498828)  Source-Line:libMvUsb3vTL.so(DriverLayer.cpp-L0785)     Description:timesOut, num_iso_packets: ff     Solution:
Error   2024-10-06 19:56:22  DevID:MV-CS016-10UC(DA0498828)  Source-Line:libMvUsb3vTL.so(DriverLayer.cpp-L0785)     Description:timesOut, num_iso_packets: ff     Solution:
Error   2024-10-06 19:56:23  DevID:MV-CS016-10UC(DA0498828)  Source-Line:libMvUsb3vTL.so(DriverLayer.cpp-L0785)     Description:timesOut, num_iso_packets: ff     Solution:
Error   2024-10-06 19:56:24  DevID:MV-CS016-10UC(DA0498828)  Source-Line:libMvUsb3vTL.so(DriverLayer.cpp-L0785)     Description:timesOut, num_iso_packets: ff     Solution:
Error   2024-10-06 19:56:25  DevID:MV-CS016-10UC(DA0498828)  Source-Line:libMvUsb3vTL.so(DriverLayer.cpp-L0785)     Description:timesOut, num_iso_packets: ff     Solution:
Error   2024-10-06 19:56:26  DevID:MV-CS016-10UC(DA0498828)  Source-Line:libMvUsb3vTL.so(DriverLayer.cpp-L0785)     Description:timesOut, num_iso_packets: ff     Solution:
Error   2024-10-06 19:56:27  DevID:MV-CS016-10UC(DA0498828)  Source-Line:libMvUsb3vTL.so(DriverLayer.cpp-L0785)     Description:timesOut, num_iso_packets: ff     Solution:
Error   2024-10-06 19:56:28  DevID:MV-CS016-10UC(DA0498828)  Source-Line:libMvUsb3vTL.so(DriverLayer.cpp-L0785)     Description:timesOut, num_iso_packets: ff     Solution:
Error   2024-10-06 19:56:29  DevID:MV-CS016-10UC(DA0498828)  Source-Line:libMvUsb3vTL.so(DriverLayer.cpp-L0785)     Description:timesOut, num_iso_packets: ff     Solution:
Error   2024-10-06 19:56:28  DevID:MV-CS016-10UC(DA0498828)  Source-Line:libMvUsb3vTL.so(DriverLayer.cpp-L0785)     Description:timesOut, num_iso_packets: ff     Solution:
Error   2024-10-06 19:56:28  DevID:MV-CS016-10UC(DA0498828)  Source-Line:libMvUsb3vTL.so(DriverLayer.cpp-L0742)     Description:timesOut, num_iso_packets: 0     Solution:
Error   2024-10-06 19:56:29  DevID:MV-CS016-10UC(DA0498828)  Source-Line:libMvUsb3vTL.so(DriverLayer.cpp-L0785)     Description:timesOut, num_iso_packets: ff     Solution:
Error   2024-10-06 19:56:30  DevID:MV-CS016-10UC(DA0498828)  Source-Line:libMvUsb3vTL.so(DriverLayer.cpp-L0785)     Description:timesOut, num_iso_packets: ff     Solution:
Error   2024-10-06 19:56:31  DevID:MV-CS016-10UC(DA0498828)  Source-Line:libMvUsb3vTL.so(DriverLayer.cpp-L0785)     Description:timesOut, num_iso_packets: ff     Solution:
Error   2024-10-06 19:56:32  DevID:MV-CS016-10UC(DA0498828)  Source-Line:libMvUsb3vTL.so(DriverLayer.cpp-L0785)     Description:timesOut, num_iso_packets: ff     Solution:
Error   2024-10-06 19:56:33  DevID:MV-CS016-10UC(DA0498828)  Source-Line:libMvUsb3vTL.so(DriverLayer.cpp-L0785)     Description:timesOut, num_iso_packets: ff     Solution:
Error   2024-10-06 19:56:34  DevID:MV-CS016-10UC(DA0498828)  Source-Line:libMvUsb3vTL.so(DriverLayer.cpp-L0785)     Description:timesOut, num_iso_packets: ff     Solution:
Error   2024-10-06 19:56:35  DevID:MV-CS016-10UC(DA0498828)  Source-Line:libMvUsb3vTL.so(DriverLayer.cpp-L0785)     Description:timesOut, num_iso_packets: ff     Solution:
Error   2024-10-06 19:56:36  DevID:MV-CS016-10UC(DA0498828)  Source-Line:libMvUsb3vTL.so(DriverLayer.cpp-L0785)     Description:timesOut, num_iso_packets: ff     Solution:
Error   2024-10-06 19:56:37  DevID:MV-CS016-10UC(DA0498828)  Source-Line:libMvUsb3vTL.so(StreamProcess.cpp-L1065)     Description:[ReadAsync] error code is:[1],i = [2], errno[11], Halt Total Count[1]     Solution:
Error   2024-10-06 19:56:37  DevID:MV-CS016-10UC(DA0498828)  Source-Line:libMvUsb3vTL.so(EventProcess.cpp-L0327)     Description:[Event]Parse Packet failed, Ret[0x80000004]     Solution:
Error   2024-10-06 19:56:37  DevID:MV-CS016-10UC(DA0498828)  Source-Line:libMvUsb3vTL.so(DriverLayer.cpp-L0660)     Description:[usb_control_msg] errcode[-4]     Solution:
Error   2024-10-06 19:56:37  DevID:MV-CS016-10UC(DA0498828)  Source-Line:libMvUsb3vTL.so(EventProcess.cpp-L0334)     Description:[Event]Submit Async failed, Ret[0x80000006]     Solution:
Info    2024-10-06 19:56:37  DevID:MV-CS016-10UC(DA0498828)  Source-Line:libMvUsb3vTL.so(EventProcess.cpp-L0282)     Description:U3V EventRecvThread End     Solution:
Error   2024-10-06 19:56:37  DevID:MV-CS016-10UC(DA0498828)  Source-Line:libMvUsb3vTL.so(DriverLayer.cpp-L0551)     Description:[libusb_clear_halt] errcode[-4], LIBUSB_ERROR_NO_DEVICE     Solution:
Error   2024-10-06 19:56:37  DevID:MV-CS016-10UC(DA0498828)  Source-Line:libMvUsb3vTL.so(DriverLayer.cpp-L0635)     Description:[usb_bulk_write] errcode[-4], LIBUSB_ERROR_NO_DEVICE     Solution:
Error   2024-10-06 19:56:37  DevID:MV-CS016-10UC(DA0498828)  Source-Line:libMvUsb3vTL.so(DeviceControl.cpp-L0571)     Description:[WriteMemUnit]: nLen[-4] != nSendLen[24]     Solution:
Error   2024-10-06 19:56:37  DevID:MV-CS016-10UC(DA0498828)  Source-Line:libMvUsb3vTL.so(DriverLayer.cpp-L0635)     Description:[usb_bulk_write] errcode[-4], LIBUSB_ERROR_NO_DEVICE     Solution:
Error   2024-10-06 19:56:37  DevID:MV-CS016-10UC(DA0498828)  Source-Line:libMvUsb3vTL.so(DeviceControl.cpp-L0571)     Description:[WriteMemUnit]: nLen[-4] != nSendLen[24]     Solution:
Error   2024-10-06 19:56:37  DevID:MV-CS016-10UC(DA0498828)  Source-Line:libMvUsb3vTL.so(DeviceControl.cpp-L1185)     Description:Set SI 1 fail, error code:[0x80000301]     Solution:
Error   2024-10-06 19:56:37  DevID:MV-CS016-10UC(DA0498828)  Source-Line:libMvUsb3vTL.so(DriverLayer.cpp-L0660)     Description:[usb_control_msg] errcode[-4]     Solution:
Error   2024-10-06 19:56:37  DevID:MV-CS016-10UC(DA0498828)  Source-Line:libMvUsb3vTL.so(DriverLayer.cpp-L0551)     Description:[libusb_clear_halt] errcode[-4], LIBUSB_ERROR_NO_DEVICE     Solution:
Error   2024-10-06 19:56:37  DevID:MV-CS016-10UC(DA0498828)  Source-Line:libMvUsb3vTL.so(DriverLayer.cpp-L0635)     Description:[usb_bulk_write] errcode[-4], LIBUSB_ERROR_NO_DEVICE     Solution:
Error   2024-10-06 19:56:37  DevID:MV-CS016-10UC(DA0498828)  Source-Line:libMvUsb3vTL.so(DeviceControl.cpp-L0571)     Description:[WriteMemUnit]: nLen[-4] != nSendLen[24]     Solution:
Error   2024-10-06 19:56:37  DevID:MV-CS016-10UC(DA0498828)  Source-Line:libMvUsb3vTL.so(DriverLayer.cpp-L0635)     Description:[usb_bulk_write] errcode[-4], LIBUSB_ERROR_NO_DEVICE     Solution:
Error   2024-10-06 19:56:37  DevID:MV-CS016-10UC(DA0498828)  Source-Line:libMvUsb3vTL.so(DeviceControl.cpp-L0571)     Description:[WriteMemUnit]: nLen[-4] != nSendLen[24]     Solution:
Error   2024-10-06 19:56:37  DevID:MV-CS016-10UC(DA0498828)  Source-Line:libMvUsb3vTL.so(DeviceControl.cpp-L1185)     Description:Set SI 1 fail, error code:[0x80000301]     Solution:
Error   2024-10-06 19:56:37  DevID:MV-CS016-10UC(DA0498828)  Source-Line:libMvUsb3vTL.so(DriverLayer.cpp-L0660)     Description:[usb_control_msg] errcode[-4]     Solution:
Error   2024-10-06 19:56:37  DevID:MV-CS016-10UC(DA0498828)  Source-Line:libMvUsb3vTL.so(DriverLayer.cpp-L0551)     Description:[libusb_clear_halt] errcode[-4], LIBUSB_ERROR_NO_DEVICE     Solution:
Error   2024-10-06 19:56:37  DevID:MV-CS016-10UC(DA0498828)  Source-Line:libMvUsb3vTL.so(DriverLayer.cpp-L0635)     Description:[usb_bulk_write] errcode[-4], LIBUSB_ERROR_NO_DEVICE     Solution:
Error   2024-10-06 19:56:37  DevID:MV-CS016-10UC(DA0498828)  Source-Line:libMvUsb3vTL.so(DeviceControl.cpp-L0571)     Description:[WriteMemUnit]: nLen[-4] != nSendLen[24]     Solution:
Error   2024-10-06 19:56:37  DevID:MV-CS016-10UC(DA0498828)  Source-Line:libMvUsb3vTL.so(DriverLayer.cpp-L0635)     Description:[usb_bulk_write] errcode[-4], LIBUSB_ERROR_NO_DEVICE     Solution:
Error   2024-10-06 19:56:37  DevID:MV-CS016-10UC(DA0498828)  Source-Line:libMvUsb3vTL.so(DeviceControl.cpp-L0571)     Description:[WriteMemUnit]: nLen[-4] != nSendLen[24]     Solution:
Error   2024-10-06 19:56:37  DevID:MV-CS016-10UC(DA0498828)  Source-Line:libMvUsb3vTL.so(DeviceControl.cpp-L1185)     Description:Set SI 1 fail, error code:[0x80000301]     Solution:
Error   2024-10-06 19:56:37  DevID:MV-CS016-10UC(DA0498828)  Source-Line:libMvUsb3vTL.so(DriverLayer.cpp-L0660)     Description:[usb_control_msg] errcode[-4]     Solution:
Error   2024-10-06 19:56:37  DevID:MV-CS016-10UC(DA0498828)  Source-Line:libMvUsb3vTL.so(DriverLayer.cpp-L0551)     Description:[libusb_clear_halt] errcode[-4], LIBUSB_ERROR_NO_DEVICE     Solution:
Error   2024-10-06 19:56:37  DevID:MV-CS016-10UC(DA0498828)  Source-Line:libMvUsb3vTL.so(DriverLayer.cpp-L0635)     Description:[usb_bulk_write] errcode[-4], LIBUSB_ERROR_NO_DEVICE     Solution:
Error   2024-10-06 19:56:37  DevID:MV-CS016-10UC(DA0498828)  Source-Line:libMvUsb3vTL.so(DeviceControl.cpp-L0571)     Description:[WriteMemUnit]: nLen[-4] != nSendLen[24]     Solution:
Error   2024-10-06 19:56:37  DevID:MV-CS016-10UC(DA0498828)  Source-Line:libMvUsb3vTL.so(DriverLayer.cpp-L0635)     Description:[usb_bulk_write] errcode[-4], LIBUSB_ERROR_NO_DEVICE     Solution:
Error   2024-10-06 19:56:37  DevID:MV-CS016-10UC(DA0498828)  Source-Line:libMvUsb3vTL.so(DeviceControl.cpp-L0571)     Description:[WriteMemUnit]: nLen[-4] != nSendLen[24]     Solution:
Error   2024-10-06 19:56:37  DevID:MV-CS016-10UC(DA0498828)  Source-Line:libMvUsb3vTL.so(DeviceControl.cpp-L1185)     Description:Set SI 1 fail, error code:[0x80000301]     Solution:
Error   2024-10-06 19:56:37  DevID:MV-CS016-10UC(DA0498828)  Source-Line:libMvUsb3vTL.so(DriverLayer.cpp-L0660)     Description:[usb_control_msg] errcode[-4]     Solution:
Error   2024-10-06 19:56:37  DevID:MV-CS016-10UC(DA0498828)  Source-Line:libMvUsb3vTL.so(DriverLayer.cpp-L0551)     Description:[libusb_clear_halt] errcode[-4], LIBUSB_ERROR_NO_DEVICE     Solution:
Error   2024-10-06 19:56:37  DevID:MV-CS016-10UC(DA0498828)  Source-Line:libMvUsb3vTL.so(DriverLayer.cpp-L0635)     Description:[usb_bulk_write] errcode[-4], LIBUSB_ERROR_NO_DEVICE     Solution:
Error   2024-10-06 19:56:37  DevID:MV-CS016-10UC(DA0498828)  Source-Line:libMvUsb3vTL.so(DeviceControl.cpp-L0571)     Description:[WriteMemUnit]: nLen[-4] != nSendLen[24]     Solution:
Error   2024-10-06 19:56:37  DevID:MV-CS016-10UC(DA0498828)  Source-Line:libMvUsb3vTL.so(StreamProcess.cpp-L1643)     Description:faied submit1,times 100, nRet[-4], errno[19]     Solution:
Error   2024-10-06 19:56:37  DevID:MV-CS016-10UC(DA0498828)  Source-Line:libMvUsb3vTL.so(StreamProcess.cpp-L1601)     Description:[SubmitAllReadAsync] error code is:[0x80000006]     Solution:
Error   2024-10-06 19:56:37  DevID:MV-CS016-10UC(DA0498828)  Source-Line:libMvUsb3vTL.so(DriverLayer.cpp-L0635)     Description:[usb_bulk_write] errcode[-4], LIBUSB_ERROR_NO_DEVICE     Solution:
Error   2024-10-06 19:56:37  DevID:MV-CS016-10UC(DA0498828)  Source-Line:libMvUsb3vTL.so(DeviceControl.cpp-L0391)     Description:ReadMemUnit error:Len[-4] != SendLen[28]     Solution:
Error   2024-10-06 19:56:37  DevID:MV-CS016-10UC(DA0498828)  Source-Line:libMvUsb3vTL.so(DriverLayer.cpp-L0635)     Description:[usb_bulk_write] errcode[-4], LIBUSB_ERROR_NO_DEVICE     Solution:
Error   2024-10-06 19:56:37  DevID:MV-CS016-10UC(DA0498828)  Source-Line:libMvUsb3vTL.so(DeviceControl.cpp-L0391)     Description:ReadMemUnit error:Len[-4] != SendLen[28]     Solution:
Error   2024-10-06 19:56:38  DevID:MV-CS016-10UC(DA0498828)  Source-Line:libMvUsb3vTL.so(DriverLayer.cpp-L0742)     Description:timesOut, num_iso_packets: ff     Solution:
Error   2024-10-06 19:56:39  DevID:MV-CS016-10UC(DA0498828)  Source-Line:libMvUsb3vTL.so(DriverLayer.cpp-L0742)     Description:timesOut, num_iso_packets: ff     Solution:
Error   2024-10-06 19:56:40  DevID:MV-CS016-10UC(DA0498828)  Source-Line:libMvUsb3vTL.so(DriverLayer.cpp-L0742)     Description:timesOut, num_iso_packets: ff     Solution:
Error   2024-10-06 19:56:41  DevID:MV-CS016-10UC(DA0498828)  Source-Line:libMvUsb3vTL.so(DriverLayer.cpp-L0742)     Description:timesOut, num_iso_packets: ff     Solution:
Error   2024-10-06 19:56:42  DevID:MV-CS016-10UC(DA0498828)  Source-Line:libMvUsb3vTL.so(DriverLayer.cpp-L0742)     Description:timesOut, num_iso_packets: ff     Solution:
Error   2024-10-06 19:56:43  DevID:MV-CS016-10UC(DA0498828)  Source-Line:libMvUsb3vTL.so(DriverLayer.cpp-L0742)     Description:timesOut, num_iso_packets: ff     Solution:
Error   2024-10-06 19:56:44  DevID:MV-CS016-10UC(DA0498828)  Source-Line:libMvUsb3vTL.so(DriverLayer.cpp-L0742)     Description:timesOut, num_iso_packets: ff     Solution:
Error   2024-10-06 19:56:45  DevID:MV-CS016-10UC(DA0498828)  Source-Line:libMvUsb3vTL.so(DriverLayer.cpp-L0742)     Description:timesOut, num_iso_packets: ff     Solution:
Error   2024-10-06 19:56:46  DevID:MV-CS016-10UC(DA0498828)  Source-Line:libMvUsb3vTL.so(DriverLayer.cpp-L0742)     Description:timesOut, num_iso_packets: ff     Solution:
Error   2024-10-06 19:56:47  DevID:MV-CS016-10UC(DA0498828)  Source-Line:libMvUsb3vTL.so(DriverLayer.cpp-L0742)     Description:timesOut, num_iso_packets: ff     Solution:
Error   2024-10-06 19:56:48  DevID:MV-CS016-10UC(DA0498828)  Source-Line:libMvUsb3vTL.so(DriverLayer.cpp-L0742)     Description:timesOut, num_iso_packets: ff     Solution:
Error   2024-10-06 19:56:49  DevID:MV-CS016-10UC(DA0498828)  Source-Line:libMvUsb3vTL.so(DriverLayer.cpp-L0742)     Description:timesOut, num_iso_packets: ff     Solution:
Error   2024-10-06 19:56:50  DevID:MV-CS016-10UC(DA0498828)  Source-Line:libMvUsb3vTL.so(DriverLayer.cpp-L0742)     Description:timesOut, num_iso_packets: ff     Solution:
Error   2024-10-06 19:56:51  DevID:MV-CS016-10UC(DA0498828)  Source-Line:libMvUsb3vTL.so(DriverLayer.cpp-L0742)     Description:timesOut, num_iso_packets: ff     Solution:
Error   2024-10-06 19:56:52  DevID:MV-CS016-10UC(DA0498828)  Source-Line:libMvUsb3vTL.so(DriverLayer.cpp-L0742)     Description:timesOut, num_iso_packets: ff     Solution:
Error   2024-10-06 19:56:53  DevID:MV-CS016-10UC(DA0498828)  Source-Line:libMvUsb3vTL.so(DriverLayer.cpp-L0742)     Description:timesOut, num_iso_packets: ff     Solution:
Error   2024-10-06 19:56:54  DevID:MV-CS016-10UC(DA0498828)  Source-Line:libMvUsb3vTL.so(DriverLayer.cpp-L0742)     Description:timesOut, num_iso_packets: ff     Solution:
Error   2024-10-06 19:56:55  DevID:MV-CS016-10UC(DA0498828)  Source-Line:libMvUsb3vTL.so(DriverLayer.cpp-L0742)     Description:timesOut, num_iso_packets: ff     Solution:
Error   2024-10-06 19:56:56  DevID:MV-CS016-10UC(DA0498828)  Source-Line:libMvUsb3vTL.so(DriverLayer.cpp-L0742)     Description:timesOut, num_iso_packets: ff     Solution:
Error   2024-10-06 19:56:57  DevID:MV-CS016-10UC(DA0498828)  Source-Line:libMvUsb3vTL.so(DriverLayer.cpp-L0742)     Description:timesOut, num_iso_packets: ff     Solution:
Error   2024-10-06 19:56:58  DevID:MV-CS016-10UC(DA0498828)  Source-Line:libMvUsb3vTL.so(DriverLayer.cpp-L0742)     Description:timesOut, num_iso_packets: ff     Solution:
Error   2024-10-06 19:56:59  DevID:MV-CS016-10UC(DA0498828)  Source-Line:libMvUsb3vTL.so(DriverLayer.cpp-L0742)     Description:timesOut, num_iso_packets: ff     Solution:
Error   2024-10-06 19:57:00  DevID:MV-CS016-10UC(DA0498828)  Source-Line:libMvUsb3vTL.so(DriverLayer.cpp-L0742)     Description:timesOut, num_iso_packets: ff     Solution:
Error   2024-10-06 19:57:01  DevID:MV-CS016-10UC(DA0498828)  Source-Line:libMvUsb3vTL.so(DriverLayer.cpp-L0742)     Description:timesOut, num_iso_packets: ff     Solution:
Error   2024-10-06 19:57:02  DevID:MV-CS016-10UC(DA0498828)  Source-Line:libMvUsb3vTL.so(DriverLayer.cpp-L0742)     Description:timesOut, num_iso_packets: ff     Solution:
Error   2024-10-06 19:57:03  DevID:MV-CS016-10UC(DA0498828)  Source-Line:libMvUsb3vTL.so(DriverLayer.cpp-L0742)     Description:timesOut, num_iso_packets: ff     Solution:
Error   2024-10-06 19:57:04  DevID:MV-CS016-10UC(DA0498828)  Source-Line:libMvUsb3vTL.so(DriverLayer.cpp-L0742)     Description:timesOut, num_iso_packets: ff     Solution:
Error   2024-10-06 19:57:05  DevID:MV-CS016-10UC(DA0498828)  Source-Line:libMvUsb3vTL.so(DriverLayer.cpp-L0742)     Description:timesOut, num_iso_packets: ff     Solution:
Error   2024-10-06 19:57:06  DevID:MV-CS016-10UC(DA0498828)  Source-Line:libMvUsb3vTL.so(DriverLayer.cpp-L0742)     Description:timesOut, num_iso_packets: ff     Solution:
Error   2024-10-06 19:57:07  DevID:MV-CS016-10UC(DA0498828)  Source-Line:libMvUsb3vTL.so(DriverLayer.cpp-L0742)     Description:timesOut, num_iso_packets: ff     Solution:
Error   2024-10-06 19:57:08  DevID:MV-CS016-10UC(DA0498828)  Source-Line:libMvUsb3vTL.so(DriverLayer.cpp-L0742)     Description:timesOut, num_iso_packets: ff     Solution:
Error   2024-10-06 19:57:09  DevID:MV-CS016-10UC(DA0498828)  Source-Line:libMvUsb3vTL.so(DriverLayer.cpp-L0742)     Description:timesOut, num_iso_packets: ff     Solution:
Error   2024-10-06 19:57:10  DevID:MV-CS016-10UC(DA0498828)  Source-Line:libMvUsb3vTL.so(DriverLayer.cpp-L0742)     Description:timesOut, num_iso_packets: ff     Solution:
Error   2024-10-06 19:57:11  DevID:MV-CS016-10UC(DA0498828)  Source-Line:libMvUsb3vTL.so(DriverLayer.cpp-L0742)     Description:timesOut, num_iso_packets: ff     Solution:
Error   2024-10-06 19:57:12  DevID:MV-CS016-10UC(DA0498828)  Source-Line:libMvUsb3vTL.so(DriverLayer.cpp-L0742)     Description:timesOut, num_iso_packets: ff     Solution:
Error   2024-10-06 19:57:13  DevID:MV-CS016-10UC(DA0498828)  Source-Line:libMvUsb3vTL.so(DriverLayer.cpp-L0742)     Description:timesOut, num_iso_packets: ff     Solution:
Error   2024-10-06 19:57:14  DevID:MV-CS016-10UC(DA0498828)  Source-Line:libMvUsb3vTL.so(DriverLayer.cpp-L0742)     Description:timesOut, num_iso_packets: ff     Solution:
Error   2024-10-06 19:57:15  DevID:MV-CS016-10UC(DA0498828)  Source-Line:libMvUsb3vTL.so(DriverLayer.cpp-L0742)     Description:timesOut, num_iso_packets: ff     Solution:
Error   2024-10-06 19:57:16  DevID:MV-CS016-10UC(DA0498828)  Source-Line:libMvUsb3vTL.so(DriverLayer.cpp-L0742)     Description:timesOut, num_iso_packets: ff     Solution:
Error   2024-10-06 19:57:17  DevID:MV-CS016-10UC(DA0498828)  Source-Line:libMvUsb3vTL.so(DriverLayer.cpp-L0742)     Description:timesOut, num_iso_packets: ff     Solution:
Error   2024-10-06 19:57:18  DevID:MV-CS016-10UC(DA0498828)  Source-Line:libMvUsb3vTL.so(DriverLayer.cpp-L0742)     Description:timesOut, num_iso_packets: ff     Solution:
Error   2024-10-06 19:57:19  DevID:MV-CS016-10UC(DA0498828)  Source-Line:libMvUsb3vTL.so(DriverLayer.cpp-L0742)     Description:timesOut, num_iso_packets: ff     Solution:
Error   2024-10-06 19:57:20  DevID:MV-CS016-10UC(DA0498828)  Source-Line:libMvUsb3vTL.so(DriverLayer.cpp-L0742)     Description:timesOut, num_iso_packets: ff     Solution:
Error   2024-10-06 19:57:21  DevID:MV-CS016-10UC(DA0498828)  Source-Line:libMvUsb3vTL.so(DriverLayer.cpp-L0742)     Description:timesOut, num_iso_packets: ff     Solution:
Error   2024-10-06 19:57:22  DevID:MV-CS016-10UC(DA0498828)  Source-Line:libMvUsb3vTL.so(DriverLayer.cpp-L0742)     Description:timesOut, num_iso_packets: ff     Solution:
Error   2024-10-06 19:57:23  DevID:MV-CS016-10UC(DA0498828)  Source-Line:libMvUsb3vTL.so(DriverLayer.cpp-L0742)     Description:timesOut, num_iso_packets: ff     Solution:
Error   2024-10-06 19:57:24  DevID:MV-CS016-10UC(DA0498828)  Source-Line:libMvUsb3vTL.so(DriverLayer.cpp-L0742)     Description:timesOut, num_iso_packets: ff     Solution:
Error   2024-10-06 19:57:25  DevID:MV-CS016-10UC(DA0498828)  Source-Line:libMvUsb3vTL.so(DriverLayer.cpp-L0742)     Description:timesOut, num_iso_packets: ff     Solution:
Error   2024-10-06 19:57:26  DevID:MV-CS016-10UC(DA0498828)  Source-Line:libMvUsb3vTL.so(DriverLayer.cpp-L0742)     Description:timesOut, num_iso_packets: ff     Solution:
Error   2024-10-06 19:57:27  DevID:MV-CS016-10UC(DA0498828)  Source-Line:libMvUsb3vTL.so(DriverLayer.cpp-L0742)     Description:timesOut, num_iso_packets: ff     Solution:
Error   2024-10-06 19:57:28  DevID:MV-CS016-10UC(DA0498828)  Source-Line:libMvUsb3vTL.so(DriverLayer.cpp-L0742)     Description:timesOut, num_iso_packets: ff     Solution:
Error   2024-10-06 19:57:29  DevID:MV-CS016-10UC(DA0498828)  Source-Line:libMvUsb3vTL.so(DriverLayer.cpp-L0742)     Description:timesOut, num_iso_packets: ff     Solution:
Error   2024-10-06 19:57:30  DevID:MV-CS016-10UC(DA0498828)  Source-Line:libMvUsb3vTL.so(DriverLayer.cpp-L0742)     Description:timesOut, num_iso_packets: ff     Solution:
Error   2024-10-06 19:57:31  DevID:MV-CS016-10UC(DA0498828)  Source-Line:libMvUsb3vTL.so(DriverLayer.cpp-L0742)     Description:timesOut, num_iso_packets: ff     Solution:
Error   2024-10-06 19:57:32  DevID:MV-CS016-10UC(DA0498828)  Source-Line:libMvUsb3vTL.so(DriverLayer.cpp-L0742)     Description:timesOut, num_iso_packets: ff     Solution:
Error   2024-10-06 19:57:33  DevID:MV-CS016-10UC(DA0498828)  Source-Line:libMvUsb3vTL.so(DriverLayer.cpp-L0742)     Description:timesOut, num_iso_packets: ff     Solution:
Error   2024-10-06 19:57:34  DevID:MV-CS016-10UC(DA0498828)  Source-Line:libMvUsb3vTL.so(DriverLayer.cpp-L0742)     Description:timesOut, num_iso_packets: ff     Solution:
Error   2024-10-06 19:57:35  DevID:MV-CS016-10UC(DA0498828)  Source-Line:libMvUsb3vTL.so(DriverLayer.cpp-L0742)     Description:timesOut, num_iso_packets: ff     Solution:
Error   2024-10-06 19:57:36  DevID:MV-CS016-10UC(DA0498828)  Source-Line:libMvUsb3vTL.so(DriverLayer.cpp-L0742)     Description:timesOut, num_iso_packets: ff     Solution:
Error   2024-10-06 19:57:37  DevID:MV-CS016-10UC(DA0498828)  Source-Line:libMvUsb3vTL.so(DriverLayer.cpp-L0742)     Description:timesOut, num_iso_packets: ff     Solution:
Error   2024-10-06 19:57:38  DevID:MV-CS016-10UC(DA0498828)  Source-Line:libMvUsb3vTL.so(DriverLayer.cpp-L0742)     Description:timesOut, num_iso_packets: ff     Solution:
Error   2024-10-06 19:57:39  DevID:MV-CS016-10UC(DA0498828)  Source-Line:libMvUsb3vTL.so(DriverLayer.cpp-L0742)     Description:timesOut, num_iso_packets: ff     Solution:
Error   2024-10-06 19:57:40  DevID:MV-CS016-10UC(DA0498828)  Source-Line:libMvUsb3vTL.so(DriverLayer.cpp-L0742)     Description:timesOut, num_iso_packets: ff     Solution:
Error   2024-10-06 19:57:41  DevID:MV-CS016-10UC(DA0498828)  Source-Line:libMvUsb3vTL.so(DriverLayer.cpp-L0742)     Description:timesOut, num_iso_packets: ff     Solution:
Error   2024-10-06 19:57:42  DevID:MV-CS016-10UC(DA0498828)  Source-Line:libMvUsb3vTL.so(DriverLayer.cpp-L0742)     Description:timesOut, num_iso_packets: ff     Solution:
Error   2024-10-06 19:57:44  DevID:MV-CS016-10UC(DA0498828)  Source-Line:libMvUsb3vTL.so(DriverLayer.cpp-L0742)     Description:timesOut, num_iso_packets: ff     Solution:
Error   2024-10-06 19:57:45  DevID:MV-CS016-10UC(DA0498828)  Source-Line:libMvUsb3vTL.so(DriverLayer.cpp-L0742)     Description:timesOut, num_iso_packets: ff     Solution:
Error   2024-10-06 19:57:46  DevID:MV-CS016-10UC(DA0498828)  Source-Line:libMvUsb3vTL.so(DriverLayer.cpp-L0742)     Description:timesOut, num_iso_packets: ff     Solution:
Error   2024-10-06 19:57:47  DevID:MV-CS016-10UC(DA0498828)  Source-Line:libMvUsb3vTL.so(DriverLayer.cpp-L0742)     Description:timesOut, num_iso_packets: ff     Solution:
Error   2024-10-06 19:57:48  DevID:MV-CS016-10UC(DA0498828)  Source-Line:libMvUsb3vTL.so(DriverLayer.cpp-L0742)     Description:timesOut, num_iso_packets: ff     Solution:
Error   2024-10-06 19:57:49  DevID:MV-CS016-10UC(DA0498828)  Source-Line:libMvUsb3vTL.so(DriverLayer.cpp-L0742)     Description:timesOut, num_iso_packets: ff     Solution:
Error   2024-10-06 19:57:50  DevID:MV-CS016-10UC(DA0498828)  Source-Line:libMvUsb3vTL.so(DriverLayer.cpp-L0742)     Description:timesOut, num_iso_packets: ff     Solution:
Error   2024-10-06 19:57:51  DevID:MV-CS016-10UC(DA0498828)  Source-Line:libMvUsb3vTL.so(DriverLayer.cpp-L0742)     Description:timesOut, num_iso_packets: ff     Solution:
Error   2024-10-06 19:57:52  DevID:MV-CS016-10UC(DA0498828)  Source-Line:libMvUsb3vTL.so(DriverLayer.cpp-L0742)     Description:timesOut, num_iso_packets: ff     Solution:
Error   2024-10-06 19:57:53  DevID:MV-CS016-10UC(DA0498828)  Source-Line:libMvUsb3vTL.so(DriverLayer.cpp-L0742)     Description:timesOut, num_iso_packets: ff     Solution:
Error   2024-10-06 19:57:54  DevID:MV-CS016-10UC(DA0498828)  Source-Line:libMvUsb3vTL.so(DriverLayer.cpp-L0742)     Description:timesOut, num_iso_packets: ff     Solution:
Error   2024-10-06 19:57:55  DevID:MV-CS016-10UC(DA0498828)  Source-Line:libMvUsb3vTL.so(DriverLayer.cpp-L0742)     Description:timesOut, num_iso_packets: ff     Solution:
Error   2024-10-06 19:57:56  DevID:MV-CS016-10UC(DA0498828)  Source-Line:libMvUsb3vTL.so(DriverLayer.cpp-L0742)     Description:timesOut, num_iso_packets: ff     Solution:
Error   2024-10-06 19:57:57  DevID:MV-CS016-10UC(DA0498828)  Source-Line:libMvUsb3vTL.so(DriverLayer.cpp-L0742)     Description:timesOut, num_iso_packets: ff     Solution:
Error   2024-10-06 19:57:58  DevID:MV-CS016-10UC(DA0498828)  Source-Line:libMvUsb3vTL.so(DriverLayer.cpp-L0742)     Description:timesOut, num_iso_packets: ff     Solution:
Error   2024-10-06 19:57:59  DevID:MV-CS016-10UC(DA0498828)  Source-Line:libMvUsb3vTL.so(DriverLayer.cpp-L0742)     Description:timesOut, num_iso_packets: ff     Solution:
Error   2024-10-06 19:58:00  DevID:MV-CS016-10UC(DA0498828)  Source-Line:libMvUsb3vTL.so(DriverLayer.cpp-L0742)     Description:timesOut, num_iso_packets: ff     Solution:
Error   2024-10-06 19:58:01  DevID:MV-CS016-10UC(DA0498828)  Source-Line:libMvUsb3vTL.so(DriverLayer.cpp-L0742)     Description:timesOut, num_iso_packets: ff     Solution:
Error   2024-10-06 19:58:02  DevID:MV-CS016-10UC(DA0498828)  Source-Line:libMvUsb3vTL.so(DriverLayer.cpp-L0742)     Description:timesOut, num_iso_packets: ff     Solution:
Error   2024-10-06 19:58:03  DevID:MV-CS016-10UC(DA0498828)  Source-Line:libMvUsb3vTL.so(DriverLayer.cpp-L0742)     Description:timesOut, num_iso_packets: ff     Solution:
Error   2024-10-06 19:58:04  DevID:MV-CS016-10UC(DA0498828)  Source-Line:libMvUsb3vTL.so(DriverLayer.cpp-L0742)     Description:timesOut, num_iso_packets: ff     Solution:
Error   2024-10-06 19:58:05  DevID:MV-CS016-10UC(DA0498828)  Source-Line:libMvUsb3vTL.so(DriverLayer.cpp-L0742)     Description:timesOut, num_iso_packets: ff     Solution:
Error   2024-10-06 19:58:06  DevID:MV-CS016-10UC(DA0498828)  Source-Line:libMvUsb3vTL.so(DriverLayer.cpp-L0742)     Description:timesOut, num_iso_packets: ff     Solution:
Error   2024-10-06 19:58:07  DevID:MV-CS016-10UC(DA0498828)  Source-Line:libMvUsb3vTL.so(DriverLayer.cpp-L0742)     Description:timesOut, num_iso_packets: ff     Solution:
Error   2024-10-06 19:58:08  DevID:MV-CS016-10UC(DA0498828)  Source-Line:libMvUsb3vTL.so(DriverLayer.cpp-L0742)     Description:timesOut, num_iso_packets: ff     Solution:
Error   2024-10-06 19:58:09  DevID:MV-CS016-10UC(DA0498828)  Source-Line:libMvUsb3vTL.so(DriverLayer.cpp-L0742)     Description:timesOut, num_iso_packets: ff     Solution:
Error   2024-10-06 19:58:10  DevID:MV-CS016-10UC(DA0498828)  Source-Line:libMvUsb3vTL.so(DriverLayer.cpp-L0742)     Description:timesOut, num_iso_packets: ff     Solution:
Error   2024-10-06 19:58:11  DevID:MV-CS016-10UC(DA0498828)  Source-Line:libMvUsb3vTL.so(DriverLayer.cpp-L0742)     Description:timesOut, num_iso_packets: ff     Solution:
Error   2024-10-06 19:58:12  DevID:MV-CS016-10UC(DA0498828)  Source-Line:libMvUsb3vTL.so(DriverLayer.cpp-L0742)     Description:timesOut, num_iso_packets: ff     Solution:
Error   2024-10-06 19:58:13  DevID:MV-CS016-10UC(DA0498828)  Source-Line:libMvUsb3vTL.so(DriverLayer.cpp-L0742)     Description:timesOut, num_iso_packets: ff     Solution:
Error   2024-10-06 19:58:14  DevID:MV-CS016-10UC(DA0498828)  Source-Line:libMvUsb3vTL.so(DriverLayer.cpp-L0742)     Description:timesOut, num_iso_packets: ff     Solution:
Error   2024-10-06 19:58:15  DevID:MV-CS016-10UC(DA0498828)  Source-Line:libMvUsb3vTL.so(DriverLayer.cpp-L0742)     Description:timesOut, num_iso_packets: ff     Solution:
Error   2024-10-06 19:58:16  DevID:MV-CS016-10UC(DA0498828)  Source-Line:libMvUsb3vTL.so(DriverLayer.cpp-L0742)     Description:timesOut, num_iso_packets: ff     Solution:
Error   2024-10-06 19:58:17  DevID:MV-CS016-10UC(DA0498828)  Source-Line:libMvUsb3vTL.so(DriverLayer.cpp-L0742)     Description:timesOut, num_iso_packets: ff     Solution:
Error   2024-10-06 19:58:18  DevID:MV-CS016-10UC(DA0498828)  Source-Line:libMvUsb3vTL.so(DriverLayer.cpp-L0742)     Description:timesOut, num_iso_packets: ff     Solution:
Error   2024-10-06 19:58:19  DevID:MV-CS016-10UC(DA0498828)  Source-Line:libMvUsb3vTL.so(DriverLayer.cpp-L0742)     Description:timesOut, num_iso_packets: ff     Solution:
Error   2024-10-06 19:58:20  DevID:MV-CS016-10UC(DA0498828)  Source-Line:libMvUsb3vTL.so(DriverLayer.cpp-L0742)     Description:timesOut, num_iso_packets: ff     Solution:
Error   2024-10-06 19:58:21  DevID:MV-CS016-10UC(DA0498828)  Source-Line:libMvUsb3vTL.so(DriverLayer.cpp-L0742)     Description:timesOut, num_iso_packets: ff     Solution:
Error   2024-10-06 19:58:22  DevID:MV-CS016-10UC(DA0498828)  Source-Line:libMvUsb3vTL.so(DriverLayer.cpp-L0742)     Description:timesOut, num_iso_packets: ff     Solution:
Error   2024-10-06 19:58:23  DevID:MV-CS016-10UC(DA0498828)  Source-Line:libMvUsb3vTL.so(DriverLayer.cpp-L0742)     Description:timesOut, num_iso_packets: ff     Solution:
Error   2024-10-06 19:58:24  DevID:MV-CS016-10UC(DA0498828)  Source-Line:libMvUsb3vTL.so(DriverLayer.cpp-L0742)     Description:timesOut, num_iso_packets: ff     Solution:
Error   2024-10-06 19:58:25  DevID:MV-CS016-10UC(DA0498828)  Source-Line:libMvUsb3vTL.so(DriverLayer.cpp-L0742)     Description:timesOut, num_iso_packets: ff     Solution:
Error   2024-10-06 19:58:26  DevID:MV-CS016-10UC(DA0498828)  Source-Line:libMvUsb3vTL.so(DriverLayer.cpp-L0742)     Description:timesOut, num_iso_packets: ff     Solution:
Error   2024-10-06 19:58:27  DevID:MV-CS016-10UC(DA0498828)  Source-Line:libMvUsb3vTL.so(DriverLayer.cpp-L0742)     Description:timesOut, num_iso_packets: ff     Solution:
Error   2024-10-06 19:58:28  DevID:MV-CS016-10UC(DA0498828)  Source-Line:libMvUsb3vTL.so(DriverLayer.cpp-L0742)     Description:timesOut, num_iso_packets: ff     Solution:
Error   2024-10-06 19:58:29  DevID:MV-CS016-10UC(DA0498828)  Source-Line:libMvUsb3vTL.so(DriverLayer.cpp-L0742)     Description:timesOut, num_iso_packets: ff     Solution:
Error   2024-10-06 19:58:30  DevID:MV-CS016-10UC(DA0498828)  Source-Line:libMvUsb3vTL.so(DriverLayer.cpp-L0742)     Description:timesOut, num_iso_packets: ff     Solution:
Error   2024-10-06 19:58:31  DevID:MV-CS016-10UC(DA0498828)  Source-Line:libMvUsb3vTL.so(DriverLayer.cpp-L0742)     Description:timesOut, num_iso_packets: ff     Solution:
Error   2024-10-06 19:58:32  DevID:MV-CS016-10UC(DA0498828)  Source-Line:libMvUsb3vTL.so(DriverLayer.cpp-L0742)     Description:timesOut, num_iso_packets: ff     Solution:
Error   2024-10-06 19:58:33  DevID:MV-CS016-10UC(DA0498828)  Source-Line:libMvUsb3vTL.so(DriverLayer.cpp-L0742)     Description:timesOut, num_iso_packets: ff     Solution:
Error   2024-10-06 19:58:34  DevID:MV-CS016-10UC(DA0498828)  Source-Line:libMvUsb3vTL.so(DriverLayer.cpp-L0742)     Description:timesOut, num_iso_packets: ff     Solution:
Error   2024-10-06 19:58:35  DevID:MV-CS016-10UC(DA0498828)  Source-Line:libMvUsb3vTL.so(DriverLayer.cpp-L0742)     Description:timesOut, num_iso_packets: ff     Solution:
Error   2024-10-06 19:58:36  DevID:MV-CS016-10UC(DA0498828)  Source-Line:libMvUsb3vTL.so(DriverLayer.cpp-L0742)     Description:timesOut, num_iso_packets: ff     Solution:
Error   2024-10-06 19:58:37  DevID:MV-CS016-10UC(DA0498828)  Source-Line:libMvUsb3vTL.so(DriverLayer.cpp-L0742)     Description:timesOut, num_iso_packets: ff     Solution:
Error   2024-10-06 19:58:38  DevID:MV-CS016-10UC(DA0498828)  Source-Line:libMvUsb3vTL.so(DriverLayer.cpp-L0742)     Description:timesOut, num_iso_packets: ff     Solution:
Error   2024-10-06 19:58:39  DevID:MV-CS016-10UC(DA0498828)  Source-Line:libMvUsb3vTL.so(DriverLayer.cpp-L0742)     Description:timesOut, num_iso_packets: ff     Solution:
Error   2024-10-06 19:58:40  DevID:MV-CS016-10UC(DA0498828)  Source-Line:libMvUsb3vTL.so(DriverLayer.cpp-L0742)     Description:timesOut, num_iso_packets: ff     Solution:
Error   2024-10-06 19:58:41  DevID:MV-CS016-10UC(DA0498828)  Source-Line:libMvUsb3vTL.so(DriverLayer.cpp-L0742)     Description:timesOut, num_iso_packets: ff     Solution:
Error   2024-10-06 19:58:42  DevID:MV-CS016-10UC(DA0498828)  Source-Line:libMvUsb3vTL.so(DriverLayer.cpp-L0742)     Description:timesOut, num_iso_packets: ff     Solution:
Error   2024-10-06 19:58:43  DevID:MV-CS016-10UC(DA0498828)  Source-Line:libMvUsb3vTL.so(DriverLayer.cpp-L0742)     Description:timesOut, num_iso_packets: ff     Solution:
Error   2024-10-06 19:58:44  DevID:MV-CS016-10UC(DA0498828)  Source-Line:libMvUsb3vTL.so(DriverLayer.cpp-L0742)     Description:timesOut, num_iso_packets: ff     Solution:
Error   2024-10-06 19:58:45  DevID:MV-CS016-10UC(DA0498828)  Source-Line:libMvUsb3vTL.so(DriverLayer.cpp-L0742)     Description:timesOut, num_iso_packets: ff     Solution:
Error   2024-10-06 19:58:46  DevID:MV-CS016-10UC(DA0498828)  Source-Line:libMvUsb3vTL.so(DriverLayer.cpp-L0742)     Description:timesOut, num_iso_packets: ff     Solution:
Error   2024-10-06 19:58:47  DevID:MV-CS016-10UC(DA0498828)  Source-Line:libMvUsb3vTL.so(DriverLayer.cpp-L0742)     Description:timesOut, num_iso_packets: ff     Solution:
Error   2024-10-06 19:58:48  DevID:MV-CS016-10UC(DA0498828)  Source-Line:libMvUsb3vTL.so(DriverLayer.cpp-L0742)     Description:timesOut, num_iso_packets: ff     Solution:
Error   2024-10-06 19:58:49  DevID:MV-CS016-10UC(DA0498828)  Source-Line:libMvUsb3vTL.so(DriverLayer.cpp-L0742)     Description:timesOut, num_iso_packets: ff     Solution:
Error   2024-10-06 19:58:50  DevID:MV-CS016-10UC(DA0498828)  Source-Line:libMvUsb3vTL.so(DriverLayer.cpp-L0742)     Description:timesOut, num_iso_packets: ff     Solution:
Error   2024-10-06 19:58:51  DevID:MV-CS016-10UC(DA0498828)  Source-Line:libMvUsb3vTL.so(DriverLayer.cpp-L0742)     Description:timesOut, num_iso_packets: ff     Solution:
Error   2024-10-06 19:58:52  DevID:MV-CS016-10UC(DA0498828)  Source-Line:libMvUsb3vTL.so(DriverLayer.cpp-L0742)     Description:timesOut, num_iso_packets: ff     Solution:
Error   2024-10-06 19:58:53  DevID:MV-CS016-10UC(DA0498828)  Source-Line:libMvUsb3vTL.so(DriverLayer.cpp-L0742)     Description:timesOut, num_iso_packets: ff     Solution:
Error   2024-10-06 19:58:54  DevID:MV-CS016-10UC(DA0498828)  Source-Line:libMvUsb3vTL.so(DriverLayer.cpp-L0742)     Description:timesOut, num_iso_packets: ff     Solution:
Error   2024-10-06 19:58:55  DevID:MV-CS016-10UC(DA0498828)  Source-Line:libMvUsb3vTL.so(DriverLayer.cpp-L0742)     Description:timesOut, num_iso_packets: ff     Solution:
Error   2024-10-06 19:58:56  DevID:MV-CS016-10UC(DA0498828)  Source-Line:libMvUsb3vTL.so(DriverLayer.cpp-L0742)     Description:timesOut, num_iso_packets: ff     Solution:
Error   2024-10-06 19:58:57  DevID:MV-CS016-10UC(DA0498828)  Source-Line:libMvUsb3vTL.so(DriverLayer.cpp-L0742)     Description:timesOut, num_iso_packets: ff     Solution:
Error   2024-10-06 19:58:58  DevID:MV-CS016-10UC(DA0498828)  Source-Line:libMvUsb3vTL.so(DriverLayer.cpp-L0742)     Description:timesOut, num_iso_packets: ff     Solution:
Error   2024-10-06 19:58:59  DevID:MV-CS016-10UC(DA0498828)  Source-Line:libMvUsb3vTL.so(DriverLayer.cpp-L0742)     Description:timesOut, num_iso_packets: ff     Solution:
Error   2024-10-06 19:59:00  DevID:MV-CS016-10UC(DA0498828)  Source-Line:libMvUsb3vTL.so(DriverLayer.cpp-L0742)     Description:timesOut, num_iso_packets: ff     Solution:
Error   2024-10-06 19:59:01  DevID:MV-CS016-10UC(DA0498828)  Source-Line:libMvUsb3vTL.so(DriverLayer.cpp-L0742)     Description:timesOut, num_iso_packets: ff     Solution:
Error   2024-10-06 19:59:02  DevID:MV-CS016-10UC(DA0498828)  Source-Line:libMvUsb3vTL.so(DriverLayer.cpp-L0742)     Description:timesOut, num_iso_packets: ff     Solution:
Error   2024-10-06 19:59:03  DevID:MV-CS016-10UC(DA0498828)  Source-Line:libMvUsb3vTL.so(DriverLayer.cpp-L0742)     Description:timesOut, num_iso_packets: ff     Solution:
Error   2024-10-06 19:59:04  DevID:MV-CS016-10UC(DA0498828)  Source-Line:libMvUsb3vTL.so(DriverLayer.cpp-L0742)     Description:timesOut, num_iso_packets: ff     Solution:
Error   2024-10-06 19:59:05  DevID:MV-CS016-10UC(DA0498828)  Source-Line:libMvUsb3vTL.so(DriverLayer.cpp-L0742)     Description:timesOut, num_iso_packets: ff     Solution:
Error   2024-10-06 19:59:06  DevID:MV-CS016-10UC(DA0498828)  Source-Line:libMvUsb3vTL.so(DriverLayer.cpp-L0742)     Description:timesOut, num_iso_packets: ff     Solution:
Error   2024-10-06 19:59:07  DevID:MV-CS016-10UC(DA0498828)  Source-Line:libMvUsb3vTL.so(DriverLayer.cpp-L0742)     Description:timesOut, num_iso_packets: ff     Solution:
Error   2024-10-06 19:59:08  DevID:MV-CS016-10UC(DA0498828)  Source-Line:libMvUsb3vTL.so(DriverLayer.cpp-L0742)     Description:timesOut, num_iso_packets: ff     Solution:
Error   2024-10-06 19:59:09  DevID:MV-CS016-10UC(DA0498828)  Source-Line:libMvUsb3vTL.so(DriverLayer.cpp-L0742)     Description:timesOut, num_iso_packets: ff     Solution:
Error   2024-10-06 19:59:10  DevID:MV-CS016-10UC(DA0498828)  Source-Line:libMvUsb3vTL.so(DriverLayer.cpp-L0742)     Description:timesOut, num_iso_packets: ff     Solution:
Error   2024-10-06 19:59:11  DevID:MV-CS016-10UC(DA0498828)  Source-Line:libMvUsb3vTL.so(DriverLayer.cpp-L0742)     Description:timesOut, num_iso_packets: ff     Solution:
Error   2024-10-06 19:59:12  DevID:MV-CS016-10UC(DA0498828)  Source-Line:libMvUsb3vTL.so(DriverLayer.cpp-L0742)     Description:timesOut, num_iso_packets: ff     Solution:
Error   2024-10-06 19:59:13  DevID:MV-CS016-10UC(DA0498828)  Source-Line:libMvUsb3vTL.so(DriverLayer.cpp-L0742)     Description:timesOut, num_iso_packets: ff     Solution:
Error   2024-10-06 19:59:14  DevID:MV-CS016-10UC(DA0498828)  Source-Line:libMvUsb3vTL.so(DriverLayer.cpp-L0742)     Description:timesOut, num_iso_packets: ff     Solution:
Error   2024-10-06 19:59:15  DevID:MV-CS016-10UC(DA0498828)  Source-Line:libMvUsb3vTL.so(DriverLayer.cpp-L0742)     Description:timesOut, num_iso_packets: ff     Solution:
Error   2024-10-06 19:59:16  DevID:MV-CS016-10UC(DA0498828)  Source-Line:libMvUsb3vTL.so(DriverLayer.cpp-L0742)     Description:timesOut, num_iso_packets: ff     Solution:
Error   2024-10-06 19:59:17  DevID:MV-CS016-10UC(DA0498828)  Source-Line:libMvUsb3vTL.so(DriverLayer.cpp-L0742)     Description:timesOut, num_iso_packets: ff     Solution:
Error   2024-10-06 19:59:18  DevID:MV-CS016-10UC(DA0498828)  Source-Line:libMvUsb3vTL.so(DriverLayer.cpp-L0742)     Description:timesOut, num_iso_packets: ff     Solution:
Error   2024-10-06 19:59:19  DevID:MV-CS016-10UC(DA0498828)  Source-Line:libMvUsb3vTL.so(DriverLayer.cpp-L0742)     Description:timesOut, num_iso_packets: ff     Solution:
Error   2024-10-06 19:59:20  DevID:MV-CS016-10UC(DA0498828)  Source-Line:libMvUsb3vTL.so(DriverLayer.cpp-L0742)     Description:timesOut, num_iso_packets: ff     Solution:
Error   2024-10-06 19:59:21  DevID:MV-CS016-10UC(DA0498828)  Source-Line:libMvUsb3vTL.so(DriverLayer.cpp-L0742)     Description:timesOut, num_iso_packets: ff     Solution:
Error   2024-10-06 19:59:22  DevID:MV-CS016-10UC(DA0498828)  Source-Line:libMvUsb3vTL.so(DriverLayer.cpp-L0742)     Description:timesOut, num_iso_packets: ff     Solution:
Error   2024-10-06 19:59:23  DevID:MV-CS016-10UC(DA0498828)  Source-Line:libMvUsb3vTL.so(DriverLayer.cpp-L0742)     Description:timesOut, num_iso_packets: ff     Solution:
Error   2024-10-06 19:59:24  DevID:MV-CS016-10UC(DA0498828)  Source-Line:libMvUsb3vTL.so(DriverLayer.cpp-L0742)     Description:timesOut, num_iso_packets: ff     Solution:
Error   2024-10-06 19:59:25  DevID:MV-CS016-10UC(DA0498828)  Source-Line:libMvUsb3vTL.so(DriverLayer.cpp-L0742)     Description:timesOut, num_iso_packets: ff     Solution:
Error   2024-10-06 19:59:26  DevID:MV-CS016-10UC(DA0498828)  Source-Line:libMvUsb3vTL.so(DriverLayer.cpp-L0742)     Description:timesOut, num_iso_packets: ff     Solution:
Error   2024-10-06 19:59:27  DevID:MV-CS016-10UC(DA0498828)  Source-Line:libMvUsb3vTL.so(DriverLayer.cpp-L0742)     Description:timesOut, num_iso_packets: ff     Solution:
Error   2024-10-06 19:59:28  DevID:MV-CS016-10UC(DA0498828)  Source-Line:libMvUsb3vTL.so(DriverLayer.cpp-L0742)     Description:timesOut, num_iso_packets: ff     Solution:
Error   2024-10-06 19:59:29  DevID:MV-CS016-10UC(DA0498828)  Source-Line:libMvUsb3vTL.so(DriverLayer.cpp-L0742)     Description:timesOut, num_iso_packets: ff     Solution:
Error   2024-10-06 19:59:30  DevID:MV-CS016-10UC(DA0498828)  Source-Line:libMvUsb3vTL.so(DriverLayer.cpp-L0742)     Description:timesOut, num_iso_packets: ff     Solution:
Error   2024-10-06 19:59:31  DevID:MV-CS016-10UC(DA0498828)  Source-Line:libMvUsb3vTL.so(DriverLayer.cpp-L0742)     Description:timesOut, num_iso_packets: ff     Solution:
Error   2024-10-06 19:59:32  DevID:MV-CS016-10UC(DA0498828)  Source-Line:libMvUsb3vTL.so(DriverLayer.cpp-L0742)     Description:timesOut, num_iso_packets: ff     Solution:
Error   2024-10-06 19:59:33  DevID:MV-CS016-10UC(DA0498828)  Source-Line:libMvUsb3vTL.so(DriverLayer.cpp-L0742)     Description:timesOut, num_iso_packets: ff     Solution:
Error   2024-10-06 19:59:34  DevID:MV-CS016-10UC(DA0498828)  Source-Line:libMvUsb3vTL.so(DriverLayer.cpp-L0742)     Description:timesOut, num_iso_packets: ff     Solution:
Error   2024-10-06 19:59:35  DevID:MV-CS016-10UC(DA0498828)  Source-Line:libMvUsb3vTL.so(DriverLayer.cpp-L0742)     Description:timesOut, num_iso_packets: ff     Solution:
Error   2024-10-06 19:59:36  DevID:MV-CS016-10UC(DA0498828)  Source-Line:libMvUsb3vTL.so(DriverLayer.cpp-L0742)     Description:timesOut, num_iso_packets: ff     Solution:
Error   2024-10-06 19:59:37  DevID:MV-CS016-10UC(DA0498828)  Source-Line:libMvUsb3vTL.so(DriverLayer.cpp-L0742)     Description:timesOut, num_iso_packets: ff     Solution:
Error   2024-10-06 19:59:38  DevID:MV-CS016-10UC(DA0498828)  Source-Line:libMvUsb3vTL.so(DriverLayer.cpp-L0742)     Description:timesOut, num_iso_packets: ff     Solution:
Error   2024-10-06 19:59:39  DevID:MV-CS016-10UC(DA0498828)  Source-Line:libMvUsb3vTL.so(DriverLayer.cpp-L0742)     Description:timesOut, num_iso_packets: ff     Solution:
Error   2024-10-06 19:59:40  DevID:MV-CS016-10UC(DA0498828)  Source-Line:libMvUsb3vTL.so(DriverLayer.cpp-L0742)     Description:timesOut, num_iso_packets: ff     Solution:
Error   2024-10-06 19:59:41  DevID:MV-CS016-10UC(DA0498828)  Source-Line:libMvUsb3vTL.so(DriverLayer.cpp-L0742)     Description:timesOut, num_iso_packets: ff     Solution:
Error   2024-10-06 19:59:42  DevID:MV-CS016-10UC(DA0498828)  Source-Line:libMvUsb3vTL.so(DriverLayer.cpp-L0742)     Description:timesOut, num_iso_packets: ff     Solution:
Error   2024-10-06 19:59:43  DevID:MV-CS016-10UC(DA0498828)  Source-Line:libMvUsb3vTL.so(DriverLayer.cpp-L0742)     Description:timesOut, num_iso_packets: ff     Solution:
Error   2024-10-06 19:59:44  DevID:MV-CS016-10UC(DA0498828)  Source-Line:libMvUsb3vTL.so(DriverLayer.cpp-L0742)     Description:timesOut, num_iso_packets: ff     Solution:
Error   2024-10-06 19:59:45  DevID:MV-CS016-10UC(DA0498828)  Source-Line:libMvUsb3vTL.so(DriverLayer.cpp-L0742)     Description:timesOut, num_iso_packets: ff     Solution:
Error   2024-10-06 19:59:46  DevID:MV-CS016-10UC(DA0498828)  Source-Line:libMvUsb3vTL.so(DriverLayer.cpp-L0742)     Description:timesOut, num_iso_packets: ff     Solution:
Error   2024-10-06 19:59:47  DevID:MV-CS016-10UC(DA0498828)  Source-Line:libMvUsb3vTL.so(DriverLayer.cpp-L0742)     Description:timesOut, num_iso_packets: ff     Solution:
Error   2024-10-06 19:59:48  DevID:MV-CS016-10UC(DA0498828)  Source-Line:libMvUsb3vTL.so(DriverLayer.cpp-L0742)     Description:timesOut, num_iso_packets: ff     Solution:
Error   2024-10-06 19:59:49  DevID:MV-CS016-10UC(DA0498828)  Source-Line:libMvUsb3vTL.so(DriverLayer.cpp-L0742)     Description:timesOut, num_iso_packets: ff     Solution:
Error   2024-10-06 19:59:50  DevID:MV-CS016-10UC(DA0498828)  Source-Line:libMvUsb3vTL.so(DriverLayer.cpp-L0742)     Description:timesOut, num_iso_packets: ff     Solution:
Error   2024-10-06 19:59:51  DevID:MV-CS016-10UC(DA0498828)  Source-Line:libMvUsb3vTL.so(DriverLayer.cpp-L0742)     Description:timesOut, num_iso_packets: ff     Solution:
Error   2024-10-06 19:59:52  DevID:MV-CS016-10UC(DA0498828)  Source-Line:libMvUsb3vTL.so(DriverLayer.cpp-L0742)     Description:timesOut, num_iso_packets: ff     Solution:
Error   2024-10-06 19:59:53  DevID:MV-CS016-10UC(DA0498828)  Source-Line:libMvUsb3vTL.so(DriverLayer.cpp-L0742)     Description:timesOut, num_iso_packets: ff     Solution:
Error   2024-10-06 19:59:54  DevID:MV-CS016-10UC(DA0498828)  Source-Line:libMvUsb3vTL.so(DriverLayer.cpp-L0742)     Description:timesOut, num_iso_packets: ff     Solution:
Error   2024-10-06 19:59:55  DevID:MV-CS016-10UC(DA0498828)  Source-Line:libMvUsb3vTL.so(DriverLayer.cpp-L0742)     Description:timesOut, num_iso_packets: ff     Solution:
Error   2024-10-06 19:59:56  DevID:MV-CS016-10UC(DA0498828)  Source-Line:libMvUsb3vTL.so(DriverLayer.cpp-L0742)     Description:timesOut, num_iso_packets: ff     Solution:
Error   2024-10-06 19:59:57  DevID:MV-CS016-10UC(DA0498828)  Source-Line:libMvUsb3vTL.so(DriverLayer.cpp-L0742)     Description:timesOut, num_iso_packets: ff     Solution:
Error   2024-10-06 19:59:58  DevID:MV-CS016-10UC(DA0498828)  Source-Line:libMvUsb3vTL.so(DriverLayer.cpp-L0742)     Description:timesOut, num_iso_packets: ff     Solution:
Error   2024-10-06 19:59:59  DevID:MV-CS016-10UC(DA0498828)  Source-Line:libMvUsb3vTL.so(DriverLayer.cpp-L0742)     Description:timesOut, num_iso_packets: ff     Solution:
Error   2024-10-06 20:00:00  DevID:MV-CS016-10UC(DA0498828)  Source-Line:libMvUsb3vTL.so(DriverLayer.cpp-L0742)     Description:timesOut, num_iso_packets: ff     Solution:
Error   2024-10-06 20:00:01  DevID:MV-CS016-10UC(DA0498828)  Source-Line:libMvUsb3vTL.so(DriverLayer.cpp-L0742)     Description:timesOut, num_iso_packets: ff     Solution:
Error   2024-10-06 20:00:02  DevID:MV-CS016-10UC(DA0498828)  Source-Line:libMvUsb3vTL.so(DriverLayer.cpp-L0742)     Description:timesOut, num_iso_packets: ff     Solution:
Error   2024-10-06 20:00:03  DevID:MV-CS016-10UC(DA0498828)  Source-Line:libMvUsb3vTL.so(DriverLayer.cpp-L0742)     Description:timesOut, num_iso_packets: ff     Solution:
Error   2024-10-06 20:00:04  DevID:MV-CS016-10UC(DA0498828)  Source-Line:libMvUsb3vTL.so(DriverLayer.cpp-L0742)     Description:timesOut, num_iso_packets: ff     Solution:
Error   2024-10-06 20:00:05  DevID:MV-CS016-10UC(DA0498828)  Source-Line:libMvUsb3vTL.so(DriverLayer.cpp-L0742)     Description:timesOut, num_iso_packets: ff     Solution:
Error   2024-10-06 20:00:06  DevID:MV-CS016-10UC(DA0498828)  Source-Line:libMvUsb3vTL.so(DriverLayer.cpp-L0742)     Description:timesOut, num_iso_packets: ff     Solution:
Error   2024-10-06 20:00:07  DevID:MV-CS016-10UC(DA0498828)  Source-Line:libMvUsb3vTL.so(DriverLayer.cpp-L0742)     Description:timesOut, num_iso_packets: ff     Solution:
Error   2024-10-06 20:00:08  DevID:MV-CS016-10UC(DA0498828)  Source-Line:libMvUsb3vTL.so(DriverLayer.cpp-L0742)     Description:timesOut, num_iso_packets: ff     Solution:
Error   2024-10-06 20:00:09  DevID:MV-CS016-10UC(DA0498828)  Source-Line:libMvUsb3vTL.so(DriverLayer.cpp-L0742)     Description:timesOut, num_iso_packets: ff     Solution:
Error   2024-10-06 20:00:10  DevID:MV-CS016-10UC(DA0498828)  Source-Line:libMvUsb3vTL.so(DriverLayer.cpp-L0742)     Description:timesOut, num_iso_packets: ff     Solution:
Error   2024-10-06 20:00:11  DevID:MV-CS016-10UC(DA0498828)  Source-Line:libMvUsb3vTL.so(DriverLayer.cpp-L0742)     Description:timesOut, num_iso_packets: ff     Solution:
Error   2024-10-06 20:00:12  DevID:MV-CS016-10UC(DA0498828)  Source-Line:libMvUsb3vTL.so(DriverLayer.cpp-L0742)     Description:timesOut, num_iso_packets: ff     Solution:
Error   2024-10-06 20:00:13  DevID:MV-CS016-10UC(DA0498828)  Source-Line:libMvUsb3vTL.so(DriverLayer.cpp-L0742)     Description:timesOut, num_iso_packets: ff     Solution:
Error   2024-10-06 20:00:14  DevID:MV-CS016-10UC(DA0498828)  Source-Line:libMvUsb3vTL.so(DriverLayer.cpp-L0742)     Description:timesOut, num_iso_packets: ff     Solution:
Error   2024-10-06 20:00:15  DevID:MV-CS016-10UC(DA0498828)  Source-Line:libMvUsb3vTL.so(DriverLayer.cpp-L0742)     Description:timesOut, num_iso_packets: ff     Solution:
Error   2024-10-06 20:00:16  DevID:MV-CS016-10UC(DA0498828)  Source-Line:libMvUsb3vTL.so(DriverLayer.cpp-L0742)     Description:timesOut, num_iso_packets: ff     Solution:
Error   2024-10-06 20:00:17  DevID:MV-CS016-10UC(DA0498828)  Source-Line:libMvUsb3vTL.so(DriverLayer.cpp-L0742)     Description:timesOut, num_iso_packets: ff     Solution:
Error   2024-10-06 20:00:18  DevID:MV-CS016-10UC(DA0498828)  Source-Line:libMvUsb3vTL.so(DriverLayer.cpp-L0742)     Description:timesOut, num_iso_packets: ff     Solution:
Error   2024-10-06 20:00:19  DevID:MV-CS016-10UC(DA0498828)  Source-Line:libMvUsb3vTL.so(DriverLayer.cpp-L0742)     Description:timesOut, num_iso_packets: ff     Solution:
Error   2024-10-06 20:00:20  DevID:MV-CS016-10UC(DA0498828)  Source-Line:libMvUsb3vTL.so(DriverLayer.cpp-L0742)     Description:timesOut, num_iso_packets: ff     Solution:
Error   2024-10-06 20:00:21  DevID:MV-CS016-10UC(DA0498828)  Source-Line:libMvUsb3vTL.so(DriverLayer.cpp-L0742)     Description:timesOut, num_iso_packets: ff     Solution:
Error   2024-10-06 20:00:22  DevID:MV-CS016-10UC(DA0498828)  Source-Line:libMvUsb3vTL.so(DriverLayer.cpp-L0742)     Description:timesOut, num_iso_packets: ff     Solution:
Error   2024-10-06 20:00:23  DevID:MV-CS016-10UC(DA0498828)  Source-Line:libMvUsb3vTL.so(DriverLayer.cpp-L0742)     Description:timesOut, num_iso_packets: ff     Solution:
Error   2024-10-06 20:00:24  DevID:MV-CS016-10UC(DA0498828)  Source-Line:libMvUsb3vTL.so(DriverLayer.cpp-L0742)     Description:timesOut, num_iso_packets: ff     Solution:
Error   2024-10-06 20:00:25  DevID:MV-CS016-10UC(DA0498828)  Source-Line:libMvUsb3vTL.so(DriverLayer.cpp-L0742)     Description:timesOut, num_iso_packets: ff     Solution:
Error   2024-10-06 20:00:26  DevID:MV-CS016-10UC(DA0498828)  Source-Line:libMvUsb3vTL.so(DriverLayer.cpp-L0742)     Description:timesOut, num_iso_packets: ff     Solution:
Error   2024-10-06 20:00:27  DevID:MV-CS016-10UC(DA0498828)  Source-Line:libMvUsb3vTL.so(DriverLayer.cpp-L0742)     Description:timesOut, num_iso_packets: ff     Solution:
Error   2024-10-06 20:00:28  DevID:MV-CS016-10UC(DA0498828)  Source-Line:libMvUsb3vTL.so(DriverLayer.cpp-L0742)     Description:timesOut, num_iso_packets: ff     Solution:
Error   2024-10-06 20:00:29  DevID:MV-CS016-10UC(DA0498828)  Source-Line:libMvUsb3vTL.so(DriverLayer.cpp-L0742)     Description:timesOut, num_iso_packets: ff     Solution:
Error   2024-10-06 20:00:30  DevID:MV-CS016-10UC(DA0498828)  Source-Line:libMvUsb3vTL.so(DriverLayer.cpp-L0742)     Description:timesOut, num_iso_packets: ff     Solution:
Error   2024-10-06 20:00:31  DevID:MV-CS016-10UC(DA0498828)  Source-Line:libMvUsb3vTL.so(DriverLayer.cpp-L0742)     Description:timesOut, num_iso_packets: ff     Solution:
Info    2024-10-06 20:00:43  DevID:MV-CS016-10UC(DA0498828)  Source-Line:libMvUsb3vTL.so(Manager.cpp-L0097)     Description:Current dynamic library path[/home/jqz/Desktop/OpenRM-2024_hik/demo/hik/hikSDK/lib/amd64/libMvUsb3vTL.so]     Solution:
Info    2024-10-06 20:00:43  DevID:MV-CS016-10UC(DA0498828)  Source-Line:libMvUsb3vTL.so(Manager.cpp-L0100)     Description:U3V_Version: 3.2.1.0     Solution:
Info    2024-10-06 20:00:43  DevID:MV-CS016-10UC(DA0498828)  Source-Line:libMvUsb3vTL.so(Manager.cpp-L0101)     Description:U3V_Description: BaseLine Build 20211203     Solution:
Info    2024-10-06 20:00:43  DevID:MV-CS016-10UC(DA0498828)  Source-Line:libMvUsb3vTL.so(DriverLayer.cpp-L0419)     Description:device speed: [0x3]     Solution:
Info    2024-10-06 20:00:44  DevID:MV-CS016-10UC(DA0498828)  Source-Line:libMvUsb3vTL.so(Manager.cpp-L0368)     Description:[IsSupportEvent]     Solution:
Info    2024-10-06 20:00:44  DevID:MV-CS016-10UC(DA0498828)  Source-Line:libMvUsb3vTL.so(EventProcess.cpp-L0280)     Description:U3V EventRecvThread Start     Solution:
Info    2024-10-06 20:00:44  DevID:MV-CS016-10UC(DA0498828)  Source-Line:libMvUsb3vTL.so(EventProcess.cpp-L0706)     Description:U3V EventSendThread Start     Solution:
Info    2024-10-06 20:00:44  DevID:MV-CS016-10UC(DA0498828)  Source-Line:libMvUsb3vTL.so(StreamProcess.cpp-L1003)     Description:U3V RecvThread Start     Solution:
Info    2024-10-06 20:00:44  DevID:MV-CS016-10UC(DA0498828)  Source-Line:libMvUsb3vTL.so(DeviceControl.cpp-L1275)     Description:AcquisitionStart Execute Success     Solution:
Error   2024-10-06 20:00:45  DevID:MV-CS016-10UC(DA0498828)  Source-Line:libMvUsb3vTL.so(DriverLayer.cpp-L0785)     Description:timesOut, num_iso_packets: ff     Solution:
Error   2024-10-06 20:00:46  DevID:MV-CS016-10UC(DA0498828)  Source-Line:libMvUsb3vTL.so(DriverLayer.cpp-L0785)     Description:timesOut, num_iso_packets: ff     Solution:
Error   2024-10-06 20:00:47  DevID:MV-CS016-10UC(DA0498828)  Source-Line:libMvUsb3vTL.so(DriverLayer.cpp-L0785)     Description:timesOut, num_iso_packets: ff     Solution:
Error   2024-10-06 20:00:48  DevID:MV-CS016-10UC(DA0498828)  Source-Line:libMvUsb3vTL.so(DriverLayer.cpp-L0785)     Description:timesOut, num_iso_packets: ff     Solution:
Error   2024-10-06 20:00:49  DevID:MV-CS016-10UC(DA0498828)  Source-Line:libMvUsb3vTL.so(DriverLayer.cpp-L0785)     Description:timesOut, num_iso_packets: ff     Solution:
Error   2024-10-06 20:00:50  DevID:MV-CS016-10UC(DA0498828)  Source-Line:libMvUsb3vTL.so(DriverLayer.cpp-L0785)     Description:timesOut, num_iso_packets: ff     Solution:
Error   2024-10-06 20:00:51  DevID:MV-CS016-10UC(DA0498828)  Source-Line:libMvUsb3vTL.so(DriverLayer.cpp-L0785)     Description:timesOut, num_iso_packets: ff     Solution:
Error   2024-10-06 20:00:52  DevID:MV-CS016-10UC(DA0498828)  Source-Line:libMvUsb3vTL.so(DriverLayer.cpp-L0785)     Description:timesOut, num_iso_packets: ff     Solution:
Error   2024-10-06 20:00:53  DevID:MV-CS016-10UC(DA0498828)  Source-Line:libMvUsb3vTL.so(DriverLayer.cpp-L0785)     Description:timesOut, num_iso_packets: ff     Solution:
Error   2024-10-06 20:00:54  DevID:MV-CS016-10UC(DA0498828)  Source-Line:libMvUsb3vTL.so(DriverLayer.cpp-L0785)     Description:timesOut, num_iso_packets: ff     Solution:
Error   2024-10-06 20:00:55  DevID:MV-CS016-10UC(DA0498828)  Source-Line:libMvUsb3vTL.so(DriverLayer.cpp-L0785)     Description:timesOut, num_iso_packets: ff     Solution:
Error   2024-10-06 20:00:56  DevID:MV-CS016-10UC(DA0498828)  Source-Line:libMvUsb3vTL.so(DriverLayer.cpp-L0785)     Description:timesOut, num_iso_packets: ff     Solution:
Error   2024-10-06 20:00:57  DevID:MV-CS016-10UC(DA0498828)  Source-Line:libMvUsb3vTL.so(DriverLayer.cpp-L0785)     Description:timesOut, num_iso_packets: ff     Solution:
Error   2024-10-06 20:00:58  DevID:MV-CS016-10UC(DA0498828)  Source-Line:libMvUsb3vTL.so(DriverLayer.cpp-L0785)     Description:timesOut, num_iso_packets: ff     Solution:
Error   2024-10-06 20:00:59  DevID:MV-CS016-10UC(DA0498828)  Source-Line:libMvUsb3vTL.so(DriverLayer.cpp-L0785)     Description:timesOut, num_iso_packets: ff     Solution:
Error   2024-10-06 20:01:00  DevID:MV-CS016-10UC(DA0498828)  Source-Line:libMvUsb3vTL.so(DriverLayer.cpp-L0785)     Description:timesOut, num_iso_packets: ff     Solution:
Error   2024-10-06 20:01:01  DevID:MV-CS016-10UC(DA0498828)  Source-Line:libMvUsb3vTL.so(DriverLayer.cpp-L0785)     Description:timesOut, num_iso_packets: ff     Solution:
Error   2024-10-06 20:01:02  DevID:MV-CS016-10UC(DA0498828)  Source-Line:libMvUsb3vTL.so(DriverLayer.cpp-L0785)     Description:timesOut, num_iso_packets: ff     Solution:
Error   2024-10-06 20:01:03  DevID:MV-CS016-10UC(DA0498828)  Source-Line:libMvUsb3vTL.so(DriverLayer.cpp-L0785)     Description:timesOut, num_iso_packets: ff     Solution:
Error   2024-10-06 20:01:04  DevID:MV-CS016-10UC(DA0498828)  Source-Line:libMvUsb3vTL.so(DriverLayer.cpp-L0785)     Description:timesOut, num_iso_packets: ff     Solution:
Error   2024-10-06 20:01:05  DevID:MV-CS016-10UC(DA0498828)  Source-Line:libMvUsb3vTL.so(DriverLayer.cpp-L0785)     Description:timesOut, num_iso_packets: ff     Solution:
Error   2024-10-06 20:01:06  DevID:MV-CS016-10UC(DA0498828)  Source-Line:libMvUsb3vTL.so(DriverLayer.cpp-L0785)     Description:timesOut, num_iso_packets: ff     Solution:
Error   2024-10-06 20:01:07  DevID:MV-CS016-10UC(DA0498828)  Source-Line:libMvUsb3vTL.so(DriverLayer.cpp-L0785)     Description:timesOut, num_iso_packets: ff     Solution:
Error   2024-10-06 20:01:08  DevID:MV-CS016-10UC(DA0498828)  Source-Line:libMvUsb3vTL.so(DriverLayer.cpp-L0785)     Description:timesOut, num_iso_packets: ff     Solution:
Error   2024-10-06 20:01:09  DevID:MV-CS016-10UC(DA0498828)  Source-Line:libMvUsb3vTL.so(DriverLayer.cpp-L0785)     Description:timesOut, num_iso_packets: ff     Solution:
Error   2024-10-06 20:01:10  DevID:MV-CS016-10UC(DA0498828)  Source-Line:libMvUsb3vTL.so(DriverLayer.cpp-L0785)     Description:timesOut, num_iso_packets: ff     Solution:
Error   2024-10-06 20:01:11  DevID:MV-CS016-10UC(DA0498828)  Source-Line:libMvUsb3vTL.so(DriverLayer.cpp-L0785)     Description:timesOut, num_iso_packets: ff     Solution:
Error   2024-10-06 20:01:12  DevID:MV-CS016-10UC(DA0498828)  Source-Line:libMvUsb3vTL.so(DriverLayer.cpp-L0785)     Description:timesOut, num_iso_packets: ff     Solution:
Error   2024-10-06 20:01:13  DevID:MV-CS016-10UC(DA0498828)  Source-Line:libMvUsb3vTL.so(DriverLayer.cpp-L0785)     Description:timesOut, num_iso_packets: ff     Solution:
Error   2024-10-06 20:01:13  DevID:MV-CS016-10UC(DA0498828)  Source-Line:libMvUsb3vTL.so(EventProcess.cpp-L0327)     Description:[Event]Parse Packet failed, Ret[0x80000004]     Solution:
Error   2024-10-06 20:01:13  DevID:MV-CS016-10UC(DA0498828)  Source-Line:libMvUsb3vTL.so(StreamProcess.cpp-L1065)     Description:[ReadAsync] error code is:[1],i = [0], errno[11], Halt Total Count[1]     Solution:
Error   2024-10-06 20:01:13  DevID:MV-CS016-10UC(DA0498828)  Source-Line:libMvUsb3vTL.so(EventProcess.cpp-L0327)     Description:[Event]Parse Packet failed, Ret[0x80000004]     Solution:
Error   2024-10-06 20:01:13  DevID:MV-CS016-10UC(DA0498828)  Source-Line:libMvUsb3vTL.so(EventProcess.cpp-L0327)     Description:[Event]Parse Packet failed, Ret[0x80000004]     Solution:
Error   2024-10-06 20:01:13  DevID:MV-CS016-10UC(DA0498828)  Source-Line:libMvUsb3vTL.so(DriverLayer.cpp-L0660)     Description:[usb_control_msg] errcode[-1]     Solution:
Error   2024-10-06 20:01:13  DevID:MV-CS016-10UC(DA0498828)  Source-Line:libMvUsb3vTL.so(EventProcess.cpp-L0327)     Description:[Event]Parse Packet failed, Ret[0x80000004]     Solution:
Error   2024-10-06 20:01:13  DevID:MV-CS016-10UC(DA0498828)  Source-Line:libMvUsb3vTL.so(EventProcess.cpp-L0327)     Description:[Event]Parse Packet failed, Ret[0x80000004]     Solution:
Error   2024-10-06 20:01:13  DevID:MV-CS016-10UC(DA0498828)  Source-Line:libMvUsb3vTL.so(EventProcess.cpp-L0327)     Description:[Event]Parse Packet failed, Ret[0x80000004]     Solution:
Error   2024-10-06 20:01:13  DevID:MV-CS016-10UC(DA0498828)  Source-Line:libMvUsb3vTL.so(EventProcess.cpp-L0327)     Description:[Event]Parse Packet failed, Ret[0x80000004]     Solution:
Error   2024-10-06 20:01:13  DevID:MV-CS016-10UC(DA0498828)  Source-Line:libMvUsb3vTL.so(EventProcess.cpp-L0327)     Description:[Event]Parse Packet failed, Ret[0x80000004]     Solution:
Error   2024-10-06 20:01:13  DevID:MV-CS016-10UC(DA0498828)  Source-Line:libMvUsb3vTL.so(EventProcess.cpp-L0327)     Description:[Event]Parse Packet failed, Ret[0x80000004]     Solution:
Error   2024-10-06 20:01:13  DevID:MV-CS016-10UC(DA0498828)  Source-Line:libMvUsb3vTL.so(EventProcess.cpp-L0327)     Description:[Event]Parse Packet failed, Ret[0x80000004]     Solution:
Error   2024-10-06 20:01:13  DevID:MV-CS016-10UC(DA0498828)  Source-Line:libMvUsb3vTL.so(EventProcess.cpp-L0327)     Description:[Event]Parse Packet failed, Ret[0x80000004]     Solution:
Error   2024-10-06 20:01:13  DevID:MV-CS016-10UC(DA0498828)  Source-Line:libMvUsb3vTL.so(EventProcess.cpp-L0327)     Description:[Event]Parse Packet failed, Ret[0x80000004]     Solution:
Error   2024-10-06 20:01:13  DevID:MV-CS016-10UC(DA0498828)  Source-Line:libMvUsb3vTL.so(EventProcess.cpp-L0327)     Description:[Event]Parse Packet failed, Ret[0x80000004]     Solution:
Error   2024-10-06 20:01:13  DevID:MV-CS016-10UC(DA0498828)  Source-Line:libMvUsb3vTL.so(EventProcess.cpp-L0327)     Description:[Event]Parse Packet failed, Ret[0x80000004]     Solution:
Error   2024-10-06 20:01:13  DevID:MV-CS016-10UC(DA0498828)  Source-Line:libMvUsb3vTL.so(EventProcess.cpp-L0327)     Description:[Event]Parse Packet failed, Ret[0x80000004]     Solution:
Error   2024-10-06 20:01:13  DevID:MV-CS016-10UC(DA0498828)  Source-Line:libMvUsb3vTL.so(EventProcess.cpp-L0327)     Description:[Event]Parse Packet failed, Ret[0x80000004]     Solution:
Error   2024-10-06 20:01:13  DevID:MV-CS016-10UC(DA0498828)  Source-Line:libMvUsb3vTL.so(EventProcess.cpp-L0327)     Description:[Event]Parse Packet failed, Ret[0x80000004]     Solution:
Error   2024-10-06 20:01:13  DevID:MV-CS016-10UC(DA0498828)  Source-Line:libMvUsb3vTL.so(EventProcess.cpp-L0327)     Description:[Event]Parse Packet failed, Ret[0x80000004]     Solution:
Error   2024-10-06 20:01:13  DevID:MV-CS016-10UC(DA0498828)  Source-Line:libMvUsb3vTL.so(EventProcess.cpp-L0327)     Description:[Event]Parse Packet failed, Ret[0x80000004]     Solution:
Error   2024-10-06 20:01:13  DevID:MV-CS016-10UC(DA0498828)  Source-Line:libMvUsb3vTL.so(EventProcess.cpp-L0327)     Description:[Event]Parse Packet failed, Ret[0x80000004]     Solution:
Error   2024-10-06 20:01:13  DevID:MV-CS016-10UC(DA0498828)  Source-Line:libMvUsb3vTL.so(EventProcess.cpp-L0327)     Description:[Event]Parse Packet failed, Ret[0x80000004]     Solution:
Error   2024-10-06 20:01:13  DevID:MV-CS016-10UC(DA0498828)  Source-Line:libMvUsb3vTL.so(EventProcess.cpp-L0327)     Description:[Event]Parse Packet failed, Ret[0x80000004]     Solution:
Error   2024-10-06 20:01:13  DevID:MV-CS016-10UC(DA0498828)  Source-Line:libMvUsb3vTL.so(EventProcess.cpp-L0327)     Description:[Event]Parse Packet failed, Ret[0x80000004]     Solution:
Error   2024-10-06 20:01:13  DevID:MV-CS016-10UC(DA0498828)  Source-Line:libMvUsb3vTL.so(EventProcess.cpp-L0327)     Description:[Event]Parse Packet failed, Ret[0x80000004]     Solution:
Error   2024-10-06 20:01:13  DevID:MV-CS016-10UC(DA0498828)  Source-Line:libMvUsb3vTL.so(DriverLayer.cpp-L0551)     Description:[libusb_clear_halt] errcode[-99], LIBUSB_ERROR_OTHER     Solution:
Error   2024-10-06 20:01:13  DevID:MV-CS016-10UC(DA0498828)  Source-Line:libMvUsb3vTL.so(EventProcess.cpp-L0327)     Description:[Event]Parse Packet failed, Ret[0x80000004]     Solution:
Error   2024-10-06 20:01:13  DevID:MV-CS016-10UC(DA0498828)  Source-Line:libMvUsb3vTL.so(EventProcess.cpp-L0327)     Description:[Event]Parse Packet failed, Ret[0x80000004]     Solution:
Error   2024-10-06 20:01:13  DevID:MV-CS016-10UC(DA0498828)  Source-Line:libMvUsb3vTL.so(EventProcess.cpp-L0327)     Description:[Event]Parse Packet failed, Ret[0x80000004]     Solution:
Error   2024-10-06 20:01:13  DevID:MV-CS016-10UC(DA0498828)  Source-Line:libMvUsb3vTL.so(EventProcess.cpp-L0327)     Description:[Event]Parse Packet failed, Ret[0x80000004]     Solution:
Error   2024-10-06 20:01:13  DevID:MV-CS016-10UC(DA0498828)  Source-Line:libMvUsb3vTL.so(EventProcess.cpp-L0327)     Description:[Event]Parse Packet failed, Ret[0x80000004]     Solution:
Error   2024-10-06 20:01:13  DevID:MV-CS016-10UC(DA0498828)  Source-Line:libMvUsb3vTL.so(DriverLayer.cpp-L0635)     Description:[usb_bulk_write] errcode[-1], LIBUSB_ERROR_IO     Solution:
Error   2024-10-06 20:01:13  DevID:MV-CS016-10UC(DA0498828)  Source-Line:libMvUsb3vTL.so(DeviceControl.cpp-L0571)     Description:[WriteMemUnit]: nLen[-1] != nSendLen[24]     Solution:
Error   2024-10-06 20:01:13  DevID:MV-CS016-10UC(DA0498828)  Source-Line:libMvUsb3vTL.so(EventProcess.cpp-L0327)     Description:[Event]Parse Packet failed, Ret[0x80000004]     Solution:
Error   2024-10-06 20:01:13  DevID:MV-CS016-10UC(DA0498828)  Source-Line:libMvUsb3vTL.so(EventProcess.cpp-L0327)     Description:[Event]Parse Packet failed, Ret[0x80000004]     Solution:
Error   2024-10-06 20:01:13  DevID:MV-CS016-10UC(DA0498828)  Source-Line:libMvUsb3vTL.so(DriverLayer.cpp-L0635)     Description:[usb_bulk_write] errcode[-1], LIBUSB_ERROR_IO     Solution:
Error   2024-10-06 20:01:13  DevID:MV-CS016-10UC(DA0498828)  Source-Line:libMvUsb3vTL.so(DeviceControl.cpp-L0571)     Description:[WriteMemUnit]: nLen[-1] != nSendLen[24]     Solution:
Error   2024-10-06 20:01:13  DevID:MV-CS016-10UC(DA0498828)  Source-Line:libMvUsb3vTL.so(DeviceControl.cpp-L1185)     Description:Set SI 1 fail, error code:[0x80000301]     Solution:
Error   2024-10-06 20:01:13  DevID:MV-CS016-10UC(DA0498828)  Source-Line:libMvUsb3vTL.so(EventProcess.cpp-L0327)     Description:[Event]Parse Packet failed, Ret[0x80000004]     Solution:
Error   2024-10-06 20:01:13  DevID:MV-CS016-10UC(DA0498828)  Source-Line:libMvUsb3vTL.so(EventProcess.cpp-L0327)     Description:[Event]Parse Packet failed, Ret[0x80000004]     Solution:
Error   2024-10-06 20:01:13  DevID:MV-CS016-10UC(DA0498828)  Source-Line:libMvUsb3vTL.so(DriverLayer.cpp-L0660)     Description:[usb_control_msg] errcode[-1]     Solution:
Error   2024-10-06 20:01:13  DevID:MV-CS016-10UC(DA0498828)  Source-Line:libMvUsb3vTL.so(DriverLayer.cpp-L0551)     Description:[libusb_clear_halt] errcode[-99], LIBUSB_ERROR_OTHER     Solution:
Error   2024-10-06 20:01:13  DevID:MV-CS016-10UC(DA0498828)  Source-Line:libMvUsb3vTL.so(EventProcess.cpp-L0327)     Description:[Event]Parse Packet failed, Ret[0x80000004]     Solution:
Error   2024-10-06 20:01:13  DevID:MV-CS016-10UC(DA0498828)  Source-Line:libMvUsb3vTL.so(EventProcess.cpp-L0327)     Description:[Event]Parse Packet failed, Ret[0x80000004]     Solution:
Error   2024-10-06 20:01:13  DevID:MV-CS016-10UC(DA0498828)  Source-Line:libMvUsb3vTL.so(EventProcess.cpp-L0327)     Description:[Event]Parse Packet failed, Ret[0x80000004]     Solution:
Error   2024-10-06 20:01:13  DevID:MV-CS016-10UC(DA0498828)  Source-Line:libMvUsb3vTL.so(DriverLayer.cpp-L0635)     Description:[usb_bulk_write] errcode[-1], LIBUSB_ERROR_IO     Solution:
Error   2024-10-06 20:01:13  DevID:MV-CS016-10UC(DA0498828)  Source-Line:libMvUsb3vTL.so(DeviceControl.cpp-L0571)     Description:[WriteMemUnit]: nLen[-1] != nSendLen[24]     Solution:
Error   2024-10-06 20:01:13  DevID:MV-CS016-10UC(DA0498828)  Source-Line:libMvUsb3vTL.so(EventProcess.cpp-L0327)     Description:[Event]Parse Packet failed, Ret[0x80000004]     Solution:
Error   2024-10-06 20:01:13  DevID:MV-CS016-10UC(DA0498828)  Source-Line:libMvUsb3vTL.so(EventProcess.cpp-L0327)     Description:[Event]Parse Packet failed, Ret[0x80000004]     Solution:
Error   2024-10-06 20:01:13  DevID:MV-CS016-10UC(DA0498828)  Source-Line:libMvUsb3vTL.so(DriverLayer.cpp-L0635)     Description:[usb_bulk_write] errcode[-1], LIBUSB_ERROR_IO     Solution:
Error   2024-10-06 20:01:13  DevID:MV-CS016-10UC(DA0498828)  Source-Line:libMvUsb3vTL.so(DeviceControl.cpp-L0571)     Description:[WriteMemUnit]: nLen[-1] != nSendLen[24]     Solution:
Error   2024-10-06 20:01:13  DevID:MV-CS016-10UC(DA0498828)  Source-Line:libMvUsb3vTL.so(DeviceControl.cpp-L1185)     Description:Set SI 1 fail, error code:[0x80000301]     Solution:
Error   2024-10-06 20:01:13  DevID:MV-CS016-10UC(DA0498828)  Source-Line:libMvUsb3vTL.so(EventProcess.cpp-L0327)     Description:[Event]Parse Packet failed, Ret[0x80000004]     Solution:
Error   2024-10-06 20:01:13  DevID:MV-CS016-10UC(DA0498828)  Source-Line:libMvUsb3vTL.so(EventProcess.cpp-L0327)     Description:[Event]Parse Packet failed, Ret[0x80000004]     Solution:
Error   2024-10-06 20:01:13  DevID:MV-CS016-10UC(DA0498828)  Source-Line:libMvUsb3vTL.so(DriverLayer.cpp-L0660)     Description:[usb_control_msg] errcode[-1]     Solution:
Error   2024-10-06 20:01:13  DevID:MV-CS016-10UC(DA0498828)  Source-Line:libMvUsb3vTL.so(EventProcess.cpp-L0327)     Description:[Event]Parse Packet failed, Ret[0x80000004]     Solution:
Error   2024-10-06 20:01:13  DevID:MV-CS016-10UC(DA0498828)  Source-Line:libMvUsb3vTL.so(DriverLayer.cpp-L0551)     Description:[libusb_clear_halt] errcode[-99], LIBUSB_ERROR_OTHER     Solution:
Error   2024-10-06 20:01:13  DevID:MV-CS016-10UC(DA0498828)  Source-Line:libMvUsb3vTL.so(EventProcess.cpp-L0327)     Description:[Event]Parse Packet failed, Ret[0x80000004]     Solution:
Error   2024-10-06 20:01:13  DevID:MV-CS016-10UC(DA0498828)  Source-Line:libMvUsb3vTL.so(EventProcess.cpp-L0327)     Description:[Event]Parse Packet failed, Ret[0x80000004]     Solution:
Error   2024-10-06 20:01:13  DevID:MV-CS016-10UC(DA0498828)  Source-Line:libMvUsb3vTL.so(DriverLayer.cpp-L0635)     Description:[usb_bulk_write] errcode[-1], LIBUSB_ERROR_IO     Solution:
Error   2024-10-06 20:01:13  DevID:MV-CS016-10UC(DA0498828)  Source-Line:libMvUsb3vTL.so(DeviceControl.cpp-L0571)     Description:[WriteMemUnit]: nLen[-1] != nSendLen[24]     Solution:
Error   2024-10-06 20:01:13  DevID:MV-CS016-10UC(DA0498828)  Source-Line:libMvUsb3vTL.so(EventProcess.cpp-L0327)     Description:[Event]Parse Packet failed, Ret[0x80000004]     Solution:
Error   2024-10-06 20:01:13  DevID:MV-CS016-10UC(DA0498828)  Source-Line:libMvUsb3vTL.so(EventProcess.cpp-L0327)     Description:[Event]Parse Packet failed, Ret[0x80000004]     Solution:
Error   2024-10-06 20:01:13  DevID:MV-CS016-10UC(DA0498828)  Source-Line:libMvUsb3vTL.so(DriverLayer.cpp-L0660)     Description:[usb_control_msg] errcode[-1]     Solution:
Error   2024-10-06 20:01:13  DevID:MV-CS016-10UC(DA0498828)  Source-Line:libMvUsb3vTL.so(DriverLayer.cpp-L0551)     Description:[libusb_clear_halt] errcode[-99], LIBUSB_ERROR_OTHER     Solution:
Error   2024-10-06 20:01:13  DevID:MV-CS016-10UC(DA0498828)  Source-Line:libMvUsb3vTL.so(EventProcess.cpp-L0327)     Description:[Event]Parse Packet failed, Ret[0x80000004]     Solution:
Error   2024-10-06 20:01:13  DevID:MV-CS016-10UC(DA0498828)  Source-Line:libMvUsb3vTL.so(EventProcess.cpp-L0327)     Description:[Event]Parse Packet failed, Ret[0x80000004]     Solution:
Error   2024-10-06 20:01:13  DevID:MV-CS016-10UC(DA0498828)  Source-Line:libMvUsb3vTL.so(EventProcess.cpp-L0327)     Description:[Event]Parse Packet failed, Ret[0x80000004]     Solution:
Error   2024-10-06 20:01:13  DevID:MV-CS016-10UC(DA0498828)  Source-Line:libMvUsb3vTL.so(DriverLayer.cpp-L0635)     Description:[usb_bulk_write] errcode[-1], LIBUSB_ERROR_IO     Solution:
Error   2024-10-06 20:01:13  DevID:MV-CS016-10UC(DA0498828)  Source-Line:libMvUsb3vTL.so(DeviceControl.cpp-L0571)     Description:[WriteMemUnit]: nLen[-1] != nSendLen[24]     Solution:
Error   2024-10-06 20:01:13  DevID:MV-CS016-10UC(DA0498828)  Source-Line:libMvUsb3vTL.so(EventProcess.cpp-L0327)     Description:[Event]Parse Packet failed, Ret[0x80000004]     Solution:
Error   2024-10-06 20:01:13  DevID:MV-CS016-10UC(DA0498828)  Source-Line:libMvUsb3vTL.so(EventProcess.cpp-L0327)     Description:[Event]Parse Packet failed, Ret[0x80000004]     Solution:
Error   2024-10-06 20:01:13  DevID:MV-CS016-10UC(DA0498828)  Source-Line:libMvUsb3vTL.so(DriverLayer.cpp-L0635)     Description:[usb_bulk_write] errcode[-1], LIBUSB_ERROR_IO     Solution:
Error   2024-10-06 20:01:13  DevID:MV-CS016-10UC(DA0498828)  Source-Line:libMvUsb3vTL.so(DeviceControl.cpp-L0571)     Description:[WriteMemUnit]: nLen[-1] != nSendLen[24]     Solution:
Error   2024-10-06 20:01:13  DevID:MV-CS016-10UC(DA0498828)  Source-Line:libMvUsb3vTL.so(DeviceControl.cpp-L1185)     Description:Set SI 1 fail, error code:[0x80000301]     Solution:
Error   2024-10-06 20:01:13  DevID:MV-CS016-10UC(DA0498828)  Source-Line:libMvUsb3vTL.so(EventProcess.cpp-L0327)     Description:[Event]Parse Packet failed, Ret[0x80000004]     Solution:
Error   2024-10-06 20:01:13  DevID:MV-CS016-10UC(DA0498828)  Source-Line:libMvUsb3vTL.so(DriverLayer.cpp-L0660)     Description:[usb_control_msg] errcode[-1]     Solution:
Error   2024-10-06 20:01:13  DevID:MV-CS016-10UC(DA0498828)  Source-Line:libMvUsb3vTL.so(EventProcess.cpp-L0327)     Description:[Event]Parse Packet failed, Ret[0x80000004]     Solution:
Error   2024-10-06 20:01:13  DevID:MV-CS016-10UC(DA0498828)  Source-Line:libMvUsb3vTL.so(DriverLayer.cpp-L0551)     Description:[libusb_clear_halt] errcode[-99], LIBUSB_ERROR_OTHER     Solution:
Error   2024-10-06 20:01:13  DevID:MV-CS016-10UC(DA0498828)  Source-Line:libMvUsb3vTL.so(EventProcess.cpp-L0327)     Description:[Event]Parse Packet failed, Ret[0x80000004]     Solution:
Error   2024-10-06 20:01:13  DevID:MV-CS016-10UC(DA0498828)  Source-Line:libMvUsb3vTL.so(EventProcess.cpp-L0327)     Description:[Event]Parse Packet failed, Ret[0x80000004]     Solution:
Error   2024-10-06 20:01:13  DevID:MV-CS016-10UC(DA0498828)  Source-Line:libMvUsb3vTL.so(EventProcess.cpp-L0327)     Description:[Event]Parse Packet failed, Ret[0x80000004]     Solution:
Error   2024-10-06 20:01:13  DevID:MV-CS016-10UC(DA0498828)  Source-Line:libMvUsb3vTL.so(DriverLayer.cpp-L0635)     Description:[usb_bulk_write] errcode[-1], LIBUSB_ERROR_IO     Solution:
Error   2024-10-06 20:01:13  DevID:MV-CS016-10UC(DA0498828)  Source-Line:libMvUsb3vTL.so(DeviceControl.cpp-L0571)     Description:[WriteMemUnit]: nLen[-1] != nSendLen[24]     Solution:
Error   2024-10-06 20:01:13  DevID:MV-CS016-10UC(DA0498828)  Source-Line:libMvUsb3vTL.so(EventProcess.cpp-L0327)     Description:[Event]Parse Packet failed, Ret[0x80000004]     Solution:
Error   2024-10-06 20:01:13  DevID:MV-CS016-10UC(DA0498828)  Source-Line:libMvUsb3vTL.so(EventProcess.cpp-L0327)     Description:[Event]Parse Packet failed, Ret[0x80000004]     Solution:
Error   2024-10-06 20:01:13  DevID:MV-CS016-10UC(DA0498828)  Source-Line:libMvUsb3vTL.so(DriverLayer.cpp-L0635)     Description:[usb_bulk_write] errcode[-1], LIBUSB_ERROR_IO     Solution:
Error   2024-10-06 20:01:13  DevID:MV-CS016-10UC(DA0498828)  Source-Line:libMvUsb3vTL.so(DeviceControl.cpp-L0571)     Description:[WriteMemUnit]: nLen[-1] != nSendLen[24]     Solution:
Error   2024-10-06 20:01:13  DevID:MV-CS016-10UC(DA0498828)  Source-Line:libMvUsb3vTL.so(DeviceControl.cpp-L1185)     Description:Set SI 1 fail, error code:[0x80000301]     Solution:
Error   2024-10-06 20:01:13  DevID:MV-CS016-10UC(DA0498828)  Source-Line:libMvUsb3vTL.so(EventProcess.cpp-L0327)     Description:[Event]Parse Packet failed, Ret[0x80000004]     Solution:
Error   2024-10-06 20:01:13  DevID:MV-CS016-10UC(DA0498828)  Source-Line:libMvUsb3vTL.so(EventProcess.cpp-L0327)     Description:[Event]Parse Packet failed, Ret[0x80000004]     Solution:
Error   2024-10-06 20:01:13  DevID:MV-CS016-10UC(DA0498828)  Source-Line:libMvUsb3vTL.so(DriverLayer.cpp-L0660)     Description:[usb_control_msg] errcode[-1]     Solution:
Error   2024-10-06 20:01:13  DevID:MV-CS016-10UC(DA0498828)  Source-Line:libMvUsb3vTL.so(EventProcess.cpp-L0327)     Description:[Event]Parse Packet failed, Ret[0x80000004]     Solution:
Error   2024-10-06 20:01:13  DevID:MV-CS016-10UC(DA0498828)  Source-Line:libMvUsb3vTL.so(DriverLayer.cpp-L0551)     Description:[libusb_clear_halt] errcode[-99], LIBUSB_ERROR_OTHER     Solution:
Error   2024-10-06 20:01:13  DevID:MV-CS016-10UC(DA0498828)  Source-Line:libMvUsb3vTL.so(EventProcess.cpp-L0327)     Description:[Event]Parse Packet failed, Ret[0x80000004]     Solution:
Error   2024-10-06 20:01:13  DevID:MV-CS016-10UC(DA0498828)  Source-Line:libMvUsb3vTL.so(DriverLayer.cpp-L0660)     Description:[usb_control_msg] errcode[-1]     Solution:
Error   2024-10-06 20:01:13  DevID:MV-CS016-10UC(DA0498828)  Source-Line:libMvUsb3vTL.so(EventProcess.cpp-L0327)     Description:[Event]Parse Packet failed, Ret[0x80000004]     Solution:
Error   2024-10-06 20:01:13  DevID:MV-CS016-10UC(DA0498828)  Source-Line:libMvUsb3vTL.so(DriverLayer.cpp-L0551)     Description:[libusb_clear_halt] errcode[-99], LIBUSB_ERROR_OTHER     Solution:
Error   2024-10-06 20:01:13  DevID:MV-CS016-10UC(DA0498828)  Source-Line:libMvUsb3vTL.so(EventProcess.cpp-L0327)     Description:[Event]Parse Packet failed, Ret[0x80000004]     Solution:
Error   2024-10-06 20:01:13  DevID:MV-CS016-10UC(DA0498828)  Source-Line:libMvUsb3vTL.so(EventProcess.cpp-L0327)     Description:[Event]Parse Packet failed, Ret[0x80000004]     Solution:
Error   2024-10-06 20:01:13  DevID:MV-CS016-10UC(DA0498828)  Source-Line:libMvUsb3vTL.so(DriverLayer.cpp-L0635)     Description:[usb_bulk_write] errcode[-1], LIBUSB_ERROR_IO     Solution:
Error   2024-10-06 20:01:13  DevID:MV-CS016-10UC(DA0498828)  Source-Line:libMvUsb3vTL.so(DeviceControl.cpp-L0571)     Description:[WriteMemUnit]: nLen[-1] != nSendLen[24]     Solution:
Error   2024-10-06 20:01:13  DevID:MV-CS016-10UC(DA0498828)  Source-Line:libMvUsb3vTL.so(EventProcess.cpp-L0327)     Description:[Event]Parse Packet failed, Ret[0x80000004]     Solution:
Error   2024-10-06 20:01:13  DevID:MV-CS016-10UC(DA0498828)  Source-Line:libMvUsb3vTL.so(EventProcess.cpp-L0327)     Description:[Event]Parse Packet failed, Ret[0x80000004]     Solution:
Error   2024-10-06 20:01:13  DevID:MV-CS016-10UC(DA0498828)  Source-Line:libMvUsb3vTL.so(DriverLayer.cpp-L0635)     Description:[usb_bulk_write] errcode[-1], LIBUSB_ERROR_IO     Solution:
Error   2024-10-06 20:01:13  DevID:MV-CS016-10UC(DA0498828)  Source-Line:libMvUsb3vTL.so(DeviceControl.cpp-L0571)     Description:[WriteMemUnit]: nLen[-1] != nSendLen[24]     Solution:
Error   2024-10-06 20:01:13  DevID:MV-CS016-10UC(DA0498828)  Source-Line:libMvUsb3vTL.so(DeviceControl.cpp-L1185)     Description:Set SI 1 fail, error code:[0x80000301]     Solution:
Error   2024-10-06 20:01:13  DevID:MV-CS016-10UC(DA0498828)  Source-Line:libMvUsb3vTL.so(DriverLayer.cpp-L0660)     Description:[usb_control_msg] errcode[-1]     Solution:
Error   2024-10-06 20:01:13  DevID:MV-CS016-10UC(DA0498828)  Source-Line:libMvUsb3vTL.so(EventProcess.cpp-L0327)     Description:[Event]Parse Packet failed, Ret[0x80000004]     Solution:
Error   2024-10-06 20:01:13  DevID:MV-CS016-10UC(DA0498828)  Source-Line:libMvUsb3vTL.so(DriverLayer.cpp-L0551)     Description:[libusb_clear_halt] errcode[-99], LIBUSB_ERROR_OTHER     Solution:
Error   2024-10-06 20:01:13  DevID:MV-CS016-10UC(DA0498828)  Source-Line:libMvUsb3vTL.so(EventProcess.cpp-L0327)     Description:[Event]Parse Packet failed, Ret[0x80000004]     Solution:
Error   2024-10-06 20:01:13  DevID:MV-CS016-10UC(DA0498828)  Source-Line:libMvUsb3vTL.so(EventProcess.cpp-L0327)     Description:[Event]Parse Packet failed, Ret[0x80000004]     Solution:
Error   2024-10-06 20:01:13  DevID:MV-CS016-10UC(DA0498828)  Source-Line:libMvUsb3vTL.so(DriverLayer.cpp-L0635)     Description:[usb_bulk_write] errcode[-1], LIBUSB_ERROR_IO     Solution:
Error   2024-10-06 20:01:13  DevID:MV-CS016-10UC(DA0498828)  Source-Line:libMvUsb3vTL.so(DeviceControl.cpp-L0571)     Description:[WriteMemUnit]: nLen[-1] != nSendLen[24]     Solution:
Error   2024-10-06 20:01:13  DevID:MV-CS016-10UC(DA0498828)  Source-Line:libMvUsb3vTL.so(EventProcess.cpp-L0327)     Description:[Event]Parse Packet failed, Ret[0x80000004]     Solution:
Error   2024-10-06 20:01:13  DevID:MV-CS016-10UC(DA0498828)  Source-Line:libMvUsb3vTL.so(DriverLayer.cpp-L0635)     Description:[usb_bulk_write] errcode[-1], LIBUSB_ERROR_IO     Solution:
Error   2024-10-06 20:01:13  DevID:MV-CS016-10UC(DA0498828)  Source-Line:libMvUsb3vTL.so(DeviceControl.cpp-L0571)     Description:[WriteMemUnit]: nLen[-1] != nSendLen[24]     Solution:
Error   2024-10-06 20:01:13  DevID:MV-CS016-10UC(DA0498828)  Source-Line:libMvUsb3vTL.so(DeviceControl.cpp-L1185)     Description:Set SI 1 fail, error code:[0x80000301]     Solution:
Error   2024-10-06 20:01:13  DevID:MV-CS016-10UC(DA0498828)  Source-Line:libMvUsb3vTL.so(EventProcess.cpp-L0327)     Description:[Event]Parse Packet failed, Ret[0x80000004]     Solution:
Error   2024-10-06 20:01:13  DevID:MV-CS016-10UC(DA0498828)  Source-Line:libMvUsb3vTL.so(EventProcess.cpp-L0327)     Description:[Event]Parse Packet failed, Ret[0x80000004]     Solution:
Error   2024-10-06 20:01:13  DevID:MV-CS016-10UC(DA0498828)  Source-Line:libMvUsb3vTL.so(EventProcess.cpp-L0327)     Description:[Event]Parse Packet failed, Ret[0x80000004]     Solution:
Error   2024-10-06 20:01:13  DevID:MV-CS016-10UC(DA0498828)  Source-Line:libMvUsb3vTL.so(DriverLayer.cpp-L0660)     Description:[usb_control_msg] errcode[-1]     Solution:
Error   2024-10-06 20:01:13  DevID:MV-CS016-10UC(DA0498828)  Source-Line:libMvUsb3vTL.so(DriverLayer.cpp-L0551)     Description:[libusb_clear_halt] errcode[-99], LIBUSB_ERROR_OTHER     Solution:
Error   2024-10-06 20:01:13  DevID:MV-CS016-10UC(DA0498828)  Source-Line:libMvUsb3vTL.so(EventProcess.cpp-L0327)     Description:[Event]Parse Packet failed, Ret[0x80000004]     Solution:
Error   2024-10-06 20:01:13  DevID:MV-CS016-10UC(DA0498828)  Source-Line:libMvUsb3vTL.so(EventProcess.cpp-L0327)     Description:[Event]Parse Packet failed, Ret[0x80000004]     Solution:
Error   2024-10-06 20:01:13  DevID:MV-CS016-10UC(DA0498828)  Source-Line:libMvUsb3vTL.so(EventProcess.cpp-L0327)     Description:[Event]Parse Packet failed, Ret[0x80000004]     Solution:
Error   2024-10-06 20:01:13  DevID:MV-CS016-10UC(DA0498828)  Source-Line:libMvUsb3vTL.so(DriverLayer.cpp-L0635)     Description:[usb_bulk_write] errcode[-1], LIBUSB_ERROR_IO     Solution:
Error   2024-10-06 20:01:13  DevID:MV-CS016-10UC(DA0498828)  Source-Line:libMvUsb3vTL.so(DeviceControl.cpp-L0571)     Description:[WriteMemUnit]: nLen[-1] != nSendLen[24]     Solution:
Error   2024-10-06 20:01:13  DevID:MV-CS016-10UC(DA0498828)  Source-Line:libMvUsb3vTL.so(EventProcess.cpp-L0327)     Description:[Event]Parse Packet failed, Ret[0x80000004]     Solution:
Error   2024-10-06 20:01:13  DevID:MV-CS016-10UC(DA0498828)  Source-Line:libMvUsb3vTL.so(EventProcess.cpp-L0327)     Description:[Event]Parse Packet failed, Ret[0x80000004]     Solution:
Error   2024-10-06 20:01:13  DevID:MV-CS016-10UC(DA0498828)  Source-Line:libMvUsb3vTL.so(DriverLayer.cpp-L0635)     Description:[usb_bulk_write] errcode[-1], LIBUSB_ERROR_IO     Solution:
Error   2024-10-06 20:01:13  DevID:MV-CS016-10UC(DA0498828)  Source-Line:libMvUsb3vTL.so(DeviceControl.cpp-L0571)     Description:[WriteMemUnit]: nLen[-1] != nSendLen[24]     Solution:
Error   2024-10-06 20:01:13  DevID:MV-CS016-10UC(DA0498828)  Source-Line:libMvUsb3vTL.so(DeviceControl.cpp-L1185)     Description:Set SI 1 fail, error code:[0x80000301]     Solution:
Error   2024-10-06 20:01:13  DevID:MV-CS016-10UC(DA0498828)  Source-Line:libMvUsb3vTL.so(EventProcess.cpp-L0327)     Description:[Event]Parse Packet failed, Ret[0x80000004]     Solution:
Error   2024-10-06 20:01:13  DevID:MV-CS016-10UC(DA0498828)  Source-Line:libMvUsb3vTL.so(EventProcess.cpp-L0327)     Description:[Event]Parse Packet failed, Ret[0x80000004]     Solution:
Error   2024-10-06 20:01:13  DevID:MV-CS016-10UC(DA0498828)  Source-Line:libMvUsb3vTL.so(DriverLayer.cpp-L0660)     Description:[usb_control_msg] errcode[-1]     Solution:
Error   2024-10-06 20:01:13  DevID:MV-CS016-10UC(DA0498828)  Source-Line:libMvUsb3vTL.so(DriverLayer.cpp-L0551)     Description:[libusb_clear_halt] errcode[-99], LIBUSB_ERROR_OTHER     Solution:
Error   2024-10-06 20:01:13  DevID:MV-CS016-10UC(DA0498828)  Source-Line:libMvUsb3vTL.so(EventProcess.cpp-L0327)     Description:[Event]Parse Packet failed, Ret[0x80000004]     Solution:
Error   2024-10-06 20:01:13  DevID:MV-CS016-10UC(DA0498828)  Source-Line:libMvUsb3vTL.so(EventProcess.cpp-L0327)     Description:[Event]Parse Packet failed, Ret[0x80000004]     Solution:
Error   2024-10-06 20:01:13  DevID:MV-CS016-10UC(DA0498828)  Source-Line:libMvUsb3vTL.so(EventProcess.cpp-L0327)     Description:[Event]Parse Packet failed, Ret[0x80000004]     Solution:
Error   2024-10-06 20:01:13  DevID:MV-CS016-10UC(DA0498828)  Source-Line:libMvUsb3vTL.so(DriverLayer.cpp-L0635)     Description:[usb_bulk_write] errcode[-1], LIBUSB_ERROR_IO     Solution:
Error   2024-10-06 20:01:13  DevID:MV-CS016-10UC(DA0498828)  Source-Line:libMvUsb3vTL.so(DeviceControl.cpp-L0571)     Description:[WriteMemUnit]: nLen[-1] != nSendLen[24]     Solution:
Error   2024-10-06 20:01:13  DevID:MV-CS016-10UC(DA0498828)  Source-Line:libMvUsb3vTL.so(EventProcess.cpp-L0327)     Description:[Event]Parse Packet failed, Ret[0x80000004]     Solution:
Error   2024-10-06 20:01:13  DevID:MV-CS016-10UC(DA0498828)  Source-Line:libMvUsb3vTL.so(EventProcess.cpp-L0327)     Description:[Event]Parse Packet failed, Ret[0x80000004]     Solution:
Error   2024-10-06 20:01:13  DevID:MV-CS016-10UC(DA0498828)  Source-Line:libMvUsb3vTL.so(DriverLayer.cpp-L0635)     Description:[usb_bulk_write] errcode[-1], LIBUSB_ERROR_IO     Solution:
Error   2024-10-06 20:01:13  DevID:MV-CS016-10UC(DA0498828)  Source-Line:libMvUsb3vTL.so(DeviceControl.cpp-L0571)     Description:[WriteMemUnit]: nLen[-1] != nSendLen[24]     Solution:
Error   2024-10-06 20:01:13  DevID:MV-CS016-10UC(DA0498828)  Source-Line:libMvUsb3vTL.so(DeviceControl.cpp-L1185)     Description:Set SI 1 fail, error code:[0x80000301]     Solution:
Error   2024-10-06 20:01:13  DevID:MV-CS016-10UC(DA0498828)  Source-Line:libMvUsb3vTL.so(EventProcess.cpp-L0327)     Description:[Event]Parse Packet failed, Ret[0x80000004]     Solution:
Error   2024-10-06 20:01:13  DevID:MV-CS016-10UC(DA0498828)  Source-Line:libMvUsb3vTL.so(EventProcess.cpp-L0327)     Description:[Event]Parse Packet failed, Ret[0x80000004]     Solution:
Error   2024-10-06 20:01:13  DevID:MV-CS016-10UC(DA0498828)  Source-Line:libMvUsb3vTL.so(DriverLayer.cpp-L0660)     Description:[usb_control_msg] errcode[-1]     Solution:
Error   2024-10-06 20:01:13  DevID:MV-CS016-10UC(DA0498828)  Source-Line:libMvUsb3vTL.so(DriverLayer.cpp-L0551)     Description:[libusb_clear_halt] errcode[-99], LIBUSB_ERROR_OTHER     Solution:
Error   2024-10-06 20:01:13  DevID:MV-CS016-10UC(DA0498828)  Source-Line:libMvUsb3vTL.so(EventProcess.cpp-L0327)     Description:[Event]Parse Packet failed, Ret[0x80000004]     Solution:
Error   2024-10-06 20:01:13  DevID:MV-CS016-10UC(DA0498828)  Source-Line:libMvUsb3vTL.so(EventProcess.cpp-L0327)     Description:[Event]Parse Packet failed, Ret[0x80000004]     Solution:
Error   2024-10-06 20:01:13  DevID:MV-CS016-10UC(DA0498828)  Source-Line:libMvUsb3vTL.so(EventProcess.cpp-L0327)     Description:[Event]Parse Packet failed, Ret[0x80000004]     Solution:
Error   2024-10-06 20:01:13  DevID:MV-CS016-10UC(DA0498828)  Source-Line:libMvUsb3vTL.so(DriverLayer.cpp-L0635)     Description:[usb_bulk_write] errcode[-1], LIBUSB_ERROR_IO     Solution:
Error   2024-10-06 20:01:13  DevID:MV-CS016-10UC(DA0498828)  Source-Line:libMvUsb3vTL.so(DeviceControl.cpp-L0571)     Description:[WriteMemUnit]: nLen[-1] != nSendLen[24]     Solution:
Error   2024-10-06 20:01:13  DevID:MV-CS016-10UC(DA0498828)  Source-Line:libMvUsb3vTL.so(DriverLayer.cpp-L0551)     Description:[libusb_clear_halt] errcode[-99], LIBUSB_ERROR_OTHER     Solution:
Error   2024-10-06 20:01:13  DevID:MV-CS016-10UC(DA0498828)  Source-Line:libMvUsb3vTL.so(EventProcess.cpp-L0327)     Description:[Event]Parse Packet failed, Ret[0x80000004]     Solution:
Error   2024-10-06 20:01:13  DevID:MV-CS016-10UC(DA0498828)  Source-Line:libMvUsb3vTL.so(EventProcess.cpp-L0327)     Description:[Event]Parse Packet failed, Ret[0x80000004]     Solution:
Error   2024-10-06 20:01:13  DevID:MV-CS016-10UC(DA0498828)  Source-Line:libMvUsb3vTL.so(DriverLayer.cpp-L0635)     Description:[usb_bulk_write] errcode[-1], LIBUSB_ERROR_IO     Solution:
Error   2024-10-06 20:01:13  DevID:MV-CS016-10UC(DA0498828)  Source-Line:libMvUsb3vTL.so(DeviceControl.cpp-L0571)     Description:[WriteMemUnit]: nLen[-1] != nSendLen[24]     Solution:
Error   2024-10-06 20:01:13  DevID:MV-CS016-10UC(DA0498828)  Source-Line:libMvUsb3vTL.so(EventProcess.cpp-L0327)     Description:[Event]Parse Packet failed, Ret[0x80000004]     Solution:
Error   2024-10-06 20:01:13  DevID:MV-CS016-10UC(DA0498828)  Source-Line:libMvUsb3vTL.so(EventProcess.cpp-L0327)     Description:[Event]Parse Packet failed, Ret[0x80000004]     Solution:
Error   2024-10-06 20:01:13  DevID:MV-CS016-10UC(DA0498828)  Source-Line:libMvUsb3vTL.so(DriverLayer.cpp-L0635)     Description:[usb_bulk_write] errcode[-1], LIBUSB_ERROR_IO     Solution:
Error   2024-10-06 20:01:13  DevID:MV-CS016-10UC(DA0498828)  Source-Line:libMvUsb3vTL.so(DeviceControl.cpp-L0571)     Description:[WriteMemUnit]: nLen[-1] != nSendLen[24]     Solution:
Error   2024-10-06 20:01:13  DevID:MV-CS016-10UC(DA0498828)  Source-Line:libMvUsb3vTL.so(EventProcess.cpp-L0327)     Description:[Event]Parse Packet failed, Ret[0x80000004]     Solution:
Error   2024-10-06 20:01:13  DevID:MV-CS016-10UC(DA0498828)  Source-Line:libMvUsb3vTL.so(DeviceControl.cpp-L1185)     Description:Set SI 1 fail, error code:[0x80000301]     Solution:
Error   2024-10-06 20:01:13  DevID:MV-CS016-10UC(DA0498828)  Source-Line:libMvUsb3vTL.so(EventProcess.cpp-L0327)     Description:[Event]Parse Packet failed, Ret[0x80000004]     Solution:
Error   2024-10-06 20:01:13  DevID:MV-CS016-10UC(DA0498828)  Source-Line:libMvUsb3vTL.so(DriverLayer.cpp-L0660)     Description:[usb_control_msg] errcode[-1]     Solution:
Error   2024-10-06 20:01:13  DevID:MV-CS016-10UC(DA0498828)  Source-Line:libMvUsb3vTL.so(DriverLayer.cpp-L0551)     Description:[libusb_clear_halt] errcode[-99], LIBUSB_ERROR_OTHER     Solution:
Error   2024-10-06 20:01:13  DevID:MV-CS016-10UC(DA0498828)  Source-Line:libMvUsb3vTL.so(EventProcess.cpp-L0327)     Description:[Event]Parse Packet failed, Ret[0x80000004]     Solution:
Error   2024-10-06 20:01:13  DevID:MV-CS016-10UC(DA0498828)  Source-Line:libMvUsb3vTL.so(EventProcess.cpp-L0327)     Description:[Event]Parse Packet failed, Ret[0x80000004]     Solution:
Error   2024-10-06 20:01:13  DevID:MV-CS016-10UC(DA0498828)  Source-Line:libMvUsb3vTL.so(EventProcess.cpp-L0327)     Description:[Event]Parse Packet failed, Ret[0x80000004]     Solution:
Error   2024-10-06 20:01:13  DevID:MV-CS016-10UC(DA0498828)  Source-Line:libMvUsb3vTL.so(EventProcess.cpp-L0327)     Description:[Event]Parse Packet failed, Ret[0x80000004]     Solution:
Error   2024-10-06 20:01:13  DevID:MV-CS016-10UC(DA0498828)  Source-Line:libMvUsb3vTL.so(DriverLayer.cpp-L0635)     Description:[usb_bulk_write] errcode[-1], LIBUSB_ERROR_IO     Solution:
Error   2024-10-06 20:01:13  DevID:MV-CS016-10UC(DA0498828)  Source-Line:libMvUsb3vTL.so(DeviceControl.cpp-L0571)     Description:[WriteMemUnit]: nLen[-1] != nSendLen[24]     Solution:
Error   2024-10-06 20:01:13  DevID:MV-CS016-10UC(DA0498828)  Source-Line:libMvUsb3vTL.so(EventProcess.cpp-L0327)     Description:[Event]Parse Packet failed, Ret[0x80000004]     Solution:
Error   2024-10-06 20:01:13  DevID:MV-CS016-10UC(DA0498828)  Source-Line:libMvUsb3vTL.so(DriverLayer.cpp-L0635)     Description:[usb_bulk_write] errcode[-1], LIBUSB_ERROR_IO     Solution:
Error   2024-10-06 20:01:13  DevID:MV-CS016-10UC(DA0498828)  Source-Line:libMvUsb3vTL.so(DeviceControl.cpp-L0571)     Description:[WriteMemUnit]: nLen[-1] != nSendLen[24]     Solution:
Error   2024-10-06 20:01:13  DevID:MV-CS016-10UC(DA0498828)  Source-Line:libMvUsb3vTL.so(DeviceControl.cpp-L1185)     Description:Set SI 1 fail, error code:[0x80000301]     Solution:
Error   2024-10-06 20:01:13  DevID:MV-CS016-10UC(DA0498828)  Source-Line:libMvUsb3vTL.so(EventProcess.cpp-L0327)     Description:[Event]Parse Packet failed, Ret[0x80000004]     Solution:
Error   2024-10-06 20:01:13  DevID:MV-CS016-10UC(DA0498828)  Source-Line:libMvUsb3vTL.so(EventProcess.cpp-L0327)     Description:[Event]Parse Packet failed, Ret[0x80000004]     Solution:
Error   2024-10-06 20:01:13  DevID:MV-CS016-10UC(DA0498828)  Source-Line:libMvUsb3vTL.so(DriverLayer.cpp-L0660)     Description:[usb_control_msg] errcode[-1]     Solution:
Error   2024-10-06 20:01:13  DevID:MV-CS016-10UC(DA0498828)  Source-Line:libMvUsb3vTL.so(EventProcess.cpp-L0327)     Description:[Event]Parse Packet failed, Ret[0x80000004]     Solution:
Error   2024-10-06 20:01:13  DevID:MV-CS016-10UC(DA0498828)  Source-Line:libMvUsb3vTL.so(DriverLayer.cpp-L0551)     Description:[libusb_clear_halt] errcode[-99], LIBUSB_ERROR_OTHER     Solution:
Error   2024-10-06 20:01:13  DevID:MV-CS016-10UC(DA0498828)  Source-Line:libMvUsb3vTL.so(EventProcess.cpp-L0327)     Description:[Event]Parse Packet failed, Ret[0x80000004]     Solution:
Error   2024-10-06 20:01:13  DevID:MV-CS016-10UC(DA0498828)  Source-Line:libMvUsb3vTL.so(EventProcess.cpp-L0327)     Description:[Event]Parse Packet failed, Ret[0x80000004]     Solution:
Error   2024-10-06 20:01:13  DevID:MV-CS016-10UC(DA0498828)  Source-Line:libMvUsb3vTL.so(DriverLayer.cpp-L0635)     Description:[usb_bulk_write] errcode[-1], LIBUSB_ERROR_IO     Solution:
Error   2024-10-06 20:01:13  DevID:MV-CS016-10UC(DA0498828)  Source-Line:libMvUsb3vTL.so(DriverLayer.cpp-L0551)     Description:[libusb_clear_halt] errcode[-99], LIBUSB_ERROR_OTHER     Solution:
Error   2024-10-06 20:01:13  DevID:MV-CS016-10UC(DA0498828)  Source-Line:libMvUsb3vTL.so(EventProcess.cpp-L0327)     Description:[Event]Parse Packet failed, Ret[0x80000004]     Solution:
Error   2024-10-06 20:01:13  DevID:MV-CS016-10UC(DA0498828)  Source-Line:libMvUsb3vTL.so(EventProcess.cpp-L0327)     Description:[Event]Parse Packet failed, Ret[0x80000004]     Solution:
Error   2024-10-06 20:01:13  DevID:MV-CS016-10UC(DA0498828)  Source-Line:libMvUsb3vTL.so(EventProcess.cpp-L0327)     Description:[Event]Parse Packet failed, Ret[0x80000004]     Solution:
Error   2024-10-06 20:01:13  DevID:MV-CS016-10UC(DA0498828)  Source-Line:libMvUsb3vTL.so(DriverLayer.cpp-L0635)     Description:[usb_bulk_write] errcode[-1], LIBUSB_ERROR_IO     Solution:
Error   2024-10-06 20:01:13  DevID:MV-CS016-10UC(DA0498828)  Source-Line:libMvUsb3vTL.so(DeviceControl.cpp-L0571)     Description:[WriteMemUnit]: nLen[-1] != nSendLen[24]     Solution:
Error   2024-10-06 20:01:13  DevID:MV-CS016-10UC(DA0498828)  Source-Line:libMvUsb3vTL.so(EventProcess.cpp-L0327)     Description:[Event]Parse Packet failed, Ret[0x80000004]     Solution:
Error   2024-10-06 20:01:13  DevID:MV-CS016-10UC(DA0498828)  Source-Line:libMvUsb3vTL.so(DriverLayer.cpp-L0635)     Description:[usb_bulk_write] errcode[-1], LIBUSB_ERROR_IO     Solution:
Error   2024-10-06 20:01:13  DevID:MV-CS016-10UC(DA0498828)  Source-Line:libMvUsb3vTL.so(DeviceControl.cpp-L0571)     Description:[WriteMemUnit]: nLen[-1] != nSendLen[24]     Solution:
Error   2024-10-06 20:01:13  DevID:MV-CS016-10UC(DA0498828)  Source-Line:libMvUsb3vTL.so(DeviceControl.cpp-L1185)     Description:Set SI 1 fail, error code:[0x80000301]     Solution:
Error   2024-10-06 20:01:13  DevID:MV-CS016-10UC(DA0498828)  Source-Line:libMvUsb3vTL.so(EventProcess.cpp-L0327)     Description:[Event]Parse Packet failed, Ret[0x80000004]     Solution:
Error   2024-10-06 20:01:13  DevID:MV-CS016-10UC(DA0498828)  Source-Line:libMvUsb3vTL.so(EventProcess.cpp-L0327)     Description:[Event]Parse Packet failed, Ret[0x80000004]     Solution:
Error   2024-10-06 20:01:13  DevID:MV-CS016-10UC(DA0498828)  Source-Line:libMvUsb3vTL.so(DriverLayer.cpp-L0660)     Description:[usb_control_msg] errcode[-1]     Solution:
Error   2024-10-06 20:01:13  DevID:MV-CS016-10UC(DA0498828)  Source-Line:libMvUsb3vTL.so(DriverLayer.cpp-L0551)     Description:[libusb_clear_halt] errcode[-99], LIBUSB_ERROR_OTHER     Solution:
Error   2024-10-06 20:01:13  DevID:MV-CS016-10UC(DA0498828)  Source-Line:libMvUsb3vTL.so(EventProcess.cpp-L0327)     Description:[Event]Parse Packet failed, Ret[0x80000004]     Solution:
Error   2024-10-06 20:01:13  DevID:MV-CS016-10UC(DA0498828)  Source-Line:libMvUsb3vTL.so(EventProcess.cpp-L0327)     Description:[Event]Parse Packet failed, Ret[0x80000004]     Solution:
Error   2024-10-06 20:01:13  DevID:MV-CS016-10UC(DA0498828)  Source-Line:libMvUsb3vTL.so(DriverLayer.cpp-L0635)     Description:[usb_bulk_write] errcode[-1], LIBUSB_ERROR_IO     Solution:
Error   2024-10-06 20:01:13  DevID:MV-CS016-10UC(DA0498828)  Source-Line:libMvUsb3vTL.so(DeviceControl.cpp-L0571)     Description:[WriteMemUnit]: nLen[-1] != nSendLen[24]     Solution:
Error   2024-10-06 20:01:13  DevID:MV-CS016-10UC(DA0498828)  Source-Line:libMvUsb3vTL.so(EventProcess.cpp-L0327)     Description:[Event]Parse Packet failed, Ret[0x80000004]     Solution:
Error   2024-10-06 20:01:13  DevID:MV-CS016-10UC(DA0498828)  Source-Line:libMvUsb3vTL.so(EventProcess.cpp-L0327)     Description:[Event]Parse Packet failed, Ret[0x80000004]     Solution:
Error   2024-10-06 20:01:13  DevID:MV-CS016-10UC(DA0498828)  Source-Line:libMvUsb3vTL.so(DriverLayer.cpp-L0635)     Description:[usb_bulk_write] errcode[-1], LIBUSB_ERROR_IO     Solution:
Error   2024-10-06 20:01:13  DevID:MV-CS016-10UC(DA0498828)  Source-Line:libMvUsb3vTL.so(DeviceControl.cpp-L0571)     Description:[WriteMemUnit]: nLen[-1] != nSendLen[24]     Solution:
Error   2024-10-06 20:01:13  DevID:MV-CS016-10UC(DA0498828)  Source-Line:libMvUsb3vTL.so(DeviceControl.cpp-L1185)     Description:Set SI 1 fail, error code:[0x80000301]     Solution:
Error   2024-10-06 20:01:13  DevID:MV-CS016-10UC(DA0498828)  Source-Line:libMvUsb3vTL.so(EventProcess.cpp-L0327)     Description:[Event]Parse Packet failed, Ret[0x80000004]     Solution:
Error   2024-10-06 20:01:13  DevID:MV-CS016-10UC(DA0498828)  Source-Line:libMvUsb3vTL.so(DriverLayer.cpp-L0660)     Description:[usb_control_msg] errcode[-1]     Solution:
Error   2024-10-06 20:01:13  DevID:MV-CS016-10UC(DA0498828)  Source-Line:libMvUsb3vTL.so(EventProcess.cpp-L0327)     Description:[Event]Parse Packet failed, Ret[0x80000004]     Solution:
Error   2024-10-06 20:01:13  DevID:MV-CS016-10UC(DA0498828)  Source-Line:libMvUsb3vTL.so(DriverLayer.cpp-L0551)     Description:[libusb_clear_halt] errcode[-99], LIBUSB_ERROR_OTHER     Solution:
Error   2024-10-06 20:01:13  DevID:MV-CS016-10UC(DA0498828)  Source-Line:libMvUsb3vTL.so(EventProcess.cpp-L0327)     Description:[Event]Parse Packet failed, Ret[0x80000004]     Solution:
Error   2024-10-06 20:01:13  DevID:MV-CS016-10UC(DA0498828)  Source-Line:libMvUsb3vTL.so(EventProcess.cpp-L0327)     Description:[Event]Parse Packet failed, Ret[0x80000004]     Solution:
Error   2024-10-06 20:01:13  DevID:MV-CS016-10UC(DA0498828)  Source-Line:libMvUsb3vTL.so(EventProcess.cpp-L0327)     Description:[Event]Parse Packet failed, Ret[0x80000004]     Solution:
Error   2024-10-06 20:01:13  DevID:MV-CS016-10UC(DA0498828)  Source-Line:libMvUsb3vTL.so(DriverLayer.cpp-L0635)     Description:[usb_bulk_write] errcode[-1], LIBUSB_ERROR_IO     Solution:
Error   2024-10-06 20:01:13  DevID:MV-CS016-10UC(DA0498828)  Source-Line:libMvUsb3vTL.so(DeviceControl.cpp-L0571)     Description:[WriteMemUnit]: nLen[-1] != nSendLen[24]     Solution:
Error   2024-10-06 20:01:13  DevID:MV-CS016-10UC(DA0498828)  Source-Line:libMvUsb3vTL.so(EventProcess.cpp-L0327)     Description:[Event]Parse Packet failed, Ret[0x80000004]     Solution:
Error   2024-10-06 20:01:13  DevID:MV-CS016-10UC(DA0498828)  Source-Line:libMvUsb3vTL.so(EventProcess.cpp-L0327)     Description:[Event]Parse Packet failed, Ret[0x80000004]     Solution:
Error   2024-10-06 20:01:13  DevID:MV-CS016-10UC(DA0498828)  Source-Line:libMvUsb3vTL.so(EventProcess.cpp-L0327)     Description:[Event]Parse Packet failed, Ret[0x80000004]     Solution:
Error   2024-10-06 20:01:13  DevID:MV-CS016-10UC(DA0498828)  Source-Line:libMvUsb3vTL.so(EventProcess.cpp-L0327)     Description:[Event]Parse Packet failed, Ret[0x80000004]     Solution:
Error   2024-10-06 20:01:13  DevID:MV-CS016-10UC(DA0498828)  Source-Line:libMvUsb3vTL.so(DriverLayer.cpp-L0635)     Description:[usb_bulk_write] errcode[-1], LIBUSB_ERROR_IO     Solution:
Error   2024-10-06 20:01:13  DevID:MV-CS016-10UC(DA0498828)  Source-Line:libMvUsb3vTL.so(DeviceControl.cpp-L0571)     Description:[WriteMemUnit]: nLen[-1] != nSendLen[24]     Solution:
Error   2024-10-06 20:01:13  DevID:MV-CS016-10UC(DA0498828)  Source-Line:libMvUsb3vTL.so(EventProcess.cpp-L0327)     Description:[Event]Parse Packet failed, Ret[0x80000004]     Solution:
Error   2024-10-06 20:01:13  DevID:MV-CS016-10UC(DA0498828)  Source-Line:libMvUsb3vTL.so(DriverLayer.cpp-L0635)     Description:[usb_bulk_write] errcode[-1], LIBUSB_ERROR_IO     Solution:
Error   2024-10-06 20:01:13  DevID:MV-CS016-10UC(DA0498828)  Source-Line:libMvUsb3vTL.so(DeviceControl.cpp-L0571)     Description:[WriteMemUnit]: nLen[-1] != nSendLen[24]     Solution:
Error   2024-10-06 20:01:13  DevID:MV-CS016-10UC(DA0498828)  Source-Line:libMvUsb3vTL.so(DeviceControl.cpp-L1185)     Description:Set SI 1 fail, error code:[0x80000301]     Solution:
Error   2024-10-06 20:01:13  DevID:MV-CS016-10UC(DA0498828)  Source-Line:libMvUsb3vTL.so(EventProcess.cpp-L0327)     Description:[Event]Parse Packet failed, Ret[0x80000004]     Solution:
Error   2024-10-06 20:01:13  DevID:MV-CS016-10UC(DA0498828)  Source-Line:libMvUsb3vTL.so(EventProcess.cpp-L0327)     Description:[Event]Parse Packet failed, Ret[0x80000004]     Solution:
Error   2024-10-06 20:01:13  DevID:MV-CS016-10UC(DA0498828)  Source-Line:libMvUsb3vTL.so(DriverLayer.cpp-L0660)     Description:[usb_control_msg] errcode[-1]     Solution:
Error   2024-10-06 20:01:13  DevID:MV-CS016-10UC(DA0498828)  Source-Line:libMvUsb3vTL.so(DriverLayer.cpp-L0551)     Description:[libusb_clear_halt] errcode[-99], LIBUSB_ERROR_OTHER     Solution:
Error   2024-10-06 20:01:13  DevID:MV-CS016-10UC(DA0498828)  Source-Line:libMvUsb3vTL.so(EventProcess.cpp-L0327)     Description:[Event]Parse Packet failed, Ret[0x80000004]     Solution:
Error   2024-10-06 20:01:13  DevID:MV-CS016-10UC(DA0498828)  Source-Line:libMvUsb3vTL.so(EventProcess.cpp-L0327)     Description:[Event]Parse Packet failed, Ret[0x80000004]     Solution:
Error   2024-10-06 20:01:13  DevID:MV-CS016-10UC(DA0498828)  Source-Line:libMvUsb3vTL.so(EventProcess.cpp-L0327)     Description:[Event]Parse Packet failed, Ret[0x80000004]     Solution:
Error   2024-10-06 20:01:13  DevID:MV-CS016-10UC(DA0498828)  Source-Line:libMvUsb3vTL.so(DriverLayer.cpp-L0635)     Description:[usb_bulk_write] errcode[-1], LIBUSB_ERROR_IO     Solution:
Error   2024-10-06 20:01:13  DevID:MV-CS016-10UC(DA0498828)  Source-Line:libMvUsb3vTL.so(DeviceControl.cpp-L0571)     Description:[WriteMemUnit]: nLen[-1] != nSendLen[24]     Solution:
Error   2024-10-06 20:01:13  DevID:MV-CS016-10UC(DA0498828)  Source-Line:libMvUsb3vTL.so(EventProcess.cpp-L0327)     Description:[Event]Parse Packet failed, Ret[0x80000004]     Solution:
Error   2024-10-06 20:01:13  DevID:MV-CS016-10UC(DA0498828)  Source-Line:libMvUsb3vTL.so(EventProcess.cpp-L0327)     Description:[Event]Parse Packet failed, Ret[0x80000004]     Solution:
Error   2024-10-06 20:01:13  DevID:MV-CS016-10UC(DA0498828)  Source-Line:libMvUsb3vTL.so(DriverLayer.cpp-L0635)     Description:[usb_bulk_write] errcode[-1], LIBUSB_ERROR_IO     Solution:
Error   2024-10-06 20:01:13  DevID:MV-CS016-10UC(DA0498828)  Source-Line:libMvUsb3vTL.so(DeviceControl.cpp-L0571)     Description:[WriteMemUnit]: nLen[-1] != nSendLen[24]     Solution:
Error   2024-10-06 20:01:13  DevID:MV-CS016-10UC(DA0498828)  Source-Line:libMvUsb3vTL.so(DeviceControl.cpp-L1185)     Description:Set SI 1 fail, error code:[0x80000301]     Solution:
Error   2024-10-06 20:01:13  DevID:MV-CS016-10UC(DA0498828)  Source-Line:libMvUsb3vTL.so(EventProcess.cpp-L0327)     Description:[Event]Parse Packet failed, Ret[0x80000004]     Solution:
Error   2024-10-06 20:01:13  DevID:MV-CS016-10UC(DA0498828)  Source-Line:libMvUsb3vTL.so(DriverLayer.cpp-L0660)     Description:[usb_control_msg] errcode[-1]     Solution:
Error   2024-10-06 20:01:13  DevID:MV-CS016-10UC(DA0498828)  Source-Line:libMvUsb3vTL.so(DriverLayer.cpp-L0551)     Description:[libusb_clear_halt] errcode[-99], LIBUSB_ERROR_OTHER     Solution:
Error   2024-10-06 20:01:13  DevID:MV-CS016-10UC(DA0498828)  Source-Line:libMvUsb3vTL.so(EventProcess.cpp-L0327)     Description:[Event]Parse Packet failed, Ret[0x80000004]     Solution:
Error   2024-10-06 20:01:13  DevID:MV-CS016-10UC(DA0498828)  Source-Line:libMvUsb3vTL.so(EventProcess.cpp-L0327)     Description:[Event]Parse Packet failed, Ret[0x80000004]     Solution:
Error   2024-10-06 20:01:13  DevID:MV-CS016-10UC(DA0498828)  Source-Line:libMvUsb3vTL.so(DriverLayer.cpp-L0635)     Description:[usb_bulk_write] errcode[-1], LIBUSB_ERROR_IO     Solution:
Error   2024-10-06 20:01:13  DevID:MV-CS016-10UC(DA0498828)  Source-Line:libMvUsb3vTL.so(DeviceControl.cpp-L0571)     Description:[WriteMemUnit]: nLen[-1] != nSendLen[24]     Solution:
Error   2024-10-06 20:01:13  DevID:MV-CS016-10UC(DA0498828)  Source-Line:libMvUsb3vTL.so(EventProcess.cpp-L0327)     Description:[Event]Parse Packet failed, Ret[0x80000004]     Solution:
Error   2024-10-06 20:01:13  DevID:MV-CS016-10UC(DA0498828)  Source-Line:libMvUsb3vTL.so(EventProcess.cpp-L0327)     Description:[Event]Parse Packet failed, Ret[0x80000004]     Solution:
Error   2024-10-06 20:01:13  DevID:MV-CS016-10UC(DA0498828)  Source-Line:libMvUsb3vTL.so(DriverLayer.cpp-L0635)     Description:[usb_bulk_write] errcode[-1], LIBUSB_ERROR_IO     Solution:
Error   2024-10-06 20:01:13  DevID:MV-CS016-10UC(DA0498828)  Source-Line:libMvUsb3vTL.so(DriverLayer.cpp-L0660)     Description:[usb_control_msg] errcode[-1]     Solution:
Error   2024-10-06 20:01:13  DevID:MV-CS016-10UC(DA0498828)  Source-Line:libMvUsb3vTL.so(DriverLayer.cpp-L0551)     Description:[libusb_clear_halt] errcode[-99], LIBUSB_ERROR_OTHER     Solution:
Error   2024-10-06 20:01:13  DevID:MV-CS016-10UC(DA0498828)  Source-Line:libMvUsb3vTL.so(EventProcess.cpp-L0327)     Description:[Event]Parse Packet failed, Ret[0x80000004]     Solution:
Error   2024-10-06 20:01:13  DevID:MV-CS016-10UC(DA0498828)  Source-Line:libMvUsb3vTL.so(EventProcess.cpp-L0327)     Description:[Event]Parse Packet failed, Ret[0x80000004]     Solution:
Error   2024-10-06 20:01:13  DevID:MV-CS016-10UC(DA0498828)  Source-Line:libMvUsb3vTL.so(EventProcess.cpp-L0327)     Description:[Event]Parse Packet failed, Ret[0x80000004]     Solution:
Error   2024-10-06 20:01:13  DevID:MV-CS016-10UC(DA0498828)  Source-Line:libMvUsb3vTL.so(DriverLayer.cpp-L0635)     Description:[usb_bulk_write] errcode[-1], LIBUSB_ERROR_IO     Solution:
Error   2024-10-06 20:01:13  DevID:MV-CS016-10UC(DA0498828)  Source-Line:libMvUsb3vTL.so(DeviceControl.cpp-L0571)     Description:[WriteMemUnit]: nLen[-1] != nSendLen[24]     Solution:
Error   2024-10-06 20:01:13  DevID:MV-CS016-10UC(DA0498828)  Source-Line:libMvUsb3vTL.so(EventProcess.cpp-L0327)     Description:[Event]Parse Packet failed, Ret[0x80000004]     Solution:
Error   2024-10-06 20:01:13  DevID:MV-CS016-10UC(DA0498828)  Source-Line:libMvUsb3vTL.so(DriverLayer.cpp-L0635)     Description:[usb_bulk_write] errcode[-1], LIBUSB_ERROR_IO     Solution:
Error   2024-10-06 20:01:13  DevID:MV-CS016-10UC(DA0498828)  Source-Line:libMvUsb3vTL.so(DeviceControl.cpp-L0571)     Description:[WriteMemUnit]: nLen[-1] != nSendLen[24]     Solution:
Error   2024-10-06 20:01:13  DevID:MV-CS016-10UC(DA0498828)  Source-Line:libMvUsb3vTL.so(DeviceControl.cpp-L1185)     Description:Set SI 1 fail, error code:[0x80000301]     Solution:
Error   2024-10-06 20:01:13  DevID:MV-CS016-10UC(DA0498828)  Source-Line:libMvUsb3vTL.so(EventProcess.cpp-L0327)     Description:[Event]Parse Packet failed, Ret[0x80000004]     Solution:
Error   2024-10-06 20:01:13  DevID:MV-CS016-10UC(DA0498828)  Source-Line:libMvUsb3vTL.so(EventProcess.cpp-L0327)     Description:[Event]Parse Packet failed, Ret[0x80000004]     Solution:
Error   2024-10-06 20:01:13  DevID:MV-CS016-10UC(DA0498828)  Source-Line:libMvUsb3vTL.so(DriverLayer.cpp-L0660)     Description:[usb_control_msg] errcode[-1]     Solution:
Error   2024-10-06 20:01:13  DevID:MV-CS016-10UC(DA0498828)  Source-Line:libMvUsb3vTL.so(DriverLayer.cpp-L0551)     Description:[libusb_clear_halt] errcode[-99], LIBUSB_ERROR_OTHER     Solution:
Error   2024-10-06 20:01:13  DevID:MV-CS016-10UC(DA0498828)  Source-Line:libMvUsb3vTL.so(EventProcess.cpp-L0327)     Description:[Event]Parse Packet failed, Ret[0x80000004]     Solution:
Error   2024-10-06 20:01:13  DevID:MV-CS016-10UC(DA0498828)  Source-Line:libMvUsb3vTL.so(EventProcess.cpp-L0327)     Description:[Event]Parse Packet failed, Ret[0x80000004]     Solution:
Error   2024-10-06 20:01:13  DevID:MV-CS016-10UC(DA0498828)  Source-Line:libMvUsb3vTL.so(EventProcess.cpp-L0327)     Description:[Event]Parse Packet failed, Ret[0x80000004]     Solution:
Error   2024-10-06 20:01:13  DevID:MV-CS016-10UC(DA0498828)  Source-Line:libMvUsb3vTL.so(DriverLayer.cpp-L0635)     Description:[usb_bulk_write] errcode[-1], LIBUSB_ERROR_IO     Solution:
Error   2024-10-06 20:01:13  DevID:MV-CS016-10UC(DA0498828)  Source-Line:libMvUsb3vTL.so(DeviceControl.cpp-L0571)     Description:[WriteMemUnit]: nLen[-1] != nSendLen[24]     Solution:
Error   2024-10-06 20:01:13  DevID:MV-CS016-10UC(DA0498828)  Source-Line:libMvUsb3vTL.so(EventProcess.cpp-L0327)     Description:[Event]Parse Packet failed, Ret[0x80000004]     Solution:
Error   2024-10-06 20:01:13  DevID:MV-CS016-10UC(DA0498828)  Source-Line:libMvUsb3vTL.so(EventProcess.cpp-L0327)     Description:[Event]Parse Packet failed, Ret[0x80000004]     Solution:
Error   2024-10-06 20:01:13  DevID:MV-CS016-10UC(DA0498828)  Source-Line:libMvUsb3vTL.so(DriverLayer.cpp-L0635)     Description:[usb_bulk_write] errcode[-1], LIBUSB_ERROR_IO     Solution:
Error   2024-10-06 20:01:13  DevID:MV-CS016-10UC(DA0498828)  Source-Line:libMvUsb3vTL.so(DeviceControl.cpp-L0571)     Description:[WriteMemUnit]: nLen[-1] != nSendLen[24]     Solution:
Error   2024-10-06 20:01:13  DevID:MV-CS016-10UC(DA0498828)  Source-Line:libMvUsb3vTL.so(DeviceControl.cpp-L1185)     Description:Set SI 1 fail, error code:[0x80000301]     Solution:
Error   2024-10-06 20:01:13  DevID:MV-CS016-10UC(DA0498828)  Source-Line:libMvUsb3vTL.so(EventProcess.cpp-L0327)     Description:[Event]Parse Packet failed, Ret[0x80000004]     Solution:
Error   2024-10-06 20:01:13  DevID:MV-CS016-10UC(DA0498828)  Source-Line:libMvUsb3vTL.so(EventProcess.cpp-L0327)     Description:[Event]Parse Packet failed, Ret[0x80000004]     Solution:
Error   2024-10-06 20:01:13  DevID:MV-CS016-10UC(DA0498828)  Source-Line:libMvUsb3vTL.so(DriverLayer.cpp-L0660)     Description:[usb_control_msg] errcode[-1]     Solution:
Error   2024-10-06 20:01:13  DevID:MV-CS016-10UC(DA0498828)  Source-Line:libMvUsb3vTL.so(DriverLayer.cpp-L0551)     Description:[libusb_clear_halt] errcode[-99], LIBUSB_ERROR_OTHER     Solution:
Error   2024-10-06 20:01:13  DevID:MV-CS016-10UC(DA0498828)  Source-Line:libMvUsb3vTL.so(EventProcess.cpp-L0327)     Description:[Event]Parse Packet failed, Ret[0x80000004]     Solution:
Error   2024-10-06 20:01:13  DevID:MV-CS016-10UC(DA0498828)  Source-Line:libMvUsb3vTL.so(EventProcess.cpp-L0327)     Description:[Event]Parse Packet failed, Ret[0x80000004]     Solution:
Error   2024-10-06 20:01:13  DevID:MV-CS016-10UC(DA0498828)  Source-Line:libMvUsb3vTL.so(DriverLayer.cpp-L0635)     Description:[usb_bulk_write] errcode[-1], LIBUSB_ERROR_IO     Solution:
Error   2024-10-06 20:01:13  DevID:MV-CS016-10UC(DA0498828)  Source-Line:libMvUsb3vTL.so(DeviceControl.cpp-L0571)     Description:[WriteMemUnit]: nLen[-1] != nSendLen[24]     Solution:
Error   2024-10-06 20:01:13  DevID:MV-CS016-10UC(DA0498828)  Source-Line:libMvUsb3vTL.so(DeviceControl.cpp-L1185)     Description:Set SI 1 fail, error code:[0x80000301]     Solution:
Error   2024-10-06 20:01:13  DevID:MV-CS016-10UC(DA0498828)  Source-Line:libMvUsb3vTL.so(EventProcess.cpp-L0327)     Description:[Event]Parse Packet failed, Ret[0x80000004]     Solution:
Error   2024-10-06 20:01:13  DevID:MV-CS016-10UC(DA0498828)  Source-Line:libMvUsb3vTL.so(EventProcess.cpp-L0327)     Description:[Event]Parse Packet failed, Ret[0x80000004]     Solution:
Error   2024-10-06 20:01:13  DevID:MV-CS016-10UC(DA0498828)  Source-Line:libMvUsb3vTL.so(DriverLayer.cpp-L0660)     Description:[usb_control_msg] errcode[-1]     Solution:
Error   2024-10-06 20:01:13  DevID:MV-CS016-10UC(DA0498828)  Source-Line:libMvUsb3vTL.so(DriverLayer.cpp-L0551)     Description:[libusb_clear_halt] errcode[-99], LIBUSB_ERROR_OTHER     Solution:
Error   2024-10-06 20:01:13  DevID:MV-CS016-10UC(DA0498828)  Source-Line:libMvUsb3vTL.so(EventProcess.cpp-L0327)     Description:[Event]Parse Packet failed, Ret[0x80000004]     Solution:
Error   2024-10-06 20:01:13  DevID:MV-CS016-10UC(DA0498828)  Source-Line:libMvUsb3vTL.so(EventProcess.cpp-L0327)     Description:[Event]Parse Packet failed, Ret[0x80000004]     Solution:
Error   2024-10-06 20:01:13  DevID:MV-CS016-10UC(DA0498828)  Source-Line:libMvUsb3vTL.so(DriverLayer.cpp-L0635)     Description:[usb_bulk_write] errcode[-1], LIBUSB_ERROR_IO     Solution:
Error   2024-10-06 20:01:13  DevID:MV-CS016-10UC(DA0498828)  Source-Line:libMvUsb3vTL.so(DeviceControl.cpp-L0571)     Description:[WriteMemUnit]: nLen[-1] != nSendLen[24]     Solution:
Error   2024-10-06 20:01:13  DevID:MV-CS016-10UC(DA0498828)  Source-Line:libMvUsb3vTL.so(EventProcess.cpp-L0327)     Description:[Event]Parse Packet failed, Ret[0x80000004]     Solution:
Error   2024-10-06 20:01:13  DevID:MV-CS016-10UC(DA0498828)  Source-Line:libMvUsb3vTL.so(DriverLayer.cpp-L0635)     Description:[usb_bulk_write] errcode[-1], LIBUSB_ERROR_IO     Solution:
Error   2024-10-06 20:01:13  DevID:MV-CS016-10UC(DA0498828)  Source-Line:libMvUsb3vTL.so(DeviceControl.cpp-L0571)     Description:[WriteMemUnit]: nLen[-1] != nSendLen[24]     Solution:
Error   2024-10-06 20:01:13  DevID:MV-CS016-10UC(DA0498828)  Source-Line:libMvUsb3vTL.so(DeviceControl.cpp-L1185)     Description:Set SI 1 fail, error code:[0x80000301]     Solution:
Error   2024-10-06 20:01:13  DevID:MV-CS016-10UC(DA0498828)  Source-Line:libMvUsb3vTL.so(EventProcess.cpp-L0327)     Description:[Event]Parse Packet failed, Ret[0x80000004]     Solution:
Error   2024-10-06 20:01:13  DevID:MV-CS016-10UC(DA0498828)  Source-Line:libMvUsb3vTL.so(EventProcess.cpp-L0327)     Description:[Event]Parse Packet failed, Ret[0x80000004]     Solution:
Error   2024-10-06 20:01:13  DevID:MV-CS016-10UC(DA0498828)  Source-Line:libMvUsb3vTL.so(DriverLayer.cpp-L0660)     Description:[usb_control_msg] errcode[-1]     Solution:
Error   2024-10-06 20:01:13  DevID:MV-CS016-10UC(DA0498828)  Source-Line:libMvUsb3vTL.so(DriverLayer.cpp-L0551)     Description:[libusb_clear_halt] errcode[-99], LIBUSB_ERROR_OTHER     Solution:
Error   2024-10-06 20:01:13  DevID:MV-CS016-10UC(DA0498828)  Source-Line:libMvUsb3vTL.so(EventProcess.cpp-L0327)     Description:[Event]Parse Packet failed, Ret[0x80000004]     Solution:
Error   2024-10-06 20:01:13  DevID:MV-CS016-10UC(DA0498828)  Source-Line:libMvUsb3vTL.so(EventProcess.cpp-L0327)     Description:[Event]Parse Packet failed, Ret[0x80000004]     Solution:
Error   2024-10-06 20:01:13  DevID:MV-CS016-10UC(DA0498828)  Source-Line:libMvUsb3vTL.so(EventProcess.cpp-L0327)     Description:[Event]Parse Packet failed, Ret[0x80000004]     Solution:
Error   2024-10-06 20:01:13  DevID:MV-CS016-10UC(DA0498828)  Source-Line:libMvUsb3vTL.so(DriverLayer.cpp-L0635)     Description:[usb_bulk_write] errcode[-1], LIBUSB_ERROR_IO     Solution:
Error   2024-10-06 20:01:13  DevID:MV-CS016-10UC(DA0498828)  Source-Line:libMvUsb3vTL.so(DeviceControl.cpp-L0571)     Description:[WriteMemUnit]: nLen[-1] != nSendLen[24]     Solution:
Error   2024-10-06 20:01:13  DevID:MV-CS016-10UC(DA0498828)  Source-Line:libMvUsb3vTL.so(EventProcess.cpp-L0327)     Description:[Event]Parse Packet failed, Ret[0x80000004]     Solution:
Error   2024-10-06 20:01:13  DevID:MV-CS016-10UC(DA0498828)  Source-Line:libMvUsb3vTL.so(EventProcess.cpp-L0327)     Description:[Event]Parse Packet failed, Ret[0x80000004]     Solution:
Error   2024-10-06 20:01:13  DevID:MV-CS016-10UC(DA0498828)  Source-Line:libMvUsb3vTL.so(DriverLayer.cpp-L0635)     Description:[usb_bulk_write] errcode[-1], LIBUSB_ERROR_IO     Solution:
Error   2024-10-06 20:01:13  DevID:MV-CS016-10UC(DA0498828)  Source-Line:libMvUsb3vTL.so(DeviceControl.cpp-L0571)     Description:[WriteMemUnit]: nLen[-1] != nSendLen[24]     Solution:
Error   2024-10-06 20:01:13  DevID:MV-CS016-10UC(DA0498828)  Source-Line:libMvUsb3vTL.so(DeviceControl.cpp-L1185)     Description:Set SI 1 fail, error code:[0x80000301]     Solution:
Error   2024-10-06 20:01:13  DevID:MV-CS016-10UC(DA0498828)  Source-Line:libMvUsb3vTL.so(EventProcess.cpp-L0327)     Description:[Event]Parse Packet failed, Ret[0x80000004]     Solution:
Error   2024-10-06 20:01:13  DevID:MV-CS016-10UC(DA0498828)  Source-Line:libMvUsb3vTL.so(EventProcess.cpp-L0327)     Description:[Event]Parse Packet failed, Ret[0x80000004]     Solution:
Error   2024-10-06 20:01:13  DevID:MV-CS016-10UC(DA0498828)  Source-Line:libMvUsb3vTL.so(EventProcess.cpp-L0327)     Description:[Event]Parse Packet failed, Ret[0x80000004]     Solution:
Error   2024-10-06 20:01:13  DevID:MV-CS016-10UC(DA0498828)  Source-Line:libMvUsb3vTL.so(EventProcess.cpp-L0327)     Description:[Event]Parse Packet failed, Ret[0x80000004]     Solution:
Error   2024-10-06 20:01:13  DevID:MV-CS016-10UC(DA0498828)  Source-Line:libMvUsb3vTL.so(EventProcess.cpp-L0327)     Description:[Event]Parse Packet failed, Ret[0x80000004]     Solution:
Error   2024-10-06 20:01:13  DevID:MV-CS016-10UC(DA0498828)  Source-Line:libMvUsb3vTL.so(EventProcess.cpp-L0327)     Description:[Event]Parse Packet failed, Ret[0x80000004]     Solution:
Error   2024-10-06 20:01:13  DevID:MV-CS016-10UC(DA0498828)  Source-Line:libMvUsb3vTL.so(EventProcess.cpp-L0327)     Description:[Event]Parse Packet failed, Ret[0x80000004]     Solution:
Error   2024-10-06 20:01:13  DevID:MV-CS016-10UC(DA0498828)  Source-Line:libMvUsb3vTL.so(EventProcess.cpp-L0327)     Description:[Event]Parse Packet failed, Ret[0x80000004]     Solution:
Error   2024-10-06 20:01:13  DevID:MV-CS016-10UC(DA0498828)  Source-Line:libMvUsb3vTL.so(EventProcess.cpp-L0327)     Description:[Event]Parse Packet failed, Ret[0x80000004]     Solution:
Error   2024-10-06 20:01:13  DevID:MV-CS016-10UC(DA0498828)  Source-Line:libMvUsb3vTL.so(EventProcess.cpp-L0327)     Description:[Event]Parse Packet failed, Ret[0x80000004]     Solution:
Error   2024-10-06 20:01:13  DevID:MV-CS016-10UC(DA0498828)  Source-Line:libMvUsb3vTL.so(EventProcess.cpp-L0327)     Description:[Event]Parse Packet failed, Ret[0x80000004]     Solution:
Error   2024-10-06 20:01:13  DevID:MV-CS016-10UC(DA0498828)  Source-Line:libMvUsb3vTL.so(EventProcess.cpp-L0327)     Description:[Event]Parse Packet failed, Ret[0x80000004]     Solution:
Error   2024-10-06 20:01:13  DevID:MV-CS016-10UC(DA0498828)  Source-Line:libMvUsb3vTL.so(EventProcess.cpp-L0327)     Description:[Event]Parse Packet failed, Ret[0x80000004]     Solution:
Error   2024-10-06 20:01:13  DevID:MV-CS016-10UC(DA0498828)  Source-Line:libMvUsb3vTL.so(EventProcess.cpp-L0327)     Description:[Event]Parse Packet failed, Ret[0x80000004]     Solution:
Error   2024-10-06 20:01:13  DevID:MV-CS016-10UC(DA0498828)  Source-Line:libMvUsb3vTL.so(DriverLayer.cpp-L0551)     Description:[libusb_clear_halt] errcode[-99], LIBUSB_ERROR_OTHER     Solution:
Error   2024-10-06 20:01:13  DevID:MV-CS016-10UC(DA0498828)  Source-Line:libMvUsb3vTL.so(EventProcess.cpp-L0327)     Description:[Event]Parse Packet failed, Ret[0x80000004]     Solution:
Error   2024-10-06 20:01:13  DevID:MV-CS016-10UC(DA0498828)  Source-Line:libMvUsb3vTL.so(EventProcess.cpp-L0327)     Description:[Event]Parse Packet failed, Ret[0x80000004]     Solution:
Error   2024-10-06 20:01:13  DevID:MV-CS016-10UC(DA0498828)  Source-Line:libMvUsb3vTL.so(EventProcess.cpp-L0327)     Description:[Event]Parse Packet failed, Ret[0x80000004]     Solution:
Error   2024-10-06 20:01:13  DevID:MV-CS016-10UC(DA0498828)  Source-Line:libMvUsb3vTL.so(DriverLayer.cpp-L0635)     Description:[usb_bulk_write] errcode[-1], LIBUSB_ERROR_IO     Solution:
Error   2024-10-06 20:01:13  DevID:MV-CS016-10UC(DA0498828)  Source-Line:libMvUsb3vTL.so(DeviceControl.cpp-L0571)     Description:[WriteMemUnit]: nLen[-1] != nSendLen[24]     Solution:
Error   2024-10-06 20:01:13  DevID:MV-CS016-10UC(DA0498828)  Source-Line:libMvUsb3vTL.so(EventProcess.cpp-L0327)     Description:[Event]Parse Packet failed, Ret[0x80000004]     Solution:
Error   2024-10-06 20:01:13  DevID:MV-CS016-10UC(DA0498828)  Source-Line:libMvUsb3vTL.so(DriverLayer.cpp-L0635)     Description:[usb_bulk_write] errcode[-1], LIBUSB_ERROR_IO     Solution:
Error   2024-10-06 20:01:13  DevID:MV-CS016-10UC(DA0498828)  Source-Line:libMvUsb3vTL.so(DeviceControl.cpp-L0571)     Description:[WriteMemUnit]: nLen[-1] != nSendLen[24]     Solution:
Error   2024-10-06 20:01:13  DevID:MV-CS016-10UC(DA0498828)  Source-Line:libMvUsb3vTL.so(DeviceControl.cpp-L1185)     Description:Set SI 1 fail, error code:[0x80000301]     Solution:
Error   2024-10-06 20:01:13  DevID:MV-CS016-10UC(DA0498828)  Source-Line:libMvUsb3vTL.so(EventProcess.cpp-L0327)     Description:[Event]Parse Packet failed, Ret[0x80000004]     Solution:
Error   2024-10-06 20:01:13  DevID:MV-CS016-10UC(DA0498828)  Source-Line:libMvUsb3vTL.so(DriverLayer.cpp-L0660)     Description:[usb_control_msg] errcode[-1]     Solution:
Error   2024-10-06 20:01:13  DevID:MV-CS016-10UC(DA0498828)  Source-Line:libMvUsb3vTL.so(DriverLayer.cpp-L0551)     Description:[libusb_clear_halt] errcode[-99], LIBUSB_ERROR_OTHER     Solution:
Error   2024-10-06 20:01:13  DevID:MV-CS016-10UC(DA0498828)  Source-Line:libMvUsb3vTL.so(EventProcess.cpp-L0327)     Description:[Event]Parse Packet failed, Ret[0x80000004]     Solution:
Error   2024-10-06 20:01:13  DevID:MV-CS016-10UC(DA0498828)  Source-Line:libMvUsb3vTL.so(EventProcess.cpp-L0327)     Description:[Event]Parse Packet failed, Ret[0x80000004]     Solution:
Error   2024-10-06 20:01:13  DevID:MV-CS016-10UC(DA0498828)  Source-Line:libMvUsb3vTL.so(EventProcess.cpp-L0327)     Description:[Event]Parse Packet failed, Ret[0x80000004]     Solution:
Error   2024-10-06 20:01:13  DevID:MV-CS016-10UC(DA0498828)  Source-Line:libMvUsb3vTL.so(DriverLayer.cpp-L0635)     Description:[usb_bulk_write] errcode[-1], LIBUSB_ERROR_IO     Solution:
Error   2024-10-06 20:01:13  DevID:MV-CS016-10UC(DA0498828)  Source-Line:libMvUsb3vTL.so(DeviceControl.cpp-L0571)     Description:[WriteMemUnit]: nLen[-1] != nSendLen[24]     Solution:
Error   2024-10-06 20:01:13  DevID:MV-CS016-10UC(DA0498828)  Source-Line:libMvUsb3vTL.so(EventProcess.cpp-L0327)     Description:[Event]Parse Packet failed, Ret[0x80000004]     Solution:
Error   2024-10-06 20:01:13  DevID:MV-CS016-10UC(DA0498828)  Source-Line:libMvUsb3vTL.so(DriverLayer.cpp-L0635)     Description:[usb_bulk_write] errcode[-1], LIBUSB_ERROR_IO     Solution:
Error   2024-10-06 20:01:13  DevID:MV-CS016-10UC(DA0498828)  Source-Line:libMvUsb3vTL.so(DeviceControl.cpp-L0571)     Description:[WriteMemUnit]: nLen[-1] != nSendLen[24]     Solution:
Error   2024-10-06 20:01:13  DevID:MV-CS016-10UC(DA0498828)  Source-Line:libMvUsb3vTL.so(DriverLayer.cpp-L0551)     Description:[libusb_clear_halt] errcode[-99], LIBUSB_ERROR_OTHER     Solution:
Error   2024-10-06 20:01:13  DevID:MV-CS016-10UC(DA0498828)  Source-Line:libMvUsb3vTL.so(EventProcess.cpp-L0327)     Description:[Event]Parse Packet failed, Ret[0x80000004]     Solution:
Error   2024-10-06 20:01:13  DevID:MV-CS016-10UC(DA0498828)  Source-Line:libMvUsb3vTL.so(EventProcess.cpp-L0327)     Description:[Event]Parse Packet failed, Ret[0x80000004]     Solution:
Error   2024-10-06 20:01:13  DevID:MV-CS016-10UC(DA0498828)  Source-Line:libMvUsb3vTL.so(DriverLayer.cpp-L0635)     Description:[usb_bulk_write] errcode[-1], LIBUSB_ERROR_IO     Solution:
Error   2024-10-06 20:01:13  DevID:MV-CS016-10UC(DA0498828)  Source-Line:libMvUsb3vTL.so(DeviceControl.cpp-L0571)     Description:[WriteMemUnit]: nLen[-1] != nSendLen[24]     Solution:
Error   2024-10-06 20:01:13  DevID:MV-CS016-10UC(DA0498828)  Source-Line:libMvUsb3vTL.so(EventProcess.cpp-L0327)     Description:[Event]Parse Packet failed, Ret[0x80000004]     Solution:
Error   2024-10-06 20:01:13  DevID:MV-CS016-10UC(DA0498828)  Source-Line:libMvUsb3vTL.so(DriverLayer.cpp-L0635)     Description:[usb_bulk_write] errcode[-1], LIBUSB_ERROR_IO     Solution:
Error   2024-10-06 20:01:13  DevID:MV-CS016-10UC(DA0498828)  Source-Line:libMvUsb3vTL.so(DeviceControl.cpp-L0571)     Description:[WriteMemUnit]: nLen[-1] != nSendLen[24]     Solution:
Error   2024-10-06 20:01:13  DevID:MV-CS016-10UC(DA0498828)  Source-Line:libMvUsb3vTL.so(DeviceControl.cpp-L1185)     Description:Set SI 1 fail, error code:[0x80000301]     Solution:
Error   2024-10-06 20:01:13  DevID:MV-CS016-10UC(DA0498828)  Source-Line:libMvUsb3vTL.so(EventProcess.cpp-L0327)     Description:[Event]Parse Packet failed, Ret[0x80000004]     Solution:
Error   2024-10-06 20:01:13  DevID:MV-CS016-10UC(DA0498828)  Source-Line:libMvUsb3vTL.so(DriverLayer.cpp-L0660)     Description:[usb_control_msg] errcode[-1]     Solution:
Error   2024-10-06 20:01:13  DevID:MV-CS016-10UC(DA0498828)  Source-Line:libMvUsb3vTL.so(EventProcess.cpp-L0327)     Description:[Event]Parse Packet failed, Ret[0x80000004]     Solution:
Error   2024-10-06 20:01:13  DevID:MV-CS016-10UC(DA0498828)  Source-Line:libMvUsb3vTL.so(DriverLayer.cpp-L0551)     Description:[libusb_clear_halt] errcode[-99], LIBUSB_ERROR_OTHER     Solution:
Error   2024-10-06 20:01:13  DevID:MV-CS016-10UC(DA0498828)  Source-Line:libMvUsb3vTL.so(EventProcess.cpp-L0327)     Description:[Event]Parse Packet failed, Ret[0x80000004]     Solution:
Error   2024-10-06 20:01:13  DevID:MV-CS016-10UC(DA0498828)  Source-Line:libMvUsb3vTL.so(EventProcess.cpp-L0327)     Description:[Event]Parse Packet failed, Ret[0x80000004]     Solution:
Error   2024-10-06 20:01:13  DevID:MV-CS016-10UC(DA0498828)  Source-Line:libMvUsb3vTL.so(DriverLayer.cpp-L0635)     Description:[usb_bulk_write] errcode[-1], LIBUSB_ERROR_IO     Solution:
Error   2024-10-06 20:01:13  DevID:MV-CS016-10UC(DA0498828)  Source-Line:libMvUsb3vTL.so(DeviceControl.cpp-L0571)     Description:[WriteMemUnit]: nLen[-1] != nSendLen[24]     Solution:
Error   2024-10-06 20:01:13  DevID:MV-CS016-10UC(DA0498828)  Source-Line:libMvUsb3vTL.so(EventProcess.cpp-L0327)     Description:[Event]Parse Packet failed, Ret[0x80000004]     Solution:
Error   2024-10-06 20:01:13  DevID:MV-CS016-10UC(DA0498828)  Source-Line:libMvUsb3vTL.so(DriverLayer.cpp-L0635)     Description:[usb_bulk_write] errcode[-1], LIBUSB_ERROR_IO     Solution:
Error   2024-10-06 20:01:13  DevID:MV-CS016-10UC(DA0498828)  Source-Line:libMvUsb3vTL.so(DeviceControl.cpp-L0571)     Description:[WriteMemUnit]: nLen[-1] != nSendLen[24]     Solution:
Error   2024-10-06 20:01:13  DevID:MV-CS016-10UC(DA0498828)  Source-Line:libMvUsb3vTL.so(DeviceControl.cpp-L1185)     Description:Set SI 1 fail, error code:[0x80000301]     Solution:
Error   2024-10-06 20:01:13  DevID:MV-CS016-10UC(DA0498828)  Source-Line:libMvUsb3vTL.so(EventProcess.cpp-L0327)     Description:[Event]Parse Packet failed, Ret[0x80000004]     Solution:
Error   2024-10-06 20:01:13  DevID:MV-CS016-10UC(DA0498828)  Source-Line:libMvUsb3vTL.so(DriverLayer.cpp-L0660)     Description:[usb_control_msg] errcode[-1]     Solution:
Error   2024-10-06 20:01:13  DevID:MV-CS016-10UC(DA0498828)  Source-Line:libMvUsb3vTL.so(EventProcess.cpp-L0327)     Description:[Event]Parse Packet failed, Ret[0x80000004]     Solution:
Error   2024-10-06 20:01:13  DevID:MV-CS016-10UC(DA0498828)  Source-Line:libMvUsb3vTL.so(DriverLayer.cpp-L0551)     Description:[libusb_clear_halt] errcode[-99], LIBUSB_ERROR_OTHER     Solution:
Error   2024-10-06 20:01:13  DevID:MV-CS016-10UC(DA0498828)  Source-Line:libMvUsb3vTL.so(EventProcess.cpp-L0327)     Description:[Event]Parse Packet failed, Ret[0x80000004]     Solution:
Error   2024-10-06 20:01:13  DevID:MV-CS016-10UC(DA0498828)  Source-Line:libMvUsb3vTL.so(DriverLayer.cpp-L0635)     Description:[usb_bulk_write] errcode[-1], LIBUSB_ERROR_IO     Solution:
Error   2024-10-06 20:01:13  DevID:MV-CS016-10UC(DA0498828)  Source-Line:libMvUsb3vTL.so(DeviceControl.cpp-L0571)     Description:[WriteMemUnit]: nLen[-1] != nSendLen[24]     Solution:
Error   2024-10-06 20:01:13  DevID:MV-CS016-10UC(DA0498828)  Source-Line:libMvUsb3vTL.so(EventProcess.cpp-L0327)     Description:[Event]Parse Packet failed, Ret[0x80000004]     Solution:
Error   2024-10-06 20:01:13  DevID:MV-CS016-10UC(DA0498828)  Source-Line:libMvUsb3vTL.so(EventProcess.cpp-L0327)     Description:[Event]Parse Packet failed, Ret[0x80000004]     Solution:
Error   2024-10-06 20:01:13  DevID:MV-CS016-10UC(DA0498828)  Source-Line:libMvUsb3vTL.so(DriverLayer.cpp-L0635)     Description:[usb_bulk_write] errcode[-1], LIBUSB_ERROR_IO     Solution:
Error   2024-10-06 20:01:13  DevID:MV-CS016-10UC(DA0498828)  Source-Line:libMvUsb3vTL.so(DeviceControl.cpp-L0571)     Description:[WriteMemUnit]: nLen[-1] != nSendLen[24]     Solution:
Error   2024-10-06 20:01:13  DevID:MV-CS016-10UC(DA0498828)  Source-Line:libMvUsb3vTL.so(EventProcess.cpp-L0327)     Description:[Event]Parse Packet failed, Ret[0x80000004]     Solution:
Error   2024-10-06 20:01:13  DevID:MV-CS016-10UC(DA0498828)  Source-Line:libMvUsb3vTL.so(DriverLayer.cpp-L0635)     Description:[usb_bulk_write] errcode[-1], LIBUSB_ERROR_IO     Solution:
Error   2024-10-06 20:01:13  DevID:MV-CS016-10UC(DA0498828)  Source-Line:libMvUsb3vTL.so(DeviceControl.cpp-L0571)     Description:[WriteMemUnit]: nLen[-1] != nSendLen[24]     Solution:
Error   2024-10-06 20:01:13  DevID:MV-CS016-10UC(DA0498828)  Source-Line:libMvUsb3vTL.so(EventProcess.cpp-L0327)     Description:[Event]Parse Packet failed, Ret[0x80000004]     Solution:
Error   2024-10-06 20:01:13  DevID:MV-CS016-10UC(DA0498828)  Source-Line:libMvUsb3vTL.so(DriverLayer.cpp-L0635)     Description:[usb_bulk_write] errcode[-1], LIBUSB_ERROR_IO     Solution:
Error   2024-10-06 20:01:13  DevID:MV-CS016-10UC(DA0498828)  Source-Line:libMvUsb3vTL.so(DeviceControl.cpp-L0571)     Description:[WriteMemUnit]: nLen[-1] != nSendLen[24]     Solution:
Error   2024-10-06 20:01:13  DevID:MV-CS016-10UC(DA0498828)  Source-Line:libMvUsb3vTL.so(DeviceControl.cpp-L1185)     Description:Set SI 1 fail, error code:[0x80000301]     Solution:
Error   2024-10-06 20:01:13  DevID:MV-CS016-10UC(DA0498828)  Source-Line:libMvUsb3vTL.so(EventProcess.cpp-L0327)     Description:[Event]Parse Packet failed, Ret[0x80000004]     Solution:
Error   2024-10-06 20:01:13  DevID:MV-CS016-10UC(DA0498828)  Source-Line:libMvUsb3vTL.so(DriverLayer.cpp-L0660)     Description:[usb_control_msg] errcode[-1]     Solution:
Error   2024-10-06 20:01:13  DevID:MV-CS016-10UC(DA0498828)  Source-Line:libMvUsb3vTL.so(DriverLayer.cpp-L0551)     Description:[libusb_clear_halt] errcode[-99], LIBUSB_ERROR_OTHER     Solution:
Error   2024-10-06 20:01:13  DevID:MV-CS016-10UC(DA0498828)  Source-Line:libMvUsb3vTL.so(EventProcess.cpp-L0327)     Description:[Event]Parse Packet failed, Ret[0x80000004]     Solution:
Error   2024-10-06 20:01:13  DevID:MV-CS016-10UC(DA0498828)  Source-Line:libMvUsb3vTL.so(EventProcess.cpp-L0327)     Description:[Event]Parse Packet failed, Ret[0x80000004]     Solution:
Error   2024-10-06 20:01:13  DevID:MV-CS016-10UC(DA0498828)  Source-Line:libMvUsb3vTL.so(DriverLayer.cpp-L0635)     Description:[usb_bulk_write] errcode[-1], LIBUSB_ERROR_IO     Solution:
Error   2024-10-06 20:01:13  DevID:MV-CS016-10UC(DA0498828)  Source-Line:libMvUsb3vTL.so(DeviceControl.cpp-L0571)     Description:[WriteMemUnit]: nLen[-1] != nSendLen[24]     Solution:
Error   2024-10-06 20:01:13  DevID:MV-CS016-10UC(DA0498828)  Source-Line:libMvUsb3vTL.so(EventProcess.cpp-L0327)     Description:[Event]Parse Packet failed, Ret[0x80000004]     Solution:
Error   2024-10-06 20:01:13  DevID:MV-CS016-10UC(DA0498828)  Source-Line:libMvUsb3vTL.so(DriverLayer.cpp-L0635)     Description:[usb_bulk_write] errcode[-1], LIBUSB_ERROR_IO     Solution:
Error   2024-10-06 20:01:13  DevID:MV-CS016-10UC(DA0498828)  Source-Line:libMvUsb3vTL.so(DeviceControl.cpp-L0571)     Description:[WriteMemUnit]: nLen[-1] != nSendLen[24]     Solution:
Error   2024-10-06 20:01:13  DevID:MV-CS016-10UC(DA0498828)  Source-Line:libMvUsb3vTL.so(DeviceControl.cpp-L1185)     Description:Set SI 1 fail, error code:[0x80000301]     Solution:
Error   2024-10-06 20:01:13  DevID:MV-CS016-10UC(DA0498828)  Source-Line:libMvUsb3vTL.so(EventProcess.cpp-L0327)     Description:[Event]Parse Packet failed, Ret[0x80000004]     Solution:
Error   2024-10-06 20:01:13  DevID:MV-CS016-10UC(DA0498828)  Source-Line:libMvUsb3vTL.so(EventProcess.cpp-L0327)     Description:[Event]Parse Packet failed, Ret[0x80000004]     Solution:
Error   2024-10-06 20:01:13  DevID:MV-CS016-10UC(DA0498828)  Source-Line:libMvUsb3vTL.so(DriverLayer.cpp-L0660)     Description:[usb_control_msg] errcode[-1]     Solution:
Error   2024-10-06 20:01:13  DevID:MV-CS016-10UC(DA0498828)  Source-Line:libMvUsb3vTL.so(DriverLayer.cpp-L0551)     Description:[libusb_clear_halt] errcode[-99], LIBUSB_ERROR_OTHER     Solution:
Error   2024-10-06 20:01:13  DevID:MV-CS016-10UC(DA0498828)  Source-Line:libMvUsb3vTL.so(EventProcess.cpp-L0327)     Description:[Event]Parse Packet failed, Ret[0x80000004]     Solution:
Error   2024-10-06 20:01:13  DevID:MV-CS016-10UC(DA0498828)  Source-Line:libMvUsb3vTL.so(EventProcess.cpp-L0327)     Description:[Event]Parse Packet failed, Ret[0x80000004]     Solution:
Error   2024-10-06 20:01:13  DevID:MV-CS016-10UC(DA0498828)  Source-Line:libMvUsb3vTL.so(EventProcess.cpp-L0327)     Description:[Event]Parse Packet failed, Ret[0x80000004]     Solution:
Error   2024-10-06 20:01:13  DevID:MV-CS016-10UC(DA0498828)  Source-Line:libMvUsb3vTL.so(DriverLayer.cpp-L0635)     Description:[usb_bulk_write] errcode[-1], LIBUSB_ERROR_IO     Solution:
Error   2024-10-06 20:01:13  DevID:MV-CS016-10UC(DA0498828)  Source-Line:libMvUsb3vTL.so(DeviceControl.cpp-L0571)     Description:[WriteMemUnit]: nLen[-1] != nSendLen[24]     Solution:
Error   2024-10-06 20:01:13  DevID:MV-CS016-10UC(DA0498828)  Source-Line:libMvUsb3vTL.so(EventProcess.cpp-L0327)     Description:[Event]Parse Packet failed, Ret[0x80000004]     Solution:
Error   2024-10-06 20:01:13  DevID:MV-CS016-10UC(DA0498828)  Source-Line:libMvUsb3vTL.so(DriverLayer.cpp-L0635)     Description:[usb_bulk_write] errcode[-1], LIBUSB_ERROR_IO     Solution:
Error   2024-10-06 20:01:13  DevID:MV-CS016-10UC(DA0498828)  Source-Line:libMvUsb3vTL.so(DeviceControl.cpp-L0571)     Description:[WriteMemUnit]: nLen[-1] != nSendLen[24]     Solution:
Error   2024-10-06 20:01:13  DevID:MV-CS016-10UC(DA0498828)  Source-Line:libMvUsb3vTL.so(DeviceControl.cpp-L1185)     Description:Set SI 1 fail, error code:[0x80000301]     Solution:
Error   2024-10-06 20:01:13  DevID:MV-CS016-10UC(DA0498828)  Source-Line:libMvUsb3vTL.so(EventProcess.cpp-L0327)     Description:[Event]Parse Packet failed, Ret[0x80000004]     Solution:
Error   2024-10-06 20:01:13  DevID:MV-CS016-10UC(DA0498828)  Source-Line:libMvUsb3vTL.so(EventProcess.cpp-L0327)     Description:[Event]Parse Packet failed, Ret[0x80000004]     Solution:
Error   2024-10-06 20:01:13  DevID:MV-CS016-10UC(DA0498828)  Source-Line:libMvUsb3vTL.so(DriverLayer.cpp-L0635)     Description:[usb_bulk_write] errcode[-1], LIBUSB_ERROR_IO     Solution:
Error   2024-10-06 20:01:13  DevID:MV-CS016-10UC(DA0498828)  Source-Line:libMvUsb3vTL.so(DeviceControl.cpp-L0571)     Description:[WriteMemUnit]: nLen[-1] != nSendLen[24]     Solution:
Error   2024-10-06 20:01:13  DevID:MV-CS016-10UC(DA0498828)  Source-Line:libMvUsb3vTL.so(EventProcess.cpp-L0327)     Description:[Event]Parse Packet failed, Ret[0x80000004]     Solution:
Error   2024-10-06 20:01:13  DevID:MV-CS016-10UC(DA0498828)  Source-Line:libMvUsb3vTL.so(EventProcess.cpp-L0327)     Description:[Event]Parse Packet failed, Ret[0x80000004]     Solution:
Error   2024-10-06 20:01:13  DevID:MV-CS016-10UC(DA0498828)  Source-Line:libMvUsb3vTL.so(DriverLayer.cpp-L0635)     Description:[usb_bulk_write] errcode[-1], LIBUSB_ERROR_IO     Solution:
Error   2024-10-06 20:01:13  DevID:MV-CS016-10UC(DA0498828)  Source-Line:libMvUsb3vTL.so(DeviceControl.cpp-L0571)     Description:[WriteMemUnit]: nLen[-1] != nSendLen[24]     Solution:
Error   2024-10-06 20:01:13  DevID:MV-CS016-10UC(DA0498828)  Source-Line:libMvUsb3vTL.so(DeviceControl.cpp-L1185)     Description:Set SI 1 fail, error code:[0x80000301]     Solution:
Error   2024-10-06 20:01:13  DevID:MV-CS016-10UC(DA0498828)  Source-Line:libMvUsb3vTL.so(EventProcess.cpp-L0327)     Description:[Event]Parse Packet failed, Ret[0x80000004]     Solution:
Error   2024-10-06 20:01:13  DevID:MV-CS016-10UC(DA0498828)  Source-Line:libMvUsb3vTL.so(EventProcess.cpp-L0327)     Description:[Event]Parse Packet failed, Ret[0x80000004]     Solution:
Error   2024-10-06 20:01:13  DevID:MV-CS016-10UC(DA0498828)  Source-Line:libMvUsb3vTL.so(DriverLayer.cpp-L0660)     Description:[usb_control_msg] errcode[-1]     Solution:
Error   2024-10-06 20:01:13  DevID:MV-CS016-10UC(DA0498828)  Source-Line:libMvUsb3vTL.so(DriverLayer.cpp-L0551)     Description:[libusb_clear_halt] errcode[-99], LIBUSB_ERROR_OTHER     Solution:
Error   2024-10-06 20:01:13  DevID:MV-CS016-10UC(DA0498828)  Source-Line:libMvUsb3vTL.so(EventProcess.cpp-L0327)     Description:[Event]Parse Packet failed, Ret[0x80000004]     Solution:
Error   2024-10-06 20:01:13  DevID:MV-CS016-10UC(DA0498828)  Source-Line:libMvUsb3vTL.so(EventProcess.cpp-L0327)     Description:[Event]Parse Packet failed, Ret[0x80000004]     Solution:
Error   2024-10-06 20:01:13  DevID:MV-CS016-10UC(DA0498828)  Source-Line:libMvUsb3vTL.so(DriverLayer.cpp-L0635)     Description:[usb_bulk_write] errcode[-1], LIBUSB_ERROR_IO     Solution:
Error   2024-10-06 20:01:13  DevID:MV-CS016-10UC(DA0498828)  Source-Line:libMvUsb3vTL.so(DeviceControl.cpp-L0571)     Description:[WriteMemUnit]: nLen[-1] != nSendLen[24]     Solution:
Error   2024-10-06 20:01:13  DevID:MV-CS016-10UC(DA0498828)  Source-Line:libMvUsb3vTL.so(EventProcess.cpp-L0327)     Description:[Event]Parse Packet failed, Ret[0x80000004]     Solution:
Error   2024-10-06 20:01:13  DevID:MV-CS016-10UC(DA0498828)  Source-Line:libMvUsb3vTL.so(DriverLayer.cpp-L0635)     Description:[usb_bulk_write] errcode[-1], LIBUSB_ERROR_IO     Solution:
Error   2024-10-06 20:01:13  DevID:MV-CS016-10UC(DA0498828)  Source-Line:libMvUsb3vTL.so(DeviceControl.cpp-L0571)     Description:[WriteMemUnit]: nLen[-1] != nSendLen[24]     Solution:
Error   2024-10-06 20:01:13  DevID:MV-CS016-10UC(DA0498828)  Source-Line:libMvUsb3vTL.so(DeviceControl.cpp-L1185)     Description:Set SI 1 fail, error code:[0x80000301]     Solution:
Error   2024-10-06 20:01:13  DevID:MV-CS016-10UC(DA0498828)  Source-Line:libMvUsb3vTL.so(EventProcess.cpp-L0327)     Description:[Event]Parse Packet failed, Ret[0x80000004]     Solution:
Error   2024-10-06 20:01:13  DevID:MV-CS016-10UC(DA0498828)  Source-Line:libMvUsb3vTL.so(DriverLayer.cpp-L0660)     Description:[usb_control_msg] errcode[-1]     Solution:
Error   2024-10-06 20:01:13  DevID:MV-CS016-10UC(DA0498828)  Source-Line:libMvUsb3vTL.so(DriverLayer.cpp-L0551)     Description:[libusb_clear_halt] errcode[-99], LIBUSB_ERROR_OTHER     Solution:
Error   2024-10-06 20:01:13  DevID:MV-CS016-10UC(DA0498828)  Source-Line:libMvUsb3vTL.so(EventProcess.cpp-L0327)     Description:[Event]Parse Packet failed, Ret[0x80000004]     Solution:
Error   2024-10-06 20:01:13  DevID:MV-CS016-10UC(DA0498828)  Source-Line:libMvUsb3vTL.so(EventProcess.cpp-L0327)     Description:[Event]Parse Packet failed, Ret[0x80000004]     Solution:
Error   2024-10-06 20:01:13  DevID:MV-CS016-10UC(DA0498828)  Source-Line:libMvUsb3vTL.so(EventProcess.cpp-L0327)     Description:[Event]Parse Packet failed, Ret[0x80000004]     Solution:
Error   2024-10-06 20:01:13  DevID:MV-CS016-10UC(DA0498828)  Source-Line:libMvUsb3vTL.so(DriverLayer.cpp-L0635)     Description:[usb_bulk_write] errcode[-1], LIBUSB_ERROR_IO     Solution:
Error   2024-10-06 20:01:13  DevID:MV-CS016-10UC(DA0498828)  Source-Line:libMvUsb3vTL.so(DeviceControl.cpp-L0571)     Description:[WriteMemUnit]: nLen[-1] != nSendLen[24]     Solution:
Error   2024-10-06 20:01:13  DevID:MV-CS016-10UC(DA0498828)  Source-Line:libMvUsb3vTL.so(EventProcess.cpp-L0327)     Description:[Event]Parse Packet failed, Ret[0x80000004]     Solution:
Error   2024-10-06 20:01:13  DevID:MV-CS016-10UC(DA0498828)  Source-Line:libMvUsb3vTL.so(DriverLayer.cpp-L0635)     Description:[usb_bulk_write] errcode[-1], LIBUSB_ERROR_IO     Solution:
Error   2024-10-06 20:01:13  DevID:MV-CS016-10UC(DA0498828)  Source-Line:libMvUsb3vTL.so(DeviceControl.cpp-L0571)     Description:[WriteMemUnit]: nLen[-1] != nSendLen[24]     Solution:
Error   2024-10-06 20:01:13  DevID:MV-CS016-10UC(DA0498828)  Source-Line:libMvUsb3vTL.so(DeviceControl.cpp-L1185)     Description:Set SI 1 fail, error code:[0x80000301]     Solution:
Error   2024-10-06 20:01:13  DevID:MV-CS016-10UC(DA0498828)  Source-Line:libMvUsb3vTL.so(EventProcess.cpp-L0327)     Description:[Event]Parse Packet failed, Ret[0x80000004]     Solution:
Error   2024-10-06 20:01:13  DevID:MV-CS016-10UC(DA0498828)  Source-Line:libMvUsb3vTL.so(DriverLayer.cpp-L0551)     Description:[libusb_clear_halt] errcode[-99], LIBUSB_ERROR_OTHER     Solution:
Error   2024-10-06 20:01:13  DevID:MV-CS016-10UC(DA0498828)  Source-Line:libMvUsb3vTL.so(EventProcess.cpp-L0327)     Description:[Event]Parse Packet failed, Ret[0x80000004]     Solution:
Error   2024-10-06 20:01:13  DevID:MV-CS016-10UC(DA0498828)  Source-Line:libMvUsb3vTL.so(EventProcess.cpp-L0327)     Description:[Event]Parse Packet failed, Ret[0x80000004]     Solution:
Error   2024-10-06 20:01:13  DevID:MV-CS016-10UC(DA0498828)  Source-Line:libMvUsb3vTL.so(EventProcess.cpp-L0327)     Description:[Event]Parse Packet failed, Ret[0x80000004]     Solution:
Error   2024-10-06 20:01:13  DevID:MV-CS016-10UC(DA0498828)  Source-Line:libMvUsb3vTL.so(DriverLayer.cpp-L0635)     Description:[usb_bulk_write] errcode[-1], LIBUSB_ERROR_IO     Solution:
Error   2024-10-06 20:01:13  DevID:MV-CS016-10UC(DA0498828)  Source-Line:libMvUsb3vTL.so(DeviceControl.cpp-L0571)     Description:[WriteMemUnit]: nLen[-1] != nSendLen[24]     Solution:
Error   2024-10-06 20:01:13  DevID:MV-CS016-10UC(DA0498828)  Source-Line:libMvUsb3vTL.so(EventProcess.cpp-L0327)     Description:[Event]Parse Packet failed, Ret[0x80000004]     Solution:
Error   2024-10-06 20:01:13  DevID:MV-CS016-10UC(DA0498828)  Source-Line:libMvUsb3vTL.so(DriverLayer.cpp-L0635)     Description:[usb_bulk_write] errcode[-1], LIBUSB_ERROR_IO     Solution:
Error   2024-10-06 20:01:13  DevID:MV-CS016-10UC(DA0498828)  Source-Line:libMvUsb3vTL.so(DeviceControl.cpp-L0571)     Description:[WriteMemUnit]: nLen[-1] != nSendLen[24]     Solution:
Error   2024-10-06 20:01:13  DevID:MV-CS016-10UC(DA0498828)  Source-Line:libMvUsb3vTL.so(DeviceControl.cpp-L1185)     Description:Set SI 1 fail, error code:[0x80000301]     Solution:
Error   2024-10-06 20:01:13  DevID:MV-CS016-10UC(DA0498828)  Source-Line:libMvUsb3vTL.so(EventProcess.cpp-L0327)     Description:[Event]Parse Packet failed, Ret[0x80000004]     Solution:
Error   2024-10-06 20:01:13  DevID:MV-CS016-10UC(DA0498828)  Source-Line:libMvUsb3vTL.so(EventProcess.cpp-L0327)     Description:[Event]Parse Packet failed, Ret[0x80000004]     Solution:
Error   2024-10-06 20:01:13  DevID:MV-CS016-10UC(DA0498828)  Source-Line:libMvUsb3vTL.so(DriverLayer.cpp-L0660)     Description:[usb_control_msg] errcode[-1]     Solution:
Error   2024-10-06 20:01:13  DevID:MV-CS016-10UC(DA0498828)  Source-Line:libMvUsb3vTL.so(DriverLayer.cpp-L0551)     Description:[libusb_clear_halt] errcode[-99], LIBUSB_ERROR_OTHER     Solution:
Error   2024-10-06 20:01:13  DevID:MV-CS016-10UC(DA0498828)  Source-Line:libMvUsb3vTL.so(EventProcess.cpp-L0327)     Description:[Event]Parse Packet failed, Ret[0x80000004]     Solution:
Error   2024-10-06 20:01:13  DevID:MV-CS016-10UC(DA0498828)  Source-Line:libMvUsb3vTL.so(EventProcess.cpp-L0327)     Description:[Event]Parse Packet failed, Ret[0x80000004]     Solution:
Error   2024-10-06 20:01:13  DevID:MV-CS016-10UC(DA0498828)  Source-Line:libMvUsb3vTL.so(EventProcess.cpp-L0327)     Description:[Event]Parse Packet failed, Ret[0x80000004]     Solution:
Error   2024-10-06 20:01:13  DevID:MV-CS016-10UC(DA0498828)  Source-Line:libMvUsb3vTL.so(DriverLayer.cpp-L0635)     Description:[usb_bulk_write] errcode[-1], LIBUSB_ERROR_IO     Solution:
Error   2024-10-06 20:01:13  DevID:MV-CS016-10UC(DA0498828)  Source-Line:libMvUsb3vTL.so(DeviceControl.cpp-L0571)     Description:[WriteMemUnit]: nLen[-1] != nSendLen[24]     Solution:
Error   2024-10-06 20:01:13  DevID:MV-CS016-10UC(DA0498828)  Source-Line:libMvUsb3vTL.so(EventProcess.cpp-L0327)     Description:[Event]Parse Packet failed, Ret[0x80000004]     Solution:
Error   2024-10-06 20:01:13  DevID:MV-CS016-10UC(DA0498828)  Source-Line:libMvUsb3vTL.so(DriverLayer.cpp-L0635)     Description:[usb_bulk_write] errcode[-1], LIBUSB_ERROR_IO     Solution:
Error   2024-10-06 20:01:13  DevID:MV-CS016-10UC(DA0498828)  Source-Line:libMvUsb3vTL.so(DeviceControl.cpp-L0571)     Description:[WriteMemUnit]: nLen[-1] != nSendLen[24]     Solution:
Error   2024-10-06 20:01:13  DevID:MV-CS016-10UC(DA0498828)  Source-Line:libMvUsb3vTL.so(DeviceControl.cpp-L1185)     Description:Set SI 1 fail, error code:[0x80000301]     Solution:
Error   2024-10-06 20:01:13  DevID:MV-CS016-10UC(DA0498828)  Source-Line:libMvUsb3vTL.so(EventProcess.cpp-L0327)     Description:[Event]Parse Packet failed, Ret[0x80000004]     Solution:
Error   2024-10-06 20:01:13  DevID:MV-CS016-10UC(DA0498828)  Source-Line:libMvUsb3vTL.so(DriverLayer.cpp-L0660)     Description:[usb_control_msg] errcode[-1]     Solution:
Error   2024-10-06 20:01:13  DevID:MV-CS016-10UC(DA0498828)  Source-Line:libMvUsb3vTL.so(DriverLayer.cpp-L0551)     Description:[libusb_clear_halt] errcode[-99], LIBUSB_ERROR_OTHER     Solution:
Error   2024-10-06 20:01:13  DevID:MV-CS016-10UC(DA0498828)  Source-Line:libMvUsb3vTL.so(EventProcess.cpp-L0327)     Description:[Event]Parse Packet failed, Ret[0x80000004]     Solution:
Error   2024-10-06 20:01:13  DevID:MV-CS016-10UC(DA0498828)  Source-Line:libMvUsb3vTL.so(EventProcess.cpp-L0327)     Description:[Event]Parse Packet failed, Ret[0x80000004]     Solution:
Error   2024-10-06 20:01:13  DevID:MV-CS016-10UC(DA0498828)  Source-Line:libMvUsb3vTL.so(EventProcess.cpp-L0327)     Description:[Event]Parse Packet failed, Ret[0x80000004]     Solution:
Error   2024-10-06 20:01:13  DevID:MV-CS016-10UC(DA0498828)  Source-Line:libMvUsb3vTL.so(DriverLayer.cpp-L0635)     Description:[usb_bulk_write] errcode[-1], LIBUSB_ERROR_IO     Solution:
Error   2024-10-06 20:01:13  DevID:MV-CS016-10UC(DA0498828)  Source-Line:libMvUsb3vTL.so(EventProcess.cpp-L0327)     Description:[Event]Parse Packet failed, Ret[0x80000004]     Solution:
Error   2024-10-06 20:01:13  DevID:MV-CS016-10UC(DA0498828)  Source-Line:libMvUsb3vTL.so(DriverLayer.cpp-L0660)     Description:[usb_control_msg] errcode[-1]     Solution:
Error   2024-10-06 20:01:13  DevID:MV-CS016-10UC(DA0498828)  Source-Line:libMvUsb3vTL.so(DriverLayer.cpp-L0551)     Description:[libusb_clear_halt] errcode[-99], LIBUSB_ERROR_OTHER     Solution:
Error   2024-10-06 20:01:13  DevID:MV-CS016-10UC(DA0498828)  Source-Line:libMvUsb3vTL.so(EventProcess.cpp-L0327)     Description:[Event]Parse Packet failed, Ret[0x80000004]     Solution:
Error   2024-10-06 20:01:13  DevID:MV-CS016-10UC(DA0498828)  Source-Line:libMvUsb3vTL.so(EventProcess.cpp-L0327)     Description:[Event]Parse Packet failed, Ret[0x80000004]     Solution:
Error   2024-10-06 20:01:13  DevID:MV-CS016-10UC(DA0498828)  Source-Line:libMvUsb3vTL.so(EventProcess.cpp-L0327)     Description:[Event]Parse Packet failed, Ret[0x80000004]     Solution:
Error   2024-10-06 20:01:13  DevID:MV-CS016-10UC(DA0498828)  Source-Line:libMvUsb3vTL.so(DriverLayer.cpp-L0635)     Description:[usb_bulk_write] errcode[-1], LIBUSB_ERROR_IO     Solution:
Error   2024-10-06 20:01:13  DevID:MV-CS016-10UC(DA0498828)  Source-Line:libMvUsb3vTL.so(DeviceControl.cpp-L0571)     Description:[WriteMemUnit]: nLen[-1] != nSendLen[24]     Solution:
Error   2024-10-06 20:01:13  DevID:MV-CS016-10UC(DA0498828)  Source-Line:libMvUsb3vTL.so(EventProcess.cpp-L0327)     Description:[Event]Parse Packet failed, Ret[0x80000004]     Solution:
Error   2024-10-06 20:01:13  DevID:MV-CS016-10UC(DA0498828)  Source-Line:libMvUsb3vTL.so(DriverLayer.cpp-L0635)     Description:[usb_bulk_write] errcode[-1], LIBUSB_ERROR_IO     Solution:
Error   2024-10-06 20:01:13  DevID:MV-CS016-10UC(DA0498828)  Source-Line:libMvUsb3vTL.so(DeviceControl.cpp-L0571)     Description:[WriteMemUnit]: nLen[-1] != nSendLen[24]     Solution:
Error   2024-10-06 20:01:13  DevID:MV-CS016-10UC(DA0498828)  Source-Line:libMvUsb3vTL.so(DeviceControl.cpp-L1185)     Description:Set SI 1 fail, error code:[0x80000301]     Solution:
Error   2024-10-06 20:01:13  DevID:MV-CS016-10UC(DA0498828)  Source-Line:libMvUsb3vTL.so(EventProcess.cpp-L0327)     Description:[Event]Parse Packet failed, Ret[0x80000004]     Solution:
Error   2024-10-06 20:01:13  DevID:MV-CS016-10UC(DA0498828)  Source-Line:libMvUsb3vTL.so(EventProcess.cpp-L0327)     Description:[Event]Parse Packet failed, Ret[0x80000004]     Solution:
Error   2024-10-06 20:01:13  DevID:MV-CS016-10UC(DA0498828)  Source-Line:libMvUsb3vTL.so(DriverLayer.cpp-L0660)     Description:[usb_control_msg] errcode[-1]     Solution:
Error   2024-10-06 20:01:13  DevID:MV-CS016-10UC(DA0498828)  Source-Line:libMvUsb3vTL.so(DriverLayer.cpp-L0551)     Description:[libusb_clear_halt] errcode[-99], LIBUSB_ERROR_OTHER     Solution:
Error   2024-10-06 20:01:13  DevID:MV-CS016-10UC(DA0498828)  Source-Line:libMvUsb3vTL.so(EventProcess.cpp-L0327)     Description:[Event]Parse Packet failed, Ret[0x80000004]     Solution:
Error   2024-10-06 20:01:13  DevID:MV-CS016-10UC(DA0498828)  Source-Line:libMvUsb3vTL.so(EventProcess.cpp-L0327)     Description:[Event]Parse Packet failed, Ret[0x80000004]     Solution:
Error   2024-10-06 20:01:13  DevID:MV-CS016-10UC(DA0498828)  Source-Line:libMvUsb3vTL.so(DriverLayer.cpp-L0635)     Description:[usb_bulk_write] errcode[-1], LIBUSB_ERROR_IO     Solution:
Error   2024-10-06 20:01:13  DevID:MV-CS016-10UC(DA0498828)  Source-Line:libMvUsb3vTL.so(DeviceControl.cpp-L0571)     Description:[WriteMemUnit]: nLen[-1] != nSendLen[24]     Solution:
Error   2024-10-06 20:01:13  DevID:MV-CS016-10UC(DA0498828)  Source-Line:libMvUsb3vTL.so(EventProcess.cpp-L0327)     Description:[Event]Parse Packet failed, Ret[0x80000004]     Solution:
Error   2024-10-06 20:01:13  DevID:MV-CS016-10UC(DA0498828)  Source-Line:libMvUsb3vTL.so(DriverLayer.cpp-L0635)     Description:[usb_bulk_write] errcode[-1], LIBUSB_ERROR_IO     Solution:
Error   2024-10-06 20:01:13  DevID:MV-CS016-10UC(DA0498828)  Source-Line:libMvUsb3vTL.so(DeviceControl.cpp-L0571)     Description:[WriteMemUnit]: nLen[-1] != nSendLen[24]     Solution:
Error   2024-10-06 20:01:13  DevID:MV-CS016-10UC(DA0498828)  Source-Line:libMvUsb3vTL.so(DeviceControl.cpp-L1185)     Description:Set SI 1 fail, error code:[0x80000301]     Solution:
Error   2024-10-06 20:01:13  DevID:MV-CS016-10UC(DA0498828)  Source-Line:libMvUsb3vTL.so(EventProcess.cpp-L0327)     Description:[Event]Parse Packet failed, Ret[0x80000004]     Solution:
Error   2024-10-06 20:01:13  DevID:MV-CS016-10UC(DA0498828)  Source-Line:libMvUsb3vTL.so(DriverLayer.cpp-L0660)     Description:[usb_control_msg] errcode[-1]     Solution:
Error   2024-10-06 20:01:13  DevID:MV-CS016-10UC(DA0498828)  Source-Line:libMvUsb3vTL.so(DriverLayer.cpp-L0551)     Description:[libusb_clear_halt] errcode[-99], LIBUSB_ERROR_OTHER     Solution:
Error   2024-10-06 20:01:13  DevID:MV-CS016-10UC(DA0498828)  Source-Line:libMvUsb3vTL.so(EventProcess.cpp-L0327)     Description:[Event]Parse Packet failed, Ret[0x80000004]     Solution:
Error   2024-10-06 20:01:13  DevID:MV-CS016-10UC(DA0498828)  Source-Line:libMvUsb3vTL.so(EventProcess.cpp-L0327)     Description:[Event]Parse Packet failed, Ret[0x80000004]     Solution:
Error   2024-10-06 20:01:13  DevID:MV-CS016-10UC(DA0498828)  Source-Line:libMvUsb3vTL.so(EventProcess.cpp-L0327)     Description:[Event]Parse Packet failed, Ret[0x80000004]     Solution:
Error   2024-10-06 20:01:13  DevID:MV-CS016-10UC(DA0498828)  Source-Line:libMvUsb3vTL.so(DriverLayer.cpp-L0635)     Description:[usb_bulk_write] errcode[-1], LIBUSB_ERROR_IO     Solution:
Error   2024-10-06 20:01:13  DevID:MV-CS016-10UC(DA0498828)  Source-Line:libMvUsb3vTL.so(EventProcess.cpp-L0327)     Description:[Event]Parse Packet failed, Ret[0x80000004]     Solution:
Error   2024-10-06 20:01:13  DevID:MV-CS016-10UC(DA0498828)  Source-Line:libMvUsb3vTL.so(DriverLayer.cpp-L0635)     Description:[usb_bulk_write] errcode[-1], LIBUSB_ERROR_IO     Solution:
Error   2024-10-06 20:01:13  DevID:MV-CS016-10UC(DA0498828)  Source-Line:libMvUsb3vTL.so(DeviceControl.cpp-L0571)     Description:[WriteMemUnit]: nLen[-1] != nSendLen[24]     Solution:
Error   2024-10-06 20:01:13  DevID:MV-CS016-10UC(DA0498828)  Source-Line:libMvUsb3vTL.so(EventProcess.cpp-L0327)     Description:[Event]Parse Packet failed, Ret[0x80000004]     Solution:
Error   2024-10-06 20:01:13  DevID:MV-CS016-10UC(DA0498828)  Source-Line:libMvUsb3vTL.so(EventProcess.cpp-L0327)     Description:[Event]Parse Packet failed, Ret[0x80000004]     Solution:
Error   2024-10-06 20:01:13  DevID:MV-CS016-10UC(DA0498828)  Source-Line:libMvUsb3vTL.so(DriverLayer.cpp-L0635)     Description:[usb_bulk_write] errcode[-1], LIBUSB_ERROR_IO     Solution:
Error   2024-10-06 20:01:13  DevID:MV-CS016-10UC(DA0498828)  Source-Line:libMvUsb3vTL.so(DeviceControl.cpp-L0571)     Description:[WriteMemUnit]: nLen[-1] != nSendLen[24]     Solution:
Error   2024-10-06 20:01:13  DevID:MV-CS016-10UC(DA0498828)  Source-Line:libMvUsb3vTL.so(DeviceControl.cpp-L1185)     Description:Set SI 1 fail, error code:[0x80000301]     Solution:
Error   2024-10-06 20:01:13  DevID:MV-CS016-10UC(DA0498828)  Source-Line:libMvUsb3vTL.so(EventProcess.cpp-L0327)     Description:[Event]Parse Packet failed, Ret[0x80000004]     Solution:
Error   2024-10-06 20:01:13  DevID:MV-CS016-10UC(DA0498828)  Source-Line:libMvUsb3vTL.so(EventProcess.cpp-L0327)     Description:[Event]Parse Packet failed, Ret[0x80000004]     Solution:
Error   2024-10-06 20:01:13  DevID:MV-CS016-10UC(DA0498828)  Source-Line:libMvUsb3vTL.so(DriverLayer.cpp-L0660)     Description:[usb_control_msg] errcode[-1]     Solution:
Error   2024-10-06 20:01:13  DevID:MV-CS016-10UC(DA0498828)  Source-Line:libMvUsb3vTL.so(DriverLayer.cpp-L0551)     Description:[libusb_clear_halt] errcode[-99], LIBUSB_ERROR_OTHER     Solution:
Error   2024-10-06 20:01:13  DevID:MV-CS016-10UC(DA0498828)  Source-Line:libMvUsb3vTL.so(EventProcess.cpp-L0327)     Description:[Event]Parse Packet failed, Ret[0x80000004]     Solution:
Error   2024-10-06 20:01:13  DevID:MV-CS016-10UC(DA0498828)  Source-Line:libMvUsb3vTL.so(EventProcess.cpp-L0327)     Description:[Event]Parse Packet failed, Ret[0x80000004]     Solution:
Error   2024-10-06 20:01:13  DevID:MV-CS016-10UC(DA0498828)  Source-Line:libMvUsb3vTL.so(DriverLayer.cpp-L0635)     Description:[usb_bulk_write] errcode[-1], LIBUSB_ERROR_IO     Solution:
Error   2024-10-06 20:01:13  DevID:MV-CS016-10UC(DA0498828)  Source-Line:libMvUsb3vTL.so(DeviceControl.cpp-L0571)     Description:[WriteMemUnit]: nLen[-1] != nSendLen[24]     Solution:
Error   2024-10-06 20:01:13  DevID:MV-CS016-10UC(DA0498828)  Source-Line:libMvUsb3vTL.so(EventProcess.cpp-L0327)     Description:[Event]Parse Packet failed, Ret[0x80000004]     Solution:
Error   2024-10-06 20:01:13  DevID:MV-CS016-10UC(DA0498828)  Source-Line:libMvUsb3vTL.so(DriverLayer.cpp-L0635)     Description:[usb_bulk_write] errcode[-1], LIBUSB_ERROR_IO     Solution:
Error   2024-10-06 20:01:13  DevID:MV-CS016-10UC(DA0498828)  Source-Line:libMvUsb3vTL.so(DeviceControl.cpp-L0571)     Description:[WriteMemUnit]: nLen[-1] != nSendLen[24]     Solution:
Error   2024-10-06 20:01:13  DevID:MV-CS016-10UC(DA0498828)  Source-Line:libMvUsb3vTL.so(DeviceControl.cpp-L1185)     Description:Set SI 1 fail, error code:[0x80000301]     Solution:
Error   2024-10-06 20:01:13  DevID:MV-CS016-10UC(DA0498828)  Source-Line:libMvUsb3vTL.so(EventProcess.cpp-L0327)     Description:[Event]Parse Packet failed, Ret[0x80000004]     Solution:
Error   2024-10-06 20:01:13  DevID:MV-CS016-10UC(DA0498828)  Source-Line:libMvUsb3vTL.so(EventProcess.cpp-L0327)     Description:[Event]Parse Packet failed, Ret[0x80000004]     Solution:
Error   2024-10-06 20:01:13  DevID:MV-CS016-10UC(DA0498828)  Source-Line:libMvUsb3vTL.so(DriverLayer.cpp-L0660)     Description:[usb_control_msg] errcode[-1]     Solution:
Error   2024-10-06 20:01:13  DevID:MV-CS016-10UC(DA0498828)  Source-Line:libMvUsb3vTL.so(DriverLayer.cpp-L0551)     Description:[libusb_clear_halt] errcode[-99], LIBUSB_ERROR_OTHER     Solution:
Error   2024-10-06 20:01:13  DevID:MV-CS016-10UC(DA0498828)  Source-Line:libMvUsb3vTL.so(EventProcess.cpp-L0327)     Description:[Event]Parse Packet failed, Ret[0x80000004]     Solution:
Error   2024-10-06 20:01:13  DevID:MV-CS016-10UC(DA0498828)  Source-Line:libMvUsb3vTL.so(EventProcess.cpp-L0327)     Description:[Event]Parse Packet failed, Ret[0x80000004]     Solution:
Error   2024-10-06 20:01:13  DevID:MV-CS016-10UC(DA0498828)  Source-Line:libMvUsb3vTL.so(EventProcess.cpp-L0327)     Description:[Event]Parse Packet failed, Ret[0x80000004]     Solution:
Error   2024-10-06 20:01:13  DevID:MV-CS016-10UC(DA0498828)  Source-Line:libMvUsb3vTL.so(DriverLayer.cpp-L0635)     Description:[usb_bulk_write] errcode[-1], LIBUSB_ERROR_IO     Solution:
Error   2024-10-06 20:01:13  DevID:MV-CS016-10UC(DA0498828)  Source-Line:libMvUsb3vTL.so(DeviceControl.cpp-L0571)     Description:[WriteMemUnit]: nLen[-1] != nSendLen[24]     Solution:
Error   2024-10-06 20:01:13  DevID:MV-CS016-10UC(DA0498828)  Source-Line:libMvUsb3vTL.so(EventProcess.cpp-L0327)     Description:[Event]Parse Packet failed, Ret[0x80000004]     Solution:
Error   2024-10-06 20:01:13  DevID:MV-CS016-10UC(DA0498828)  Source-Line:libMvUsb3vTL.so(DriverLayer.cpp-L0635)     Description:[usb_bulk_write] errcode[-1], LIBUSB_ERROR_IO     Solution:
Error   2024-10-06 20:01:13  DevID:MV-CS016-10UC(DA0498828)  Source-Line:libMvUsb3vTL.so(DeviceControl.cpp-L0571)     Description:[WriteMemUnit]: nLen[-1] != nSendLen[24]     Solution:
Error   2024-10-06 20:01:13  DevID:MV-CS016-10UC(DA0498828)  Source-Line:libMvUsb3vTL.so(DeviceControl.cpp-L1185)     Description:Set SI 1 fail, error code:[0x80000301]     Solution:
Error   2024-10-06 20:01:13  DevID:MV-CS016-10UC(DA0498828)  Source-Line:libMvUsb3vTL.so(EventProcess.cpp-L0327)     Description:[Event]Parse Packet failed, Ret[0x80000004]     Solution:
Error   2024-10-06 20:01:13  DevID:MV-CS016-10UC(DA0498828)  Source-Line:libMvUsb3vTL.so(DriverLayer.cpp-L0660)     Description:[usb_control_msg] errcode[-1]     Solution:
Error   2024-10-06 20:01:13  DevID:MV-CS016-10UC(DA0498828)  Source-Line:libMvUsb3vTL.so(DriverLayer.cpp-L0551)     Description:[libusb_clear_halt] errcode[-99], LIBUSB_ERROR_OTHER     Solution:
Error   2024-10-06 20:01:13  DevID:MV-CS016-10UC(DA0498828)  Source-Line:libMvUsb3vTL.so(EventProcess.cpp-L0327)     Description:[Event]Parse Packet failed, Ret[0x80000004]     Solution:
Error   2024-10-06 20:01:13  DevID:MV-CS016-10UC(DA0498828)  Source-Line:libMvUsb3vTL.so(EventProcess.cpp-L0327)     Description:[Event]Parse Packet failed, Ret[0x80000004]     Solution:
Error   2024-10-06 20:01:13  DevID:MV-CS016-10UC(DA0498828)  Source-Line:libMvUsb3vTL.so(EventProcess.cpp-L0327)     Description:[Event]Parse Packet failed, Ret[0x80000004]     Solution:
Error   2024-10-06 20:01:13  DevID:MV-CS016-10UC(DA0498828)  Source-Line:libMvUsb3vTL.so(DriverLayer.cpp-L0635)     Description:[usb_bulk_write] errcode[-1], LIBUSB_ERROR_IO     Solution:
Error   2024-10-06 20:01:13  DevID:MV-CS016-10UC(DA0498828)  Source-Line:libMvUsb3vTL.so(DeviceControl.cpp-L0571)     Description:[WriteMemUnit]: nLen[-1] != nSendLen[24]     Solution:
Error   2024-10-06 20:01:13  DevID:MV-CS016-10UC(DA0498828)  Source-Line:libMvUsb3vTL.so(EventProcess.cpp-L0327)     Description:[Event]Parse Packet failed, Ret[0x80000004]     Solution:
Error   2024-10-06 20:01:13  DevID:MV-CS016-10UC(DA0498828)  Source-Line:libMvUsb3vTL.so(DriverLayer.cpp-L0635)     Description:[usb_bulk_write] errcode[-1], LIBUSB_ERROR_IO     Solution:
Error   2024-10-06 20:01:13  DevID:MV-CS016-10UC(DA0498828)  Source-Line:libMvUsb3vTL.so(DeviceControl.cpp-L0571)     Description:[WriteMemUnit]: nLen[-1] != nSendLen[24]     Solution:
Error   2024-10-06 20:01:13  DevID:MV-CS016-10UC(DA0498828)  Source-Line:libMvUsb3vTL.so(DeviceControl.cpp-L1185)     Description:Set SI 1 fail, error code:[0x80000301]     Solution:
Error   2024-10-06 20:01:13  DevID:MV-CS016-10UC(DA0498828)  Source-Line:libMvUsb3vTL.so(EventProcess.cpp-L0327)     Description:[Event]Parse Packet failed, Ret[0x80000004]     Solution:
Error   2024-10-06 20:01:13  DevID:MV-CS016-10UC(DA0498828)  Source-Line:libMvUsb3vTL.so(EventProcess.cpp-L0327)     Description:[Event]Parse Packet failed, Ret[0x80000004]     Solution:
Error   2024-10-06 20:01:13  DevID:MV-CS016-10UC(DA0498828)  Source-Line:libMvUsb3vTL.so(DriverLayer.cpp-L0660)     Description:[usb_control_msg] errcode[-1]     Solution:
Error   2024-10-06 20:01:13  DevID:MV-CS016-10UC(DA0498828)  Source-Line:libMvUsb3vTL.so(DriverLayer.cpp-L0551)     Description:[libusb_clear_halt] errcode[-99], LIBUSB_ERROR_OTHER     Solution:
Error   2024-10-06 20:01:13  DevID:MV-CS016-10UC(DA0498828)  Source-Line:libMvUsb3vTL.so(EventProcess.cpp-L0327)     Description:[Event]Parse Packet failed, Ret[0x80000004]     Solution:
Error   2024-10-06 20:01:13  DevID:MV-CS016-10UC(DA0498828)  Source-Line:libMvUsb3vTL.so(EventProcess.cpp-L0327)     Description:[Event]Parse Packet failed, Ret[0x80000004]     Solution:
Error   2024-10-06 20:01:13  DevID:MV-CS016-10UC(DA0498828)  Source-Line:libMvUsb3vTL.so(DriverLayer.cpp-L0635)     Description:[usb_bulk_write] errcode[-1], LIBUSB_ERROR_IO     Solution:
Error   2024-10-06 20:01:13  DevID:MV-CS016-10UC(DA0498828)  Source-Line:libMvUsb3vTL.so(DeviceControl.cpp-L0571)     Description:[WriteMemUnit]: nLen[-1] != nSendLen[24]     Solution:
Error   2024-10-06 20:01:13  DevID:MV-CS016-10UC(DA0498828)  Source-Line:libMvUsb3vTL.so(EventProcess.cpp-L0327)     Description:[Event]Parse Packet failed, Ret[0x80000004]     Solution:
Error   2024-10-06 20:01:13  DevID:MV-CS016-10UC(DA0498828)  Source-Line:libMvUsb3vTL.so(DriverLayer.cpp-L0635)     Description:[usb_bulk_write] errcode[-1], LIBUSB_ERROR_IO     Solution:
Error   2024-10-06 20:01:13  DevID:MV-CS016-10UC(DA0498828)  Source-Line:libMvUsb3vTL.so(DeviceControl.cpp-L0571)     Description:[WriteMemUnit]: nLen[-1] != nSendLen[24]     Solution:
Error   2024-10-06 20:01:13  DevID:MV-CS016-10UC(DA0498828)  Source-Line:libMvUsb3vTL.so(DeviceControl.cpp-L1185)     Description:Set SI 1 fail, error code:[0x80000301]     Solution:
Error   2024-10-06 20:01:13  DevID:MV-CS016-10UC(DA0498828)  Source-Line:libMvUsb3vTL.so(EventProcess.cpp-L0327)     Description:[Event]Parse Packet failed, Ret[0x80000004]     Solution:
Error   2024-10-06 20:01:13  DevID:MV-CS016-10UC(DA0498828)  Source-Line:libMvUsb3vTL.so(EventProcess.cpp-L0327)     Description:[Event]Parse Packet failed, Ret[0x80000004]     Solution:
Error   2024-10-06 20:01:13  DevID:MV-CS016-10UC(DA0498828)  Source-Line:libMvUsb3vTL.so(DriverLayer.cpp-L0660)     Description:[usb_control_msg] errcode[-1]     Solution:
Error   2024-10-06 20:01:13  DevID:MV-CS016-10UC(DA0498828)  Source-Line:libMvUsb3vTL.so(DriverLayer.cpp-L0551)     Description:[libusb_clear_halt] errcode[-99], LIBUSB_ERROR_OTHER     Solution:
Error   2024-10-06 20:01:13  DevID:MV-CS016-10UC(DA0498828)  Source-Line:libMvUsb3vTL.so(EventProcess.cpp-L0327)     Description:[Event]Parse Packet failed, Ret[0x80000004]     Solution:
Error   2024-10-06 20:01:13  DevID:MV-CS016-10UC(DA0498828)  Source-Line:libMvUsb3vTL.so(EventProcess.cpp-L0327)     Description:[Event]Parse Packet failed, Ret[0x80000004]     Solution:
Error   2024-10-06 20:01:13  DevID:MV-CS016-10UC(DA0498828)  Source-Line:libMvUsb3vTL.so(EventProcess.cpp-L0327)     Description:[Event]Parse Packet failed, Ret[0x80000004]     Solution:
Error   2024-10-06 20:01:13  DevID:MV-CS016-10UC(DA0498828)  Source-Line:libMvUsb3vTL.so(DriverLayer.cpp-L0635)     Description:[usb_bulk_write] errcode[-1], LIBUSB_ERROR_IO     Solution:
Error   2024-10-06 20:01:13  DevID:MV-CS016-10UC(DA0498828)  Source-Line:libMvUsb3vTL.so(EventProcess.cpp-L0327)     Description:[Event]Parse Packet failed, Ret[0x80000004]     Solution:
Error   2024-10-06 20:01:13  DevID:MV-CS016-10UC(DA0498828)  Source-Line:libMvUsb3vTL.so(EventProcess.cpp-L0327)     Description:[Event]Parse Packet failed, Ret[0x80000004]     Solution:
Error   2024-10-06 20:01:13  DevID:MV-CS016-10UC(DA0498828)  Source-Line:libMvUsb3vTL.so(EventProcess.cpp-L0327)     Description:[Event]Parse Packet failed, Ret[0x80000004]     Solution:
Error   2024-10-06 20:01:13  DevID:MV-CS016-10UC(DA0498828)  Source-Line:libMvUsb3vTL.so(EventProcess.cpp-L0327)     Description:[Event]Parse Packet failed, Ret[0x80000004]     Solution:
Error   2024-10-06 20:01:13  DevID:MV-CS016-10UC(DA0498828)  Source-Line:libMvUsb3vTL.so(EventProcess.cpp-L0327)     Description:[Event]Parse Packet failed, Ret[0x80000004]     Solution:
Error   2024-10-06 20:01:13  DevID:MV-CS016-10UC(DA0498828)  Source-Line:libMvUsb3vTL.so(StreamProcess.cpp-L1065)     Description:[ReadAsync] error code is:[1],i = [0], errno[71], Halt Total Count[3]     Solution:
Error   2024-10-06 20:01:13  DevID:MV-CS016-10UC(DA0498828)  Source-Line:libMvUsb3vTL.so(EventProcess.cpp-L0327)     Description:[Event]Parse Packet failed, Ret[0x80000004]     Solution:
Error   2024-10-06 20:01:13  DevID:MV-CS016-10UC(DA0498828)  Source-Line:libMvUsb3vTL.so(EventProcess.cpp-L0327)     Description:[Event]Parse Packet failed, Ret[0x80000004]     Solution:
Error   2024-10-06 20:01:13  DevID:MV-CS016-10UC(DA0498828)  Source-Line:libMvUsb3vTL.so(EventProcess.cpp-L0327)     Description:[Event]Parse Packet failed, Ret[0x80000004]     Solution:
Error   2024-10-06 20:01:13  DevID:MV-CS016-10UC(DA0498828)  Source-Line:libMvUsb3vTL.so(EventProcess.cpp-L0327)     Description:[Event]Parse Packet failed, Ret[0x80000004]     Solution:
Error   2024-10-06 20:01:13  DevID:MV-CS016-10UC(DA0498828)  Source-Line:libMvUsb3vTL.so(DriverLayer.cpp-L0660)     Description:[usb_control_msg] errcode[-1]     Solution:
Error   2024-10-06 20:01:13  DevID:MV-CS016-10UC(DA0498828)  Source-Line:libMvUsb3vTL.so(EventProcess.cpp-L0327)     Description:[Event]Parse Packet failed, Ret[0x80000004]     Solution:
Error   2024-10-06 20:01:13  DevID:MV-CS016-10UC(DA0498828)  Source-Line:libMvUsb3vTL.so(EventProcess.cpp-L0327)     Description:[Event]Parse Packet failed, Ret[0x80000004]     Solution:
Error   2024-10-06 20:01:13  DevID:MV-CS016-10UC(DA0498828)  Source-Line:libMvUsb3vTL.so(EventProcess.cpp-L0327)     Description:[Event]Parse Packet failed, Ret[0x80000004]     Solution:
Error   2024-10-06 20:01:13  DevID:MV-CS016-10UC(DA0498828)  Source-Line:libMvUsb3vTL.so(EventProcess.cpp-L0327)     Description:[Event]Parse Packet failed, Ret[0x80000004]     Solution:
Error   2024-10-06 20:01:13  DevID:MV-CS016-10UC(DA0498828)  Source-Line:libMvUsb3vTL.so(EventProcess.cpp-L0327)     Description:[Event]Parse Packet failed, Ret[0x80000004]     Solution:
Error   2024-10-06 20:01:13  DevID:MV-CS016-10UC(DA0498828)  Source-Line:libMvUsb3vTL.so(EventProcess.cpp-L0327)     Description:[Event]Parse Packet failed, Ret[0x80000004]     Solution:
Error   2024-10-06 20:01:13  DevID:MV-CS016-10UC(DA0498828)  Source-Line:libMvUsb3vTL.so(EventProcess.cpp-L0327)     Description:[Event]Parse Packet failed, Ret[0x80000004]     Solution:
Error   2024-10-06 20:01:13  DevID:MV-CS016-10UC(DA0498828)  Source-Line:libMvUsb3vTL.so(EventProcess.cpp-L0327)     Description:[Event]Parse Packet failed, Ret[0x80000004]     Solution:
Error   2024-10-06 20:01:13  DevID:MV-CS016-10UC(DA0498828)  Source-Line:libMvUsb3vTL.so(EventProcess.cpp-L0327)     Description:[Event]Parse Packet failed, Ret[0x80000004]     Solution:
Error   2024-10-06 20:01:13  DevID:MV-CS016-10UC(DA0498828)  Source-Line:libMvUsb3vTL.so(EventProcess.cpp-L0327)     Description:[Event]Parse Packet failed, Ret[0x80000004]     Solution:
Error   2024-10-06 20:01:13  DevID:MV-CS016-10UC(DA0498828)  Source-Line:libMvUsb3vTL.so(EventProcess.cpp-L0327)     Description:[Event]Parse Packet failed, Ret[0x80000004]     Solution:
Error   2024-10-06 20:01:13  DevID:MV-CS016-10UC(DA0498828)  Source-Line:libMvUsb3vTL.so(EventProcess.cpp-L0327)     Description:[Event]Parse Packet failed, Ret[0x80000004]     Solution:
Error   2024-10-06 20:01:13  DevID:MV-CS016-10UC(DA0498828)  Source-Line:libMvUsb3vTL.so(EventProcess.cpp-L0327)     Description:[Event]Parse Packet failed, Ret[0x80000004]     Solution:
Error   2024-10-06 20:01:13  DevID:MV-CS016-10UC(DA0498828)  Source-Line:libMvUsb3vTL.so(DriverLayer.cpp-L0551)     Description:[libusb_clear_halt] errcode[-99], LIBUSB_ERROR_OTHER     Solution:
Error   2024-10-06 20:01:13  DevID:MV-CS016-10UC(DA0498828)  Source-Line:libMvUsb3vTL.so(EventProcess.cpp-L0327)     Description:[Event]Parse Packet failed, Ret[0x80000004]     Solution:
Error   2024-10-06 20:01:13  DevID:MV-CS016-10UC(DA0498828)  Source-Line:libMvUsb3vTL.so(EventProcess.cpp-L0327)     Description:[Event]Parse Packet failed, Ret[0x80000004]     Solution:
Error   2024-10-06 20:01:13  DevID:MV-CS016-10UC(DA0498828)  Source-Line:libMvUsb3vTL.so(EventProcess.cpp-L0327)     Description:[Event]Parse Packet failed, Ret[0x80000004]     Solution:
Error   2024-10-06 20:01:13  DevID:MV-CS016-10UC(DA0498828)  Source-Line:libMvUsb3vTL.so(DriverLayer.cpp-L0635)     Description:[usb_bulk_write] errcode[-1], LIBUSB_ERROR_IO     Solution:
Error   2024-10-06 20:01:13  DevID:MV-CS016-10UC(DA0498828)  Source-Line:libMvUsb3vTL.so(DeviceControl.cpp-L0571)     Description:[WriteMemUnit]: nLen[-1] != nSendLen[24]     Solution:
Error   2024-10-06 20:01:13  DevID:MV-CS016-10UC(DA0498828)  Source-Line:libMvUsb3vTL.so(DriverLayer.cpp-L0635)     Description:[usb_bulk_write] errcode[-1], LIBUSB_ERROR_IO     Solution:
Error   2024-10-06 20:01:13  DevID:MV-CS016-10UC(DA0498828)  Source-Line:libMvUsb3vTL.so(DeviceControl.cpp-L0571)     Description:[WriteMemUnit]: nLen[-1] != nSendLen[24]     Solution:
Error   2024-10-06 20:01:13  DevID:MV-CS016-10UC(DA0498828)  Source-Line:libMvUsb3vTL.so(EventProcess.cpp-L0327)     Description:[Event]Parse Packet failed, Ret[0x80000004]     Solution:
Error   2024-10-06 20:01:13  DevID:MV-CS016-10UC(DA0498828)  Source-Line:libMvUsb3vTL.so(DriverLayer.cpp-L0635)     Description:[usb_bulk_write] errcode[-1], LIBUSB_ERROR_IO     Solution:
Error   2024-10-06 20:01:13  DevID:MV-CS016-10UC(DA0498828)  Source-Line:libMvUsb3vTL.so(DeviceControl.cpp-L0571)     Description:[WriteMemUnit]: nLen[-1] != nSendLen[24]     Solution:
Error   2024-10-06 20:01:13  DevID:MV-CS016-10UC(DA0498828)  Source-Line:libMvUsb3vTL.so(DeviceControl.cpp-L1185)     Description:Set SI 1 fail, error code:[0x80000301]     Solution:
Error   2024-10-06 20:01:13  DevID:MV-CS016-10UC(DA0498828)  Source-Line:libMvUsb3vTL.so(EventProcess.cpp-L0327)     Description:[Event]Parse Packet failed, Ret[0x80000004]     Solution:
Error   2024-10-06 20:01:13  DevID:MV-CS016-10UC(DA0498828)  Source-Line:libMvUsb3vTL.so(EventProcess.cpp-L0327)     Description:[Event]Parse Packet failed, Ret[0x80000004]     Solution:
Error   2024-10-06 20:01:13  DevID:MV-CS016-10UC(DA0498828)  Source-Line:libMvUsb3vTL.so(DriverLayer.cpp-L0660)     Description:[usb_control_msg] errcode[-1]     Solution:
Error   2024-10-06 20:01:13  DevID:MV-CS016-10UC(DA0498828)  Source-Line:libMvUsb3vTL.so(DriverLayer.cpp-L0551)     Description:[libusb_clear_halt] errcode[-99], LIBUSB_ERROR_OTHER     Solution:
Error   2024-10-06 20:01:13  DevID:MV-CS016-10UC(DA0498828)  Source-Line:libMvUsb3vTL.so(EventProcess.cpp-L0327)     Description:[Event]Parse Packet failed, Ret[0x80000004]     Solution:
Error   2024-10-06 20:01:13  DevID:MV-CS016-10UC(DA0498828)  Source-Line:libMvUsb3vTL.so(EventProcess.cpp-L0327)     Description:[Event]Parse Packet failed, Ret[0x80000004]     Solution:
Error   2024-10-06 20:01:13  DevID:MV-CS016-10UC(DA0498828)  Source-Line:libMvUsb3vTL.so(DriverLayer.cpp-L0635)     Description:[usb_bulk_write] errcode[-1], LIBUSB_ERROR_IO     Solution:
Error   2024-10-06 20:01:13  DevID:MV-CS016-10UC(DA0498828)  Source-Line:libMvUsb3vTL.so(DeviceControl.cpp-L0571)     Description:[WriteMemUnit]: nLen[-1] != nSendLen[24]     Solution:
Error   2024-10-06 20:01:13  DevID:MV-CS016-10UC(DA0498828)  Source-Line:libMvUsb3vTL.so(EventProcess.cpp-L0327)     Description:[Event]Parse Packet failed, Ret[0x80000004]     Solution:
Error   2024-10-06 20:01:13  DevID:MV-CS016-10UC(DA0498828)  Source-Line:libMvUsb3vTL.so(DriverLayer.cpp-L0635)     Description:[usb_bulk_write] errcode[-1], LIBUSB_ERROR_IO     Solution:
Error   2024-10-06 20:01:13  DevID:MV-CS016-10UC(DA0498828)  Source-Line:libMvUsb3vTL.so(DeviceControl.cpp-L0571)     Description:[WriteMemUnit]: nLen[-1] != nSendLen[24]     Solution:
Error   2024-10-06 20:01:13  DevID:MV-CS016-10UC(DA0498828)  Source-Line:libMvUsb3vTL.so(DeviceControl.cpp-L1185)     Description:Set SI 1 fail, error code:[0x80000301]     Solution:
Error   2024-10-06 20:01:13  DevID:MV-CS016-10UC(DA0498828)  Source-Line:libMvUsb3vTL.so(EventProcess.cpp-L0327)     Description:[Event]Parse Packet failed, Ret[0x80000004]     Solution:
Error   2024-10-06 20:01:13  DevID:MV-CS016-10UC(DA0498828)  Source-Line:libMvUsb3vTL.so(DriverLayer.cpp-L0660)     Description:[usb_control_msg] errcode[-1]     Solution:
Error   2024-10-06 20:01:13  DevID:MV-CS016-10UC(DA0498828)  Source-Line:libMvUsb3vTL.so(DriverLayer.cpp-L0551)     Description:[libusb_clear_halt] errcode[-99], LIBUSB_ERROR_OTHER     Solution:
Error   2024-10-06 20:01:13  DevID:MV-CS016-10UC(DA0498828)  Source-Line:libMvUsb3vTL.so(EventProcess.cpp-L0327)     Description:[Event]Parse Packet failed, Ret[0x80000004]     Solution:
Error   2024-10-06 20:01:13  DevID:MV-CS016-10UC(DA0498828)  Source-Line:libMvUsb3vTL.so(EventProcess.cpp-L0327)     Description:[Event]Parse Packet failed, Ret[0x80000004]     Solution:
Error   2024-10-06 20:01:13  DevID:MV-CS016-10UC(DA0498828)  Source-Line:libMvUsb3vTL.so(EventProcess.cpp-L0327)     Description:[Event]Parse Packet failed, Ret[0x80000004]     Solution:
Error   2024-10-06 20:01:13  DevID:MV-CS016-10UC(DA0498828)  Source-Line:libMvUsb3vTL.so(DriverLayer.cpp-L0635)     Description:[usb_bulk_write] errcode[-1], LIBUSB_ERROR_IO     Solution:
Error   2024-10-06 20:01:13  DevID:MV-CS016-10UC(DA0498828)  Source-Line:libMvUsb3vTL.so(DeviceControl.cpp-L0571)     Description:[WriteMemUnit]: nLen[-1] != nSendLen[24]     Solution:
Error   2024-10-06 20:01:13  DevID:MV-CS016-10UC(DA0498828)  Source-Line:libMvUsb3vTL.so(EventProcess.cpp-L0327)     Description:[Event]Parse Packet failed, Ret[0x80000004]     Solution:
Error   2024-10-06 20:01:13  DevID:MV-CS016-10UC(DA0498828)  Source-Line:libMvUsb3vTL.so(DriverLayer.cpp-L0635)     Description:[usb_bulk_write] errcode[-1], LIBUSB_ERROR_IO     Solution:
Error   2024-10-06 20:01:13  DevID:MV-CS016-10UC(DA0498828)  Source-Line:libMvUsb3vTL.so(DeviceControl.cpp-L0571)     Description:[WriteMemUnit]: nLen[-1] != nSendLen[24]     Solution:
Error   2024-10-06 20:01:13  DevID:MV-CS016-10UC(DA0498828)  Source-Line:libMvUsb3vTL.so(DeviceControl.cpp-L1185)     Description:Set SI 1 fail, error code:[0x80000301]     Solution:
Error   2024-10-06 20:01:13  DevID:MV-CS016-10UC(DA0498828)  Source-Line:libMvUsb3vTL.so(EventProcess.cpp-L0327)     Description:[Event]Parse Packet failed, Ret[0x80000004]     Solution:
Error   2024-10-06 20:01:13  DevID:MV-CS016-10UC(DA0498828)  Source-Line:libMvUsb3vTL.so(EventProcess.cpp-L0327)     Description:[Event]Parse Packet failed, Ret[0x80000004]     Solution:
Error   2024-10-06 20:01:13  DevID:MV-CS016-10UC(DA0498828)  Source-Line:libMvUsb3vTL.so(DriverLayer.cpp-L0660)     Description:[usb_control_msg] errcode[-1]     Solution:
Error   2024-10-06 20:01:13  DevID:MV-CS016-10UC(DA0498828)  Source-Line:libMvUsb3vTL.so(EventProcess.cpp-L0327)     Description:[Event]Parse Packet failed, Ret[0x80000004]     Solution:
Error   2024-10-06 20:01:13  DevID:MV-CS016-10UC(DA0498828)  Source-Line:libMvUsb3vTL.so(DriverLayer.cpp-L0635)     Description:[usb_bulk_write] errcode[-1], LIBUSB_ERROR_IO     Solution:
Error   2024-10-06 20:01:13  DevID:MV-CS016-10UC(DA0498828)  Source-Line:libMvUsb3vTL.so(DeviceControl.cpp-L0571)     Description:[WriteMemUnit]: nLen[-1] != nSendLen[24]     Solution:
Error   2024-10-06 20:01:13  DevID:MV-CS016-10UC(DA0498828)  Source-Line:libMvUsb3vTL.so(EventProcess.cpp-L0327)     Description:[Event]Parse Packet failed, Ret[0x80000004]     Solution:
Error   2024-10-06 20:01:13  DevID:MV-CS016-10UC(DA0498828)  Source-Line:libMvUsb3vTL.so(DriverLayer.cpp-L0635)     Description:[usb_bulk_write] errcode[-1], LIBUSB_ERROR_IO     Solution:
Error   2024-10-06 20:01:13  DevID:MV-CS016-10UC(DA0498828)  Source-Line:libMvUsb3vTL.so(DeviceControl.cpp-L0571)     Description:[WriteMemUnit]: nLen[-1] != nSendLen[24]     Solution:
Error   2024-10-06 20:01:13  DevID:MV-CS016-10UC(DA0498828)  Source-Line:libMvUsb3vTL.so(DeviceControl.cpp-L1185)     Description:Set SI 1 fail, error code:[0x80000301]     Solution:
Error   2024-10-06 20:01:13  DevID:MV-CS016-10UC(DA0498828)  Source-Line:libMvUsb3vTL.so(EventProcess.cpp-L0327)     Description:[Event]Parse Packet failed, Ret[0x80000004]     Solution:
Error   2024-10-06 20:01:13  DevID:MV-CS016-10UC(DA0498828)  Source-Line:libMvUsb3vTL.so(DriverLayer.cpp-L0660)     Description:[usb_control_msg] errcode[-1]     Solution:
Error   2024-10-06 20:01:13  DevID:MV-CS016-10UC(DA0498828)  Source-Line:libMvUsb3vTL.so(DriverLayer.cpp-L0551)     Description:[libusb_clear_halt] errcode[-99], LIBUSB_ERROR_OTHER     Solution:
Error   2024-10-06 20:01:13  DevID:MV-CS016-10UC(DA0498828)  Source-Line:libMvUsb3vTL.so(EventProcess.cpp-L0327)     Description:[Event]Parse Packet failed, Ret[0x80000004]     Solution:
Error   2024-10-06 20:01:13  DevID:MV-CS016-10UC(DA0498828)  Source-Line:libMvUsb3vTL.so(EventProcess.cpp-L0327)     Description:[Event]Parse Packet failed, Ret[0x80000004]     Solution:
Error   2024-10-06 20:01:13  DevID:MV-CS016-10UC(DA0498828)  Source-Line:libMvUsb3vTL.so(EventProcess.cpp-L0327)     Description:[Event]Parse Packet failed, Ret[0x80000004]     Solution:
Error   2024-10-06 20:01:13  DevID:MV-CS016-10UC(DA0498828)  Source-Line:libMvUsb3vTL.so(DriverLayer.cpp-L0635)     Description:[usb_bulk_write] errcode[-1], LIBUSB_ERROR_IO     Solution:
Error   2024-10-06 20:01:13  DevID:MV-CS016-10UC(DA0498828)  Source-Line:libMvUsb3vTL.so(DeviceControl.cpp-L0571)     Description:[WriteMemUnit]: nLen[-1] != nSendLen[24]     Solution:
Error   2024-10-06 20:01:13  DevID:MV-CS016-10UC(DA0498828)  Source-Line:libMvUsb3vTL.so(EventProcess.cpp-L0327)     Description:[Event]Parse Packet failed, Ret[0x80000004]     Solution:
Error   2024-10-06 20:01:13  DevID:MV-CS016-10UC(DA0498828)  Source-Line:libMvUsb3vTL.so(DriverLayer.cpp-L0635)     Description:[usb_bulk_write] errcode[-1], LIBUSB_ERROR_IO     Solution:
Error   2024-10-06 20:01:13  DevID:MV-CS016-10UC(DA0498828)  Source-Line:libMvUsb3vTL.so(DeviceControl.cpp-L0571)     Description:[WriteMemUnit]: nLen[-1] != nSendLen[24]     Solution:
Error   2024-10-06 20:01:13  DevID:MV-CS016-10UC(DA0498828)  Source-Line:libMvUsb3vTL.so(DeviceControl.cpp-L1185)     Description:Set SI 1 fail, error code:[0x80000301]     Solution:
Error   2024-10-06 20:01:13  DevID:MV-CS016-10UC(DA0498828)  Source-Line:libMvUsb3vTL.so(EventProcess.cpp-L0327)     Description:[Event]Parse Packet failed, Ret[0x80000004]     Solution:
Error   2024-10-06 20:01:13  DevID:MV-CS016-10UC(DA0498828)  Source-Line:libMvUsb3vTL.so(DriverLayer.cpp-L0660)     Description:[usb_control_msg] errcode[-1]     Solution:
Error   2024-10-06 20:01:13  DevID:MV-CS016-10UC(DA0498828)  Source-Line:libMvUsb3vTL.so(DriverLayer.cpp-L0551)     Description:[libusb_clear_halt] errcode[-99], LIBUSB_ERROR_OTHER     Solution:
Error   2024-10-06 20:01:13  DevID:MV-CS016-10UC(DA0498828)  Source-Line:libMvUsb3vTL.so(EventProcess.cpp-L0327)     Description:[Event]Parse Packet failed, Ret[0x80000004]     Solution:
Error   2024-10-06 20:01:13  DevID:MV-CS016-10UC(DA0498828)  Source-Line:libMvUsb3vTL.so(EventProcess.cpp-L0327)     Description:[Event]Parse Packet failed, Ret[0x80000004]     Solution:
Error   2024-10-06 20:01:13  DevID:MV-CS016-10UC(DA0498828)  Source-Line:libMvUsb3vTL.so(EventProcess.cpp-L0327)     Description:[Event]Parse Packet failed, Ret[0x80000004]     Solution:
Error   2024-10-06 20:01:13  DevID:MV-CS016-10UC(DA0498828)  Source-Line:libMvUsb3vTL.so(DriverLayer.cpp-L0635)     Description:[usb_bulk_write] errcode[-1], LIBUSB_ERROR_IO     Solution:
Error   2024-10-06 20:01:13  DevID:MV-CS016-10UC(DA0498828)  Source-Line:libMvUsb3vTL.so(DeviceControl.cpp-L0571)     Description:[WriteMemUnit]: nLen[-1] != nSendLen[24]     Solution:
Error   2024-10-06 20:01:13  DevID:MV-CS016-10UC(DA0498828)  Source-Line:libMvUsb3vTL.so(EventProcess.cpp-L0327)     Description:[Event]Parse Packet failed, Ret[0x80000004]     Solution:
Error   2024-10-06 20:01:13  DevID:MV-CS016-10UC(DA0498828)  Source-Line:libMvUsb3vTL.so(DriverLayer.cpp-L0635)     Description:[usb_bulk_write] errcode[-1], LIBUSB_ERROR_IO     Solution:
Error   2024-10-06 20:01:13  DevID:MV-CS016-10UC(DA0498828)  Source-Line:libMvUsb3vTL.so(DeviceControl.cpp-L0571)     Description:[WriteMemUnit]: nLen[-1] != nSendLen[24]     Solution:
Error   2024-10-06 20:01:13  DevID:MV-CS016-10UC(DA0498828)  Source-Line:libMvUsb3vTL.so(DeviceControl.cpp-L1185)     Description:Set SI 1 fail, error code:[0x80000301]     Solution:
Error   2024-10-06 20:01:13  DevID:MV-CS016-10UC(DA0498828)  Source-Line:libMvUsb3vTL.so(EventProcess.cpp-L0327)     Description:[Event]Parse Packet failed, Ret[0x80000004]     Solution:
Error   2024-10-06 20:01:13  DevID:MV-CS016-10UC(DA0498828)  Source-Line:libMvUsb3vTL.so(DriverLayer.cpp-L0660)     Description:[usb_control_msg] errcode[-1]     Solution:
Error   2024-10-06 20:01:13  DevID:MV-CS016-10UC(DA0498828)  Source-Line:libMvUsb3vTL.so(DeviceControl.cpp-L0571)     Description:[WriteMemUnit]: nLen[-1] != nSendLen[24]     Solution:
Error   2024-10-06 20:01:13  DevID:MV-CS016-10UC(DA0498828)  Source-Line:libMvUsb3vTL.so(DeviceControl.cpp-L1185)     Description:Set SI 1 fail, error code:[0x80000301]     Solution:
Error   2024-10-06 20:01:13  DevID:MV-CS016-10UC(DA0498828)  Source-Line:libMvUsb3vTL.so(EventProcess.cpp-L0327)     Description:[Event]Parse Packet failed, Ret[0x80000004]     Solution:
Error   2024-10-06 20:01:13  DevID:MV-CS016-10UC(DA0498828)  Source-Line:libMvUsb3vTL.so(DriverLayer.cpp-L0660)     Description:[usb_control_msg] errcode[-1]     Solution:
Error   2024-10-06 20:01:13  DevID:MV-CS016-10UC(DA0498828)  Source-Line:libMvUsb3vTL.so(DriverLayer.cpp-L0551)     Description:[libusb_clear_halt] errcode[-99], LIBUSB_ERROR_OTHER     Solution:
Error   2024-10-06 20:01:13  DevID:MV-CS016-10UC(DA0498828)  Source-Line:libMvUsb3vTL.so(EventProcess.cpp-L0327)     Description:[Event]Parse Packet failed, Ret[0x80000004]     Solution:
Error   2024-10-06 20:01:13  DevID:MV-CS016-10UC(DA0498828)  Source-Line:libMvUsb3vTL.so(EventProcess.cpp-L0327)     Description:[Event]Parse Packet failed, Ret[0x80000004]     Solution:
Error   2024-10-06 20:01:13  DevID:MV-CS016-10UC(DA0498828)  Source-Line:libMvUsb3vTL.so(EventProcess.cpp-L0327)     Description:[Event]Parse Packet failed, Ret[0x80000004]     Solution:
Error   2024-10-06 20:01:13  DevID:MV-CS016-10UC(DA0498828)  Source-Line:libMvUsb3vTL.so(EventProcess.cpp-L0327)     Description:[Event]Parse Packet failed, Ret[0x80000004]     Solution:
Error   2024-10-06 20:01:13  DevID:MV-CS016-10UC(DA0498828)  Source-Line:libMvUsb3vTL.so(DriverLayer.cpp-L0635)     Description:[usb_bulk_write] errcode[-1], LIBUSB_ERROR_IO     Solution:
Error   2024-10-06 20:01:13  DevID:MV-CS016-10UC(DA0498828)  Source-Line:libMvUsb3vTL.so(DeviceControl.cpp-L0571)     Description:[WriteMemUnit]: nLen[-1] != nSendLen[24]     Solution:
Error   2024-10-06 20:01:13  DevID:MV-CS016-10UC(DA0498828)  Source-Line:libMvUsb3vTL.so(EventProcess.cpp-L0327)     Description:[Event]Parse Packet failed, Ret[0x80000004]     Solution:
Error   2024-10-06 20:01:13  DevID:MV-CS016-10UC(DA0498828)  Source-Line:libMvUsb3vTL.so(DriverLayer.cpp-L0635)     Description:[usb_bulk_write] errcode[-1], LIBUSB_ERROR_IO     Solution:
Error   2024-10-06 20:01:13  DevID:MV-CS016-10UC(DA0498828)  Source-Line:libMvUsb3vTL.so(DeviceControl.cpp-L0571)     Description:[WriteMemUnit]: nLen[-1] != nSendLen[24]     Solution:
Error   2024-10-06 20:01:13  DevID:MV-CS016-10UC(DA0498828)  Source-Line:libMvUsb3vTL.so(DeviceControl.cpp-L1185)     Description:Set SI 1 fail, error code:[0x80000301]     Solution:
Error   2024-10-06 20:01:13  DevID:MV-CS016-10UC(DA0498828)  Source-Line:libMvUsb3vTL.so(EventProcess.cpp-L0327)     Description:[Event]Parse Packet failed, Ret[0x80000004]     Solution:
Error   2024-10-06 20:01:13  DevID:MV-CS016-10UC(DA0498828)  Source-Line:libMvUsb3vTL.so(DriverLayer.cpp-L0660)     Description:[usb_control_msg] errcode[-1]     Solution:
Error   2024-10-06 20:01:13  DevID:MV-CS016-10UC(DA0498828)  Source-Line:libMvUsb3vTL.so(DriverLayer.cpp-L0551)     Description:[libusb_clear_halt] errcode[-99], LIBUSB_ERROR_OTHER     Solution:
Error   2024-10-06 20:01:13  DevID:MV-CS016-10UC(DA0498828)  Source-Line:libMvUsb3vTL.so(EventProcess.cpp-L0327)     Description:[Event]Parse Packet failed, Ret[0x80000004]     Solution:
Error   2024-10-06 20:01:13  DevID:MV-CS016-10UC(DA0498828)  Source-Line:libMvUsb3vTL.so(EventProcess.cpp-L0327)     Description:[Event]Parse Packet failed, Ret[0x80000004]     Solution:
Error   2024-10-06 20:01:13  DevID:MV-CS016-10UC(DA0498828)  Source-Line:libMvUsb3vTL.so(EventProcess.cpp-L0327)     Description:[Event]Parse Packet failed, Ret[0x80000004]     Solution:
Error   2024-10-06 20:01:13  DevID:MV-CS016-10UC(DA0498828)  Source-Line:libMvUsb3vTL.so(DriverLayer.cpp-L0635)     Description:[usb_bulk_write] errcode[-1], LIBUSB_ERROR_IO     Solution:
Error   2024-10-06 20:01:13  DevID:MV-CS016-10UC(DA0498828)  Source-Line:libMvUsb3vTL.so(DeviceControl.cpp-L0571)     Description:[WriteMemUnit]: nLen[-1] != nSendLen[24]     Solution:
Error   2024-10-06 20:01:13  DevID:MV-CS016-10UC(DA0498828)  Source-Line:libMvUsb3vTL.so(EventProcess.cpp-L0327)     Description:[Event]Parse Packet failed, Ret[0x80000004]     Solution:
Error   2024-10-06 20:01:13  DevID:MV-CS016-10UC(DA0498828)  Source-Line:libMvUsb3vTL.so(EventProcess.cpp-L0327)     Description:[Event]Parse Packet failed, Ret[0x80000004]     Solution:
Error   2024-10-06 20:01:13  DevID:MV-CS016-10UC(DA0498828)  Source-Line:libMvUsb3vTL.so(DriverLayer.cpp-L0635)     Description:[usb_bulk_write] errcode[-1], LIBUSB_ERROR_IO     Solution:
Error   2024-10-06 20:01:13  DevID:MV-CS016-10UC(DA0498828)  Source-Line:libMvUsb3vTL.so(DeviceControl.cpp-L0571)     Description:[WriteMemUnit]: nLen[-1] != nSendLen[24]     Solution:
Error   2024-10-06 20:01:13  DevID:MV-CS016-10UC(DA0498828)  Source-Line:libMvUsb3vTL.so(DeviceControl.cpp-L1185)     Description:Set SI 1 fail, error code:[0x80000301]     Solution:
Error   2024-10-06 20:01:13  DevID:MV-CS016-10UC(DA0498828)  Source-Line:libMvUsb3vTL.so(EventProcess.cpp-L0327)     Description:[Event]Parse Packet failed, Ret[0x80000004]     Solution:
Error   2024-10-06 20:01:13  DevID:MV-CS016-10UC(DA0498828)  Source-Line:libMvUsb3vTL.so(DriverLayer.cpp-L0660)     Description:[usb_control_msg] errcode[-1]     Solution:
Error   2024-10-06 20:01:13  DevID:MV-CS016-10UC(DA0498828)  Source-Line:libMvUsb3vTL.so(DriverLayer.cpp-L0551)     Description:[libusb_clear_halt] errcode[-99], LIBUSB_ERROR_OTHER     Solution:
Error   2024-10-06 20:01:13  DevID:MV-CS016-10UC(DA0498828)  Source-Line:libMvUsb3vTL.so(EventProcess.cpp-L0327)     Description:[Event]Parse Packet failed, Ret[0x80000004]     Solution:
Error   2024-10-06 20:01:13  DevID:MV-CS016-10UC(DA0498828)  Source-Line:libMvUsb3vTL.so(EventProcess.cpp-L0327)     Description:[Event]Parse Packet failed, Ret[0x80000004]     Solution:
Error   2024-10-06 20:01:13  DevID:MV-CS016-10UC(DA0498828)  Source-Line:libMvUsb3vTL.so(EventProcess.cpp-L0327)     Description:[Event]Parse Packet failed, Ret[0x80000004]     Solution:
Error   2024-10-06 20:01:13  DevID:MV-CS016-10UC(DA0498828)  Source-Line:libMvUsb3vTL.so(DriverLayer.cpp-L0635)     Description:[usb_bulk_write] errcode[-1], LIBUSB_ERROR_IO     Solution:
Error   2024-10-06 20:01:13  DevID:MV-CS016-10UC(DA0498828)  Source-Line:libMvUsb3vTL.so(DeviceControl.cpp-L0571)     Description:[WriteMemUnit]: nLen[-1] != nSendLen[24]     Solution:
Error   2024-10-06 20:01:13  DevID:MV-CS016-10UC(DA0498828)  Source-Line:libMvUsb3vTL.so(EventProcess.cpp-L0327)     Description:[Event]Parse Packet failed, Ret[0x80000004]     Solution:
Error   2024-10-06 20:01:13  DevID:MV-CS016-10UC(DA0498828)  Source-Line:libMvUsb3vTL.so(DriverLayer.cpp-L0635)     Description:[usb_bulk_write] errcode[-1], LIBUSB_ERROR_IO     Solution:
Error   2024-10-06 20:01:13  DevID:MV-CS016-10UC(DA0498828)  Source-Line:libMvUsb3vTL.so(DeviceControl.cpp-L0571)     Description:[WriteMemUnit]: nLen[-1] != nSendLen[24]     Solution:
Error   2024-10-06 20:01:13  DevID:MV-CS016-10UC(DA0498828)  Source-Line:libMvUsb3vTL.so(DeviceControl.cpp-L1185)     Description:Set SI 1 fail, error code:[0x80000301]     Solution:
Error   2024-10-06 20:01:13  DevID:MV-CS016-10UC(DA0498828)  Source-Line:libMvUsb3vTL.so(EventProcess.cpp-L0327)     Description:[Event]Parse Packet failed, Ret[0x80000004]     Solution:
Error   2024-10-06 20:01:13  DevID:MV-CS016-10UC(DA0498828)  Source-Line:libMvUsb3vTL.so(DriverLayer.cpp-L0660)     Description:[usb_control_msg] errcode[-1]     Solution:
Error   2024-10-06 20:01:13  DevID:MV-CS016-10UC(DA0498828)  Source-Line:libMvUsb3vTL.so(DriverLayer.cpp-L0551)     Description:[libusb_clear_halt] errcode[-99], LIBUSB_ERROR_OTHER     Solution:
Error   2024-10-06 20:01:13  DevID:MV-CS016-10UC(DA0498828)  Source-Line:libMvUsb3vTL.so(EventProcess.cpp-L0327)     Description:[Event]Parse Packet failed, Ret[0x80000004]     Solution:
Error   2024-10-06 20:01:13  DevID:MV-CS016-10UC(DA0498828)  Source-Line:libMvUsb3vTL.so(EventProcess.cpp-L0327)     Description:[Event]Parse Packet failed, Ret[0x80000004]     Solution:
Error   2024-10-06 20:01:13  DevID:MV-CS016-10UC(DA0498828)  Source-Line:libMvUsb3vTL.so(EventProcess.cpp-L0327)     Description:[Event]Parse Packet failed, Ret[0x80000004]     Solution:
Error   2024-10-06 20:01:13  DevID:MV-CS016-10UC(DA0498828)  Source-Line:libMvUsb3vTL.so(EventProcess.cpp-L0327)     Description:[Event]Parse Packet failed, Ret[0x80000004]     Solution:
Error   2024-10-06 20:01:13  DevID:MV-CS016-10UC(DA0498828)  Source-Line:libMvUsb3vTL.so(DriverLayer.cpp-L0635)     Description:[usb_bulk_write] errcode[-1], LIBUSB_ERROR_IO     Solution:
Error   2024-10-06 20:01:13  DevID:MV-CS016-10UC(DA0498828)  Source-Line:libMvUsb3vTL.so(DeviceControl.cpp-L0571)     Description:[WriteMemUnit]: nLen[-1] != nSendLen[24]     Solution:
Error   2024-10-06 20:01:13  DevID:MV-CS016-10UC(DA0498828)  Source-Line:libMvUsb3vTL.so(EventProcess.cpp-L0327)     Description:[Event]Parse Packet failed, Ret[0x80000004]     Solution:
Error   2024-10-06 20:01:13  DevID:MV-CS016-10UC(DA0498828)  Source-Line:libMvUsb3vTL.so(DriverLayer.cpp-L0635)     Description:[usb_bulk_write] errcode[-1], LIBUSB_ERROR_IO     Solution:
Error   2024-10-06 20:01:13  DevID:MV-CS016-10UC(DA0498828)  Source-Line:libMvUsb3vTL.so(DeviceControl.cpp-L0571)     Description:[WriteMemUnit]: nLen[-1] != nSendLen[24]     Solution:
Error   2024-10-06 20:01:13  DevID:MV-CS016-10UC(DA0498828)  Source-Line:libMvUsb3vTL.so(DeviceControl.cpp-L1185)     Description:Set SI 1 fail, error code:[0x80000301]     Solution:
Error   2024-10-06 20:01:13  DevID:MV-CS016-10UC(DA0498828)  Source-Line:libMvUsb3vTL.so(EventProcess.cpp-L0327)     Description:[Event]Parse Packet failed, Ret[0x80000004]     Solution:
Error   2024-10-06 20:01:13  DevID:MV-CS016-10UC(DA0498828)  Source-Line:libMvUsb3vTL.so(DriverLayer.cpp-L0660)     Description:[usb_control_msg] errcode[-1]     Solution:
Error   2024-10-06 20:01:13  DevID:MV-CS016-10UC(DA0498828)  Source-Line:libMvUsb3vTL.so(DriverLayer.cpp-L0551)     Description:[libusb_clear_halt] errcode[-99], LIBUSB_ERROR_OTHER     Solution:
Error   2024-10-06 20:01:13  DevID:MV-CS016-10UC(DA0498828)  Source-Line:libMvUsb3vTL.so(EventProcess.cpp-L0327)     Description:[Event]Parse Packet failed, Ret[0x80000004]     Solution:
Error   2024-10-06 20:01:13  DevID:MV-CS016-10UC(DA0498828)  Source-Line:libMvUsb3vTL.so(EventProcess.cpp-L0327)     Description:[Event]Parse Packet failed, Ret[0x80000004]     Solution:
Error   2024-10-06 20:01:13  DevID:MV-CS016-10UC(DA0498828)  Source-Line:libMvUsb3vTL.so(DriverLayer.cpp-L0635)     Description:[usb_bulk_write] errcode[-1], LIBUSB_ERROR_IO     Solution:
Error   2024-10-06 20:01:13  DevID:MV-CS016-10UC(DA0498828)  Source-Line:libMvUsb3vTL.so(DeviceControl.cpp-L0571)     Description:[WriteMemUnit]: nLen[-1] != nSendLen[24]     Solution:
Error   2024-10-06 20:01:13  DevID:MV-CS016-10UC(DA0498828)  Source-Line:libMvUsb3vTL.so(EventProcess.cpp-L0327)     Description:[Event]Parse Packet failed, Ret[0x80000004]     Solution:
Error   2024-10-06 20:01:13  DevID:MV-CS016-10UC(DA0498828)  Source-Line:libMvUsb3vTL.so(EventProcess.cpp-L0327)     Description:[Event]Parse Packet failed, Ret[0x80000004]     Solution:
Error   2024-10-06 20:01:13  DevID:MV-CS016-10UC(DA0498828)  Source-Line:libMvUsb3vTL.so(DriverLayer.cpp-L0635)     Description:[usb_bulk_write] errcode[-1], LIBUSB_ERROR_IO     Solution:
Error   2024-10-06 20:01:13  DevID:MV-CS016-10UC(DA0498828)  Source-Line:libMvUsb3vTL.so(DeviceControl.cpp-L0571)     Description:[WriteMemUnit]: nLen[-1] != nSendLen[24]     Solution:
Error   2024-10-06 20:01:13  DevID:MV-CS016-10UC(DA0498828)  Source-Line:libMvUsb3vTL.so(DeviceControl.cpp-L1185)     Description:Set SI 1 fail, error code:[0x80000301]     Solution:
Error   2024-10-06 20:01:13  DevID:MV-CS016-10UC(DA0498828)  Source-Line:libMvUsb3vTL.so(EventProcess.cpp-L0327)     Description:[Event]Parse Packet failed, Ret[0x80000004]     Solution:
Error   2024-10-06 20:01:13  DevID:MV-CS016-10UC(DA0498828)  Source-Line:libMvUsb3vTL.so(EventProcess.cpp-L0327)     Description:[Event]Parse Packet failed, Ret[0x80000004]     Solution:
Error   2024-10-06 20:01:13  DevID:MV-CS016-10UC(DA0498828)  Source-Line:libMvUsb3vTL.so(DriverLayer.cpp-L0635)     Description:[usb_bulk_write] errcode[-1], LIBUSB_ERROR_IO     Solution:
Error   2024-10-06 20:01:13  DevID:MV-CS016-10UC(DA0498828)  Source-Line:libMvUsb3vTL.so(DeviceControl.cpp-L0571)     Description:[WriteMemUnit]: nLen[-1] != nSendLen[24]     Solution:
Error   2024-10-06 20:01:13  DevID:MV-CS016-10UC(DA0498828)  Source-Line:libMvUsb3vTL.so(DeviceControl.cpp-L1185)     Description:Set SI 1 fail, error code:[0x80000301]     Solution:
Error   2024-10-06 20:01:13  DevID:MV-CS016-10UC(DA0498828)  Source-Line:libMvUsb3vTL.so(EventProcess.cpp-L0327)     Description:[Event]Parse Packet failed, Ret[0x80000004]     Solution:
Error   2024-10-06 20:01:13  DevID:MV-CS016-10UC(DA0498828)  Source-Line:libMvUsb3vTL.so(DriverLayer.cpp-L0660)     Description:[usb_control_msg] errcode[-1]     Solution:
Error   2024-10-06 20:01:13  DevID:MV-CS016-10UC(DA0498828)  Source-Line:libMvUsb3vTL.so(DriverLayer.cpp-L0551)     Description:[libusb_clear_halt] errcode[-99], LIBUSB_ERROR_OTHER     Solution:
Error   2024-10-06 20:01:13  DevID:MV-CS016-10UC(DA0498828)  Source-Line:libMvUsb3vTL.so(EventProcess.cpp-L0327)     Description:[Event]Parse Packet failed, Ret[0x80000004]     Solution:
Error   2024-10-06 20:01:13  DevID:MV-CS016-10UC(DA0498828)  Source-Line:libMvUsb3vTL.so(EventProcess.cpp-L0327)     Description:[Event]Parse Packet failed, Ret[0x80000004]     Solution:
Error   2024-10-06 20:01:13  DevID:MV-CS016-10UC(DA0498828)  Source-Line:libMvUsb3vTL.so(EventProcess.cpp-L0327)     Description:[Event]Parse Packet failed, Ret[0x80000004]     Solution:
Error   2024-10-06 20:01:13  DevID:MV-CS016-10UC(DA0498828)  Source-Line:libMvUsb3vTL.so(DriverLayer.cpp-L0635)     Description:[usb_bulk_write] errcode[-1], LIBUSB_ERROR_IO     Solution:
Error   2024-10-06 20:01:13  DevID:MV-CS016-10UC(DA0498828)  Source-Line:libMvUsb3vTL.so(DeviceControl.cpp-L0571)     Description:[WriteMemUnit]: nLen[-1] != nSendLen[24]     Solution:
Error   2024-10-06 20:01:13  DevID:MV-CS016-10UC(DA0498828)  Source-Line:libMvUsb3vTL.so(EventProcess.cpp-L0327)     Description:[Event]Parse Packet failed, Ret[0x80000004]     Solution:
Error   2024-10-06 20:01:13  DevID:MV-CS016-10UC(DA0498828)  Source-Line:libMvUsb3vTL.so(EventProcess.cpp-L0327)     Description:[Event]Parse Packet failed, Ret[0x80000004]     Solution:
Error   2024-10-06 20:01:13  DevID:MV-CS016-10UC(DA0498828)  Source-Line:libMvUsb3vTL.so(DriverLayer.cpp-L0635)     Description:[usb_bulk_write] errcode[-1], LIBUSB_ERROR_IO     Solution:
Error   2024-10-06 20:01:13  DevID:MV-CS016-10UC(DA0498828)  Source-Line:libMvUsb3vTL.so(DeviceControl.cpp-L0571)     Description:[WriteMemUnit]: nLen[-1] != nSendLen[24]     Solution:
Error   2024-10-06 20:01:13  DevID:MV-CS016-10UC(DA0498828)  Source-Line:libMvUsb3vTL.so(DeviceControl.cpp-L1185)     Description:Set SI 1 fail, error code:[0x80000301]     Solution:
Error   2024-10-06 20:01:13  DevID:MV-CS016-10UC(DA0498828)  Source-Line:libMvUsb3vTL.so(EventProcess.cpp-L0327)     Description:[Event]Parse Packet failed, Ret[0x80000004]     Solution:
Error   2024-10-06 20:01:13  DevID:MV-CS016-10UC(DA0498828)  Source-Line:libMvUsb3vTL.so(DriverLayer.cpp-L0660)     Description:[usb_control_msg] errcode[-1]     Solution:
Error   2024-10-06 20:01:13  DevID:MV-CS016-10UC(DA0498828)  Source-Line:libMvUsb3vTL.so(DriverLayer.cpp-L0551)     Description:[libusb_clear_halt] errcode[-99], LIBUSB_ERROR_OTHER     Solution:
Error   2024-10-06 20:01:13  DevID:MV-CS016-10UC(DA0498828)  Source-Line:libMvUsb3vTL.so(EventProcess.cpp-L0327)     Description:[Event]Parse Packet failed, Ret[0x80000004]     Solution:
Error   2024-10-06 20:01:13  DevID:MV-CS016-10UC(DA0498828)  Source-Line:libMvUsb3vTL.so(EventProcess.cpp-L0327)     Description:[Event]Parse Packet failed, Ret[0x80000004]     Solution:
Error   2024-10-06 20:01:13  DevID:MV-CS016-10UC(DA0498828)  Source-Line:libMvUsb3vTL.so(EventProcess.cpp-L0327)     Description:[Event]Parse Packet failed, Ret[0x80000004]     Solution:
Error   2024-10-06 20:01:13  DevID:MV-CS016-10UC(DA0498828)  Source-Line:libMvUsb3vTL.so(EventProcess.cpp-L0327)     Description:[Event]Parse Packet failed, Ret[0x80000004]     Solution:
Error   2024-10-06 20:01:13  DevID:MV-CS016-10UC(DA0498828)  Source-Line:libMvUsb3vTL.so(DriverLayer.cpp-L0635)     Description:[usb_bulk_write] errcode[-1], LIBUSB_ERROR_IO     Solution:
Error   2024-10-06 20:01:13  DevID:MV-CS016-10UC(DA0498828)  Source-Line:libMvUsb3vTL.so(DeviceControl.cpp-L0571)     Description:[WriteMemUnit]: nLen[-1] != nSendLen[24]     Solution:
Error   2024-10-06 20:01:13  DevID:MV-CS016-10UC(DA0498828)  Source-Line:libMvUsb3vTL.so(EventProcess.cpp-L0327)     Description:[Event]Parse Packet failed, Ret[0x80000004]     Solution:
Error   2024-10-06 20:01:13  DevID:MV-CS016-10UC(DA0498828)  Source-Line:libMvUsb3vTL.so(DriverLayer.cpp-L0635)     Description:[usb_bulk_write] errcode[-1], LIBUSB_ERROR_IO     Solution:
Error   2024-10-06 20:01:13  DevID:MV-CS016-10UC(DA0498828)  Source-Line:libMvUsb3vTL.so(DeviceControl.cpp-L0571)     Description:[WriteMemUnit]: nLen[-1] != nSendLen[24]     Solution:
Error   2024-10-06 20:01:13  DevID:MV-CS016-10UC(DA0498828)  Source-Line:libMvUsb3vTL.so(DeviceControl.cpp-L1185)     Description:Set SI 1 fail, error code:[0x80000301]     Solution:
Error   2024-10-06 20:01:13  DevID:MV-CS016-10UC(DA0498828)  Source-Line:libMvUsb3vTL.so(EventProcess.cpp-L0327)     Description:[Event]Parse Packet failed, Ret[0x80000004]     Solution:
Error   2024-10-06 20:01:13  DevID:MV-CS016-10UC(DA0498828)  Source-Line:libMvUsb3vTL.so(DriverLayer.cpp-L0551)     Description:[libusb_clear_halt] errcode[-99], LIBUSB_ERROR_OTHER     Solution:
Error   2024-10-06 20:01:13  DevID:MV-CS016-10UC(DA0498828)  Source-Line:libMvUsb3vTL.so(EventProcess.cpp-L0327)     Description:[Event]Parse Packet failed, Ret[0x80000004]     Solution:
Error   2024-10-06 20:01:13  DevID:MV-CS016-10UC(DA0498828)  Source-Line:libMvUsb3vTL.so(EventProcess.cpp-L0327)     Description:[Event]Parse Packet failed, Ret[0x80000004]     Solution:
Error   2024-10-06 20:01:13  DevID:MV-CS016-10UC(DA0498828)  Source-Line:libMvUsb3vTL.so(EventProcess.cpp-L0327)     Description:[Event]Parse Packet failed, Ret[0x80000004]     Solution:
Error   2024-10-06 20:01:13  DevID:MV-CS016-10UC(DA0498828)  Source-Line:libMvUsb3vTL.so(DriverLayer.cpp-L0635)     Description:[usb_bulk_write] errcode[-1], LIBUSB_ERROR_IO     Solution:
Error   2024-10-06 20:01:13  DevID:MV-CS016-10UC(DA0498828)  Source-Line:libMvUsb3vTL.so(DeviceControl.cpp-L0571)     Description:[WriteMemUnit]: nLen[-1] != nSendLen[24]     Solution:
Error   2024-10-06 20:01:13  DevID:MV-CS016-10UC(DA0498828)  Source-Line:libMvUsb3vTL.so(EventProcess.cpp-L0327)     Description:[Event]Parse Packet failed, Ret[0x80000004]     Solution:
Error   2024-10-06 20:01:13  DevID:MV-CS016-10UC(DA0498828)  Source-Line:libMvUsb3vTL.so(DriverLayer.cpp-L0635)     Description:[usb_bulk_write] errcode[-1], LIBUSB_ERROR_IO     Solution:
Error   2024-10-06 20:01:13  DevID:MV-CS016-10UC(DA0498828)  Source-Line:libMvUsb3vTL.so(DeviceControl.cpp-L0571)     Description:[WriteMemUnit]: nLen[-1] != nSendLen[24]     Solution:
Error   2024-10-06 20:01:13  DevID:MV-CS016-10UC(DA0498828)  Source-Line:libMvUsb3vTL.so(DeviceControl.cpp-L1185)     Description:Set SI 1 fail, error code:[0x80000301]     Solution:
Error   2024-10-06 20:01:13  DevID:MV-CS016-10UC(DA0498828)  Source-Line:libMvUsb3vTL.so(EventProcess.cpp-L0327)     Description:[Event]Parse Packet failed, Ret[0x80000004]     Solution:
Error   2024-10-06 20:01:13  DevID:MV-CS016-10UC(DA0498828)  Source-Line:libMvUsb3vTL.so(DriverLayer.cpp-L0660)     Description:[usb_control_msg] errcode[-1]     Solution:
Error   2024-10-06 20:01:13  DevID:MV-CS016-10UC(DA0498828)  Source-Line:libMvUsb3vTL.so(DriverLayer.cpp-L0551)     Description:[libusb_clear_halt] errcode[-99], LIBUSB_ERROR_OTHER     Solution:
Error   2024-10-06 20:01:13  DevID:MV-CS016-10UC(DA0498828)  Source-Line:libMvUsb3vTL.so(EventProcess.cpp-L0327)     Description:[Event]Parse Packet failed, Ret[0x80000004]     Solution:
Error   2024-10-06 20:01:13  DevID:MV-CS016-10UC(DA0498828)  Source-Line:libMvUsb3vTL.so(EventProcess.cpp-L0327)     Description:[Event]Parse Packet failed, Ret[0x80000004]     Solution:
Error   2024-10-06 20:01:13  DevID:MV-CS016-10UC(DA0498828)  Source-Line:libMvUsb3vTL.so(EventProcess.cpp-L0327)     Description:[Event]Parse Packet failed, Ret[0x80000004]     Solution:
Error   2024-10-06 20:01:13  DevID:MV-CS016-10UC(DA0498828)  Source-Line:libMvUsb3vTL.so(DriverLayer.cpp-L0635)     Description:[usb_bulk_write] errcode[-1], LIBUSB_ERROR_IO     Solution:
Error   2024-10-06 20:01:13  DevID:MV-CS016-10UC(DA0498828)  Source-Line:libMvUsb3vTL.so(DeviceControl.cpp-L0571)     Description:[WriteMemUnit]: nLen[-1] != nSendLen[24]     Solution:
Error   2024-10-06 20:01:13  DevID:MV-CS016-10UC(DA0498828)  Source-Line:libMvUsb3vTL.so(EventProcess.cpp-L0327)     Description:[Event]Parse Packet failed, Ret[0x80000004]     Solution:
Error   2024-10-06 20:01:13  DevID:MV-CS016-10UC(DA0498828)  Source-Line:libMvUsb3vTL.so(DriverLayer.cpp-L0635)     Description:[usb_bulk_write] errcode[-1], LIBUSB_ERROR_IO     Solution:
Error   2024-10-06 20:01:13  DevID:MV-CS016-10UC(DA0498828)  Source-Line:libMvUsb3vTL.so(DeviceControl.cpp-L0571)     Description:[WriteMemUnit]: nLen[-1] != nSendLen[24]     Solution:
Error   2024-10-06 20:01:13  DevID:MV-CS016-10UC(DA0498828)  Source-Line:libMvUsb3vTL.so(DeviceControl.cpp-L1185)     Description:Set SI 1 fail, error code:[0x80000301]     Solution:
Error   2024-10-06 20:01:13  DevID:MV-CS016-10UC(DA0498828)  Source-Line:libMvUsb3vTL.so(EventProcess.cpp-L0327)     Description:[Event]Parse Packet failed, Ret[0x80000004]     Solution:
Error   2024-10-06 20:01:13  DevID:MV-CS016-10UC(DA0498828)  Source-Line:libMvUsb3vTL.so(EventProcess.cpp-L0327)     Description:[Event]Parse Packet failed, Ret[0x80000004]     Solution:
Error   2024-10-06 20:01:13  DevID:MV-CS016-10UC(DA0498828)  Source-Line:libMvUsb3vTL.so(DriverLayer.cpp-L0660)     Description:[usb_control_msg] errcode[-1]     Solution:
Error   2024-10-06 20:01:13  DevID:MV-CS016-10UC(DA0498828)  Source-Line:libMvUsb3vTL.so(DriverLayer.cpp-L0551)     Description:[libusb_clear_halt] errcode[-99], LIBUSB_ERROR_OTHER     Solution:
Error   2024-10-06 20:01:13  DevID:MV-CS016-10UC(DA0498828)  Source-Line:libMvUsb3vTL.so(EventProcess.cpp-L0327)     Description:[Event]Parse Packet failed, Ret[0x80000004]     Solution:
Error   2024-10-06 20:01:13  DevID:MV-CS016-10UC(DA0498828)  Source-Line:libMvUsb3vTL.so(EventProcess.cpp-L0327)     Description:[Event]Parse Packet failed, Ret[0x80000004]     Solution:
Error   2024-10-06 20:01:13  DevID:MV-CS016-10UC(DA0498828)  Source-Line:libMvUsb3vTL.so(EventProcess.cpp-L0327)     Description:[Event]Parse Packet failed, Ret[0x80000004]     Solution:
Error   2024-10-06 20:01:13  DevID:MV-CS016-10UC(DA0498828)  Source-Line:libMvUsb3vTL.so(DriverLayer.cpp-L0635)     Description:[usb_bulk_write] errcode[-1], LIBUSB_ERROR_IO     Solution:
Error   2024-10-06 20:01:13  DevID:MV-CS016-10UC(DA0498828)  Source-Line:libMvUsb3vTL.so(DriverLayer.cpp-L0635)     Description:[usb_bulk_write] errcode[-1], LIBUSB_ERROR_IO     Solution:
Error   2024-10-06 20:01:13  DevID:MV-CS016-10UC(DA0498828)  Source-Line:libMvUsb3vTL.so(DeviceControl.cpp-L0571)     Description:[WriteMemUnit]: nLen[-1] != nSendLen[24]     Solution:
Error   2024-10-06 20:01:13  DevID:MV-CS016-10UC(DA0498828)  Source-Line:libMvUsb3vTL.so(EventProcess.cpp-L0327)     Description:[Event]Parse Packet failed, Ret[0x80000004]     Solution:
Error   2024-10-06 20:01:13  DevID:MV-CS016-10UC(DA0498828)  Source-Line:libMvUsb3vTL.so(DriverLayer.cpp-L0635)     Description:[usb_bulk_write] errcode[-1], LIBUSB_ERROR_IO     Solution:
Error   2024-10-06 20:01:13  DevID:MV-CS016-10UC(DA0498828)  Source-Line:libMvUsb3vTL.so(DeviceControl.cpp-L0571)     Description:[WriteMemUnit]: nLen[-1] != nSendLen[24]     Solution:
Error   2024-10-06 20:01:13  DevID:MV-CS016-10UC(DA0498828)  Source-Line:libMvUsb3vTL.so(DeviceControl.cpp-L1185)     Description:Set SI 1 fail, error code:[0x80000301]     Solution:
Error   2024-10-06 20:01:13  DevID:MV-CS016-10UC(DA0498828)  Source-Line:libMvUsb3vTL.so(EventProcess.cpp-L0327)     Description:[Event]Parse Packet failed, Ret[0x80000004]     Solution:
Error   2024-10-06 20:01:13  DevID:MV-CS016-10UC(DA0498828)  Source-Line:libMvUsb3vTL.so(EventProcess.cpp-L0327)     Description:[Event]Parse Packet failed, Ret[0x80000004]     Solution:
Error   2024-10-06 20:01:13  DevID:MV-CS016-10UC(DA0498828)  Source-Line:libMvUsb3vTL.so(DriverLayer.cpp-L0660)     Description:[usb_control_msg] errcode[-1]     Solution:
Error   2024-10-06 20:01:13  DevID:MV-CS016-10UC(DA0498828)  Source-Line:libMvUsb3vTL.so(DriverLayer.cpp-L0551)     Description:[libusb_clear_halt] errcode[-99], LIBUSB_ERROR_OTHER     Solution:
Error   2024-10-06 20:01:13  DevID:MV-CS016-10UC(DA0498828)  Source-Line:libMvUsb3vTL.so(EventProcess.cpp-L0327)     Description:[Event]Parse Packet failed, Ret[0x80000004]     Solution:
Error   2024-10-06 20:01:13  DevID:MV-CS016-10UC(DA0498828)  Source-Line:libMvUsb3vTL.so(EventProcess.cpp-L0327)     Description:[Event]Parse Packet failed, Ret[0x80000004]     Solution:
Error   2024-10-06 20:01:13  DevID:MV-CS016-10UC(DA0498828)  Source-Line:libMvUsb3vTL.so(EventProcess.cpp-L0327)     Description:[Event]Parse Packet failed, Ret[0x80000004]     Solution:
Error   2024-10-06 20:01:13  DevID:MV-CS016-10UC(DA0498828)  Source-Line:libMvUsb3vTL.so(DriverLayer.cpp-L0635)     Description:[usb_bulk_write] errcode[-1], LIBUSB_ERROR_IO     Solution:
Error   2024-10-06 20:01:13  DevID:MV-CS016-10UC(DA0498828)  Source-Line:libMvUsb3vTL.so(DeviceControl.cpp-L0571)     Description:[WriteMemUnit]: nLen[-1] != nSendLen[24]     Solution:
Error   2024-10-06 20:01:13  DevID:MV-CS016-10UC(DA0498828)  Source-Line:libMvUsb3vTL.so(EventProcess.cpp-L0327)     Description:[Event]Parse Packet failed, Ret[0x80000004]     Solution:
Error   2024-10-06 20:01:13  DevID:MV-CS016-10UC(DA0498828)  Source-Line:libMvUsb3vTL.so(EventProcess.cpp-L0327)     Description:[Event]Parse Packet failed, Ret[0x80000004]     Solution:
Error   2024-10-06 20:01:13  DevID:MV-CS016-10UC(DA0498828)  Source-Line:libMvUsb3vTL.so(DriverLayer.cpp-L0635)     Description:[usb_bulk_write] errcode[-1], LIBUSB_ERROR_IO     Solution:
Error   2024-10-06 20:01:13  DevID:MV-CS016-10UC(DA0498828)  Source-Line:libMvUsb3vTL.so(DeviceControl.cpp-L0571)     Description:[WriteMemUnit]: nLen[-1] != nSendLen[24]     Solution:
Error   2024-10-06 20:01:13  DevID:MV-CS016-10UC(DA0498828)  Source-Line:libMvUsb3vTL.so(DeviceControl.cpp-L1185)     Description:Set SI 1 fail, error code:[0x80000301]     Solution:
Error   2024-10-06 20:01:13  DevID:MV-CS016-10UC(DA0498828)  Source-Line:libMvUsb3vTL.so(EventProcess.cpp-L0327)     Description:[Event]Parse Packet failed, Ret[0x80000004]     Solution:
Error   2024-10-06 20:01:13  DevID:MV-CS016-10UC(DA0498828)  Source-Line:libMvUsb3vTL.so(EventProcess.cpp-L0327)     Description:[Event]Parse Packet failed, Ret[0x80000004]     Solution:
Error   2024-10-06 20:01:13  DevID:MV-CS016-10UC(DA0498828)  Source-Line:libMvUsb3vTL.so(DriverLayer.cpp-L0660)     Description:[usb_control_msg] errcode[-1]     Solution:
Error   2024-10-06 20:01:13  DevID:MV-CS016-10UC(DA0498828)  Source-Line:libMvUsb3vTL.so(DriverLayer.cpp-L0551)     Description:[libusb_clear_halt] errcode[-99], LIBUSB_ERROR_OTHER     Solution:
Error   2024-10-06 20:01:13  DevID:MV-CS016-10UC(DA0498828)  Source-Line:libMvUsb3vTL.so(EventProcess.cpp-L0327)     Description:[Event]Parse Packet failed, Ret[0x80000004]     Solution:
Error   2024-10-06 20:01:13  DevID:MV-CS016-10UC(DA0498828)  Source-Line:libMvUsb3vTL.so(EventProcess.cpp-L0327)     Description:[Event]Parse Packet failed, Ret[0x80000004]     Solution:
Error   2024-10-06 20:01:13  DevID:MV-CS016-10UC(DA0498828)  Source-Line:libMvUsb3vTL.so(EventProcess.cpp-L0327)     Description:[Event]Parse Packet failed, Ret[0x80000004]     Solution:
Error   2024-10-06 20:01:13  DevID:MV-CS016-10UC(DA0498828)  Source-Line:libMvUsb3vTL.so(DriverLayer.cpp-L0635)     Description:[usb_bulk_write] errcode[-1], LIBUSB_ERROR_IO     Solution:
Error   2024-10-06 20:01:13  DevID:MV-CS016-10UC(DA0498828)  Source-Line:libMvUsb3vTL.so(DeviceControl.cpp-L0571)     Description:[WriteMemUnit]: nLen[-1] != nSendLen[24]     Solution:
Error   2024-10-06 20:01:13  DevID:MV-CS016-10UC(DA0498828)  Source-Line:libMvUsb3vTL.so(EventProcess.cpp-L0327)     Description:[Event]Parse Packet failed, Ret[0x80000004]     Solution:
Error   2024-10-06 20:01:13  DevID:MV-CS016-10UC(DA0498828)  Source-Line:libMvUsb3vTL.so(DriverLayer.cpp-L0635)     Description:[usb_bulk_write] errcode[-1], LIBUSB_ERROR_IO     Solution:
Error   2024-10-06 20:01:13  DevID:MV-CS016-10UC(DA0498828)  Source-Line:libMvUsb3vTL.so(DeviceControl.cpp-L0571)     Description:[WriteMemUnit]: nLen[-1] != nSendLen[24]     Solution:
Error   2024-10-06 20:01:13  DevID:MV-CS016-10UC(DA0498828)  Source-Line:libMvUsb3vTL.so(DeviceControl.cpp-L1185)     Description:Set SI 1 fail, error code:[0x80000301]     Solution:
Error   2024-10-06 20:01:13  DevID:MV-CS016-10UC(DA0498828)  Source-Line:libMvUsb3vTL.so(EventProcess.cpp-L0327)     Description:[Event]Parse Packet failed, Ret[0x80000004]     Solution:
Error   2024-10-06 20:01:13  DevID:MV-CS016-10UC(DA0498828)  Source-Line:libMvUsb3vTL.so(EventProcess.cpp-L0327)     Description:[Event]Parse Packet failed, Ret[0x80000004]     Solution:
Error   2024-10-06 20:01:13  DevID:MV-CS016-10UC(DA0498828)  Source-Line:libMvUsb3vTL.so(EventProcess.cpp-L0327)     Description:[Event]Parse Packet failed, Ret[0x80000004]     Solution:
Error   2024-10-06 20:01:13  DevID:MV-CS016-10UC(DA0498828)  Source-Line:libMvUsb3vTL.so(EventProcess.cpp-L0327)     Description:[Event]Parse Packet failed, Ret[0x80000004]     Solution:
Error   2024-10-06 20:01:13  DevID:MV-CS016-10UC(DA0498828)  Source-Line:libMvUsb3vTL.so(EventProcess.cpp-L0327)     Description:[Event]Parse Packet failed, Ret[0x80000004]     Solution:
Error   2024-10-06 20:01:13  DevID:MV-CS016-10UC(DA0498828)  Source-Line:libMvUsb3vTL.so(EventProcess.cpp-L0327)     Description:[Event]Parse Packet failed, Ret[0x80000004]     Solution:
Error   2024-10-06 20:01:13  DevID:MV-CS016-10UC(DA0498828)  Source-Line:libMvUsb3vTL.so(EventProcess.cpp-L0327)     Description:[Event]Parse Packet failed, Ret[0x80000004]     Solution:
Error   2024-10-06 20:01:13  DevID:MV-CS016-10UC(DA0498828)  Source-Line:libMvUsb3vTL.so(EventProcess.cpp-L0327)     Description:[Event]Parse Packet failed, Ret[0x80000004]     Solution:
Error   2024-10-06 20:01:13  DevID:MV-CS016-10UC(DA0498828)  Source-Line:libMvUsb3vTL.so(EventProcess.cpp-L0327)     Description:[Event]Parse Packet failed, Ret[0x80000004]     Solution:
Error   2024-10-06 20:01:13  DevID:MV-CS016-10UC(DA0498828)  Source-Line:libMvUsb3vTL.so(EventProcess.cpp-L0327)     Description:[Event]Parse Packet failed, Ret[0x80000004]     Solution:
Error   2024-10-06 20:01:13  DevID:MV-CS016-10UC(DA0498828)  Source-Line:libMvUsb3vTL.so(EventProcess.cpp-L0327)     Description:[Event]Parse Packet failed, Ret[0x80000004]     Solution:
Error   2024-10-06 20:01:13  DevID:MV-CS016-10UC(DA0498828)  Source-Line:libMvUsb3vTL.so(EventProcess.cpp-L0327)     Description:[Event]Parse Packet failed, Ret[0x80000004]     Solution:
Error   2024-10-06 20:01:13  DevID:MV-CS016-10UC(DA0498828)  Source-Line:libMvUsb3vTL.so(StreamProcess.cpp-L1065)     Description:[ReadAsync] error code is:[1],i = [0], errno[71], Halt Total Count[4]     Solution:
Error   2024-10-06 20:01:13  DevID:MV-CS016-10UC(DA0498828)  Source-Line:libMvUsb3vTL.so(EventProcess.cpp-L0327)     Description:[Event]Parse Packet failed, Ret[0x80000004]     Solution:
Error   2024-10-06 20:01:13  DevID:MV-CS016-10UC(DA0498828)  Source-Line:libMvUsb3vTL.so(EventProcess.cpp-L0327)     Description:[Event]Parse Packet failed, Ret[0x80000004]     Solution:
Error   2024-10-06 20:01:13  DevID:MV-CS016-10UC(DA0498828)  Source-Line:libMvUsb3vTL.so(EventProcess.cpp-L0327)     Description:[Event]Parse Packet failed, Ret[0x80000004]     Solution:
Error   2024-10-06 20:01:13  DevID:MV-CS016-10UC(DA0498828)  Source-Line:libMvUsb3vTL.so(DriverLayer.cpp-L0660)     Description:[usb_control_msg] errcode[-1]     Solution:
Error   2024-10-06 20:01:13  DevID:MV-CS016-10UC(DA0498828)  Source-Line:libMvUsb3vTL.so(EventProcess.cpp-L0327)     Description:[Event]Parse Packet failed, Ret[0x80000004]     Solution:
Error   2024-10-06 20:01:13  DevID:MV-CS016-10UC(DA0498828)  Source-Line:libMvUsb3vTL.so(EventProcess.cpp-L0327)     Description:[Event]Parse Packet failed, Ret[0x80000004]     Solution:
Error   2024-10-06 20:01:13  DevID:MV-CS016-10UC(DA0498828)  Source-Line:libMvUsb3vTL.so(EventProcess.cpp-L0327)     Description:[Event]Parse Packet failed, Ret[0x80000004]     Solution:
Error   2024-10-06 20:01:13  DevID:MV-CS016-10UC(DA0498828)  Source-Line:libMvUsb3vTL.so(EventProcess.cpp-L0327)     Description:[Event]Parse Packet failed, Ret[0x80000004]     Solution:
Error   2024-10-06 20:01:13  DevID:MV-CS016-10UC(DA0498828)  Source-Line:libMvUsb3vTL.so(EventProcess.cpp-L0327)     Description:[Event]Parse Packet failed, Ret[0x80000004]     Solution:
Error   2024-10-06 20:01:13  DevID:MV-CS016-10UC(DA0498828)  Source-Line:libMvUsb3vTL.so(EventProcess.cpp-L0327)     Description:[Event]Parse Packet failed, Ret[0x80000004]     Solution:
Error   2024-10-06 20:01:13  DevID:MV-CS016-10UC(DA0498828)  Source-Line:libMvUsb3vTL.so(EventProcess.cpp-L0327)     Description:[Event]Parse Packet failed, Ret[0x80000004]     Solution:
Error   2024-10-06 20:01:13  DevID:MV-CS016-10UC(DA0498828)  Source-Line:libMvUsb3vTL.so(EventProcess.cpp-L0327)     Description:[Event]Parse Packet failed, Ret[0x80000004]     Solution:
Error   2024-10-06 20:01:13  DevID:MV-CS016-10UC(DA0498828)  Source-Line:libMvUsb3vTL.so(EventProcess.cpp-L0327)     Description:[Event]Parse Packet failed, Ret[0x80000004]     Solution:
Error   2024-10-06 20:01:13  DevID:MV-CS016-10UC(DA0498828)  Source-Line:libMvUsb3vTL.so(EventProcess.cpp-L0327)     Description:[Event]Parse Packet failed, Ret[0x80000004]     Solution:
Error   2024-10-06 20:01:13  DevID:MV-CS016-10UC(DA0498828)  Source-Line:libMvUsb3vTL.so(EventProcess.cpp-L0327)     Description:[Event]Parse Packet failed, Ret[0x80000004]     Solution:
Error   2024-10-06 20:01:13  DevID:MV-CS016-10UC(DA0498828)  Source-Line:libMvUsb3vTL.so(EventProcess.cpp-L0327)     Description:[Event]Parse Packet failed, Ret[0x80000004]     Solution:
Error   2024-10-06 20:01:13  DevID:MV-CS016-10UC(DA0498828)  Source-Line:libMvUsb3vTL.so(EventProcess.cpp-L0327)     Description:[Event]Parse Packet failed, Ret[0x80000004]     Solution:
Error   2024-10-06 20:01:13  DevID:MV-CS016-10UC(DA0498828)  Source-Line:libMvUsb3vTL.so(EventProcess.cpp-L0327)     Description:[Event]Parse Packet failed, Ret[0x80000004]     Solution:
Error   2024-10-06 20:01:13  DevID:MV-CS016-10UC(DA0498828)  Source-Line:libMvUsb3vTL.so(DriverLayer.cpp-L0660)     Description:[usb_control_msg] errcode[-1]     Solution:
Error   2024-10-06 20:01:13  DevID:MV-CS016-10UC(DA0498828)  Source-Line:libMvUsb3vTL.so(DriverLayer.cpp-L0551)     Description:[libusb_clear_halt] errcode[-99], LIBUSB_ERROR_OTHER     Solution:
Error   2024-10-06 20:01:13  DevID:MV-CS016-10UC(DA0498828)  Source-Line:libMvUsb3vTL.so(EventProcess.cpp-L0327)     Description:[Event]Parse Packet failed, Ret[0x80000004]     Solution:
Error   2024-10-06 20:01:13  DevID:MV-CS016-10UC(DA0498828)  Source-Line:libMvUsb3vTL.so(EventProcess.cpp-L0327)     Description:[Event]Parse Packet failed, Ret[0x80000004]     Solution:
Error   2024-10-06 20:01:13  DevID:MV-CS016-10UC(DA0498828)  Source-Line:libMvUsb3vTL.so(DriverLayer.cpp-L0635)     Description:[usb_bulk_write] errcode[-1], LIBUSB_ERROR_IO     Solution:
Error   2024-10-06 20:01:13  DevID:MV-CS016-10UC(DA0498828)  Source-Line:libMvUsb3vTL.so(DeviceControl.cpp-L0571)     Description:[WriteMemUnit]: nLen[-1] != nSendLen[24]     Solution:
Error   2024-10-06 20:01:13  DevID:MV-CS016-10UC(DA0498828)  Source-Line:libMvUsb3vTL.so(EventProcess.cpp-L0327)     Description:[Event]Parse Packet failed, Ret[0x80000004]     Solution:
Error   2024-10-06 20:01:13  DevID:MV-CS016-10UC(DA0498828)  Source-Line:libMvUsb3vTL.so(DriverLayer.cpp-L0635)     Description:[usb_bulk_write] errcode[-1], LIBUSB_ERROR_IO     Solution:
Error   2024-10-06 20:01:13  DevID:MV-CS016-10UC(DA0498828)  Source-Line:libMvUsb3vTL.so(DeviceControl.cpp-L0571)     Description:[WriteMemUnit]: nLen[-1] != nSendLen[24]     Solution:
Error   2024-10-06 20:01:13  DevID:MV-CS016-10UC(DA0498828)  Source-Line:libMvUsb3vTL.so(DeviceControl.cpp-L1185)     Description:Set SI 1 fail, error code:[0x80000301]     Solution:
Error   2024-10-06 20:01:13  DevID:MV-CS016-10UC(DA0498828)  Source-Line:libMvUsb3vTL.so(EventProcess.cpp-L0327)     Description:[Event]Parse Packet failed, Ret[0x80000004]     Solution:
Error   2024-10-06 20:01:13  DevID:MV-CS016-10UC(DA0498828)  Source-Line:libMvUsb3vTL.so(DriverLayer.cpp-L0660)     Description:[usb_control_msg] errcode[-1]     Solution:
Error   2024-10-06 20:01:13  DevID:MV-CS016-10UC(DA0498828)  Source-Line:libMvUsb3vTL.so(DriverLayer.cpp-L0551)     Description:[libusb_clear_halt] errcode[-99], LIBUSB_ERROR_OTHER     Solution:
Error   2024-10-06 20:01:13  DevID:MV-CS016-10UC(DA0498828)  Source-Line:libMvUsb3vTL.so(EventProcess.cpp-L0327)     Description:[Event]Parse Packet failed, Ret[0x80000004]     Solution:
Error   2024-10-06 20:01:13  DevID:MV-CS016-10UC(DA0498828)  Source-Line:libMvUsb3vTL.so(EventProcess.cpp-L0327)     Description:[Event]Parse Packet failed, Ret[0x80000004]     Solution:
Error   2024-10-06 20:01:13  DevID:MV-CS016-10UC(DA0498828)  Source-Line:libMvUsb3vTL.so(EventProcess.cpp-L0327)     Description:[Event]Parse Packet failed, Ret[0x80000004]     Solution:
Error   2024-10-06 20:01:13  DevID:MV-CS016-10UC(DA0498828)  Source-Line:libMvUsb3vTL.so(DriverLayer.cpp-L0635)     Description:[usb_bulk_write] errcode[-1], LIBUSB_ERROR_IO     Solution:
Error   2024-10-06 20:01:13  DevID:MV-CS016-10UC(DA0498828)  Source-Line:libMvUsb3vTL.so(DeviceControl.cpp-L0571)     Description:[WriteMemUnit]: nLen[-1] != nSendLen[24]     Solution:
Error   2024-10-06 20:01:13  DevID:MV-CS016-10UC(DA0498828)  Source-Line:libMvUsb3vTL.so(EventProcess.cpp-L0327)     Description:[Event]Parse Packet failed, Ret[0x80000004]     Solution:
Error   2024-10-06 20:01:13  DevID:MV-CS016-10UC(DA0498828)  Source-Line:libMvUsb3vTL.so(DriverLayer.cpp-L0635)     Description:[usb_bulk_write] errcode[-1], LIBUSB_ERROR_IO     Solution:
Error   2024-10-06 20:01:13  DevID:MV-CS016-10UC(DA0498828)  Source-Line:libMvUsb3vTL.so(DeviceControl.cpp-L0571)     Description:[WriteMemUnit]: nLen[-1] != nSendLen[24]     Solution:
Error   2024-10-06 20:01:13  DevID:MV-CS016-10UC(DA0498828)  Source-Line:libMvUsb3vTL.so(DeviceControl.cpp-L1185)     Description:Set SI 1 fail, error code:[0x80000301]     Solution:
Error   2024-10-06 20:01:13  DevID:MV-CS016-10UC(DA0498828)  Source-Line:libMvUsb3vTL.so(EventProcess.cpp-L0327)     Description:[Event]Parse Packet failed, Ret[0x80000004]     Solution:
Error   2024-10-06 20:01:13  DevID:MV-CS016-10UC(DA0498828)  Source-Line:libMvUsb3vTL.so(DriverLayer.cpp-L0660)     Description:[usb_control_msg] errcode[-1]     Solution:
Error   2024-10-06 20:01:13  DevID:MV-CS016-10UC(DA0498828)  Source-Line:libMvUsb3vTL.so(DriverLayer.cpp-L0551)     Description:[libusb_clear_halt] errcode[-99], LIBUSB_ERROR_OTHER     Solution:
Error   2024-10-06 20:01:13  DevID:MV-CS016-10UC(DA0498828)  Source-Line:libMvUsb3vTL.so(EventProcess.cpp-L0327)     Description:[Event]Parse Packet failed, Ret[0x80000004]     Solution:
Error   2024-10-06 20:01:13  DevID:MV-CS016-10UC(DA0498828)  Source-Line:libMvUsb3vTL.so(EventProcess.cpp-L0327)     Description:[Event]Parse Packet failed, Ret[0x80000004]     Solution:
Error   2024-10-06 20:01:13  DevID:MV-CS016-10UC(DA0498828)  Source-Line:libMvUsb3vTL.so(DriverLayer.cpp-L0635)     Description:[usb_bulk_write] errcode[-1], LIBUSB_ERROR_IO     Solution:
Error   2024-10-06 20:01:13  DevID:MV-CS016-10UC(DA0498828)  Source-Line:libMvUsb3vTL.so(DeviceControl.cpp-L0571)     Description:[WriteMemUnit]: nLen[-1] != nSendLen[24]     Solution:
Error   2024-10-06 20:01:13  DevID:MV-CS016-10UC(DA0498828)  Source-Line:libMvUsb3vTL.so(EventProcess.cpp-L0327)     Description:[Event]Parse Packet failed, Ret[0x80000004]     Solution:
Error   2024-10-06 20:01:13  DevID:MV-CS016-10UC(DA0498828)  Source-Line:libMvUsb3vTL.so(DriverLayer.cpp-L0660)     Description:[usb_control_msg] errcode[-1]     Solution:
Error   2024-10-06 20:01:13  DevID:MV-CS016-10UC(DA0498828)  Source-Line:libMvUsb3vTL.so(DriverLayer.cpp-L0551)     Description:[libusb_clear_halt] errcode[-99], LIBUSB_ERROR_OTHER     Solution:
Error   2024-10-06 20:01:13  DevID:MV-CS016-10UC(DA0498828)  Source-Line:libMvUsb3vTL.so(EventProcess.cpp-L0327)     Description:[Event]Parse Packet failed, Ret[0x80000004]     Solution:
Error   2024-10-06 20:01:13  DevID:MV-CS016-10UC(DA0498828)  Source-Line:libMvUsb3vTL.so(EventProcess.cpp-L0327)     Description:[Event]Parse Packet failed, Ret[0x80000004]     Solution:
Error   2024-10-06 20:01:13  DevID:MV-CS016-10UC(DA0498828)  Source-Line:libMvUsb3vTL.so(EventProcess.cpp-L0327)     Description:[Event]Parse Packet failed, Ret[0x80000004]     Solution:
Error   2024-10-06 20:01:13  DevID:MV-CS016-10UC(DA0498828)  Source-Line:libMvUsb3vTL.so(DriverLayer.cpp-L0635)     Description:[usb_bulk_write] errcode[-1], LIBUSB_ERROR_IO     Solution:
Error   2024-10-06 20:01:13  DevID:MV-CS016-10UC(DA0498828)  Source-Line:libMvUsb3vTL.so(DeviceControl.cpp-L0571)     Description:[WriteMemUnit]: nLen[-1] != nSendLen[24]     Solution:
Error   2024-10-06 20:01:13  DevID:MV-CS016-10UC(DA0498828)  Source-Line:libMvUsb3vTL.so(EventProcess.cpp-L0327)     Description:[Event]Parse Packet failed, Ret[0x80000004]     Solution:
Error   2024-10-06 20:01:13  DevID:MV-CS016-10UC(DA0498828)  Source-Line:libMvUsb3vTL.so(DriverLayer.cpp-L0635)     Description:[usb_bulk_write] errcode[-1], LIBUSB_ERROR_IO     Solution:
Error   2024-10-06 20:01:13  DevID:MV-CS016-10UC(DA0498828)  Source-Line:libMvUsb3vTL.so(DeviceControl.cpp-L0571)     Description:[WriteMemUnit]: nLen[-1] != nSendLen[24]     Solution:
Error   2024-10-06 20:01:13  DevID:MV-CS016-10UC(DA0498828)  Source-Line:libMvUsb3vTL.so(DeviceControl.cpp-L1185)     Description:Set SI 1 fail, error code:[0x80000301]     Solution:
Error   2024-10-06 20:01:13  DevID:MV-CS016-10UC(DA0498828)  Source-Line:libMvUsb3vTL.so(EventProcess.cpp-L0327)     Description:[Event]Parse Packet failed, Ret[0x80000004]     Solution:
Error   2024-10-06 20:01:13  DevID:MV-CS016-10UC(DA0498828)  Source-Line:libMvUsb3vTL.so(DriverLayer.cpp-L0660)     Description:[usb_control_msg] errcode[-1]     Solution:
Error   2024-10-06 20:01:13  DevID:MV-CS016-10UC(DA0498828)  Source-Line:libMvUsb3vTL.so(DriverLayer.cpp-L0551)     Description:[libusb_clear_halt] errcode[-99], LIBUSB_ERROR_OTHER     Solution:
Error   2024-10-06 20:01:13  DevID:MV-CS016-10UC(DA0498828)  Source-Line:libMvUsb3vTL.so(EventProcess.cpp-L0327)     Description:[Event]Parse Packet failed, Ret[0x80000004]     Solution:
Error   2024-10-06 20:01:13  DevID:MV-CS016-10UC(DA0498828)  Source-Line:libMvUsb3vTL.so(EventProcess.cpp-L0327)     Description:[Event]Parse Packet failed, Ret[0x80000004]     Solution:
Error   2024-10-06 20:01:13  DevID:MV-CS016-10UC(DA0498828)  Source-Line:libMvUsb3vTL.so(EventProcess.cpp-L0327)     Description:[Event]Parse Packet failed, Ret[0x80000004]     Solution:
Error   2024-10-06 20:01:13  DevID:MV-CS016-10UC(DA0498828)  Source-Line:libMvUsb3vTL.so(DriverLayer.cpp-L0635)     Description:[usb_bulk_write] errcode[-1], LIBUSB_ERROR_IO     Solution:
Error   2024-10-06 20:01:13  DevID:MV-CS016-10UC(DA0498828)  Source-Line:libMvUsb3vTL.so(DeviceControl.cpp-L0571)     Description:[WriteMemUnit]: nLen[-1] != nSendLen[24]     Solution:
Error   2024-10-06 20:01:13  DevID:MV-CS016-10UC(DA0498828)  Source-Line:libMvUsb3vTL.so(EventProcess.cpp-L0327)     Description:[Event]Parse Packet failed, Ret[0x80000004]     Solution:
Error   2024-10-06 20:01:13  DevID:MV-CS016-10UC(DA0498828)  Source-Line:libMvUsb3vTL.so(DriverLayer.cpp-L0635)     Description:[usb_bulk_write] errcode[-1], LIBUSB_ERROR_IO     Solution:
Error   2024-10-06 20:01:13  DevID:MV-CS016-10UC(DA0498828)  Source-Line:libMvUsb3vTL.so(DeviceControl.cpp-L0571)     Description:[WriteMemUnit]: nLen[-1] != nSendLen[24]     Solution:
Error   2024-10-06 20:01:13  DevID:MV-CS016-10UC(DA0498828)  Source-Line:libMvUsb3vTL.so(DeviceControl.cpp-L1185)     Description:Set SI 1 fail, error code:[0x80000301]     Solution:
Error   2024-10-06 20:01:13  DevID:MV-CS016-10UC(DA0498828)  Source-Line:libMvUsb3vTL.so(EventProcess.cpp-L0327)     Description:[Event]Parse Packet failed, Ret[0x80000004]     Solution:
Error   2024-10-06 20:01:13  DevID:MV-CS016-10UC(DA0498828)  Source-Line:libMvUsb3vTL.so(DriverLayer.cpp-L0660)     Description:[usb_control_msg] errcode[-1]     Solution:
Error   2024-10-06 20:01:13  DevID:MV-CS016-10UC(DA0498828)  Source-Line:libMvUsb3vTL.so(DriverLayer.cpp-L0551)     Description:[libusb_clear_halt] errcode[-99], LIBUSB_ERROR_OTHER     Solution:
Error   2024-10-06 20:01:13  DevID:MV-CS016-10UC(DA0498828)  Source-Line:libMvUsb3vTL.so(EventProcess.cpp-L0327)     Description:[Event]Parse Packet failed, Ret[0x80000004]     Solution:
Error   2024-10-06 20:01:13  DevID:MV-CS016-10UC(DA0498828)  Source-Line:libMvUsb3vTL.so(EventProcess.cpp-L0327)     Description:[Event]Parse Packet failed, Ret[0x80000004]     Solution:
Error   2024-10-06 20:01:13  DevID:MV-CS016-10UC(DA0498828)  Source-Line:libMvUsb3vTL.so(DriverLayer.cpp-L0635)     Description:[usb_bulk_write] errcode[-1], LIBUSB_ERROR_IO     Solution:
Error   2024-10-06 20:01:13  DevID:MV-CS016-10UC(DA0498828)  Source-Line:libMvUsb3vTL.so(DriverLayer.cpp-L0635)     Description:[usb_bulk_write] errcode[-1], LIBUSB_ERROR_IO     Solution:
Error   2024-10-06 20:01:13  DevID:MV-CS016-10UC(DA0498828)  Source-Line:libMvUsb3vTL.so(DeviceControl.cpp-L0571)     Description:[WriteMemUnit]: nLen[-1] != nSendLen[24]     Solution:
Error   2024-10-06 20:01:13  DevID:MV-CS016-10UC(DA0498828)  Source-Line:libMvUsb3vTL.so(DeviceControl.cpp-L1185)     Description:Set SI 1 fail, error code:[0x80000301]     Solution:
Error   2024-10-06 20:01:13  DevID:MV-CS016-10UC(DA0498828)  Source-Line:libMvUsb3vTL.so(EventProcess.cpp-L0327)     Description:[Event]Parse Packet failed, Ret[0x80000004]     Solution:
Error   2024-10-06 20:01:13  DevID:MV-CS016-10UC(DA0498828)  Source-Line:libMvUsb3vTL.so(EventProcess.cpp-L0327)     Description:[Event]Parse Packet failed, Ret[0x80000004]     Solution:
Error   2024-10-06 20:01:13  DevID:MV-CS016-10UC(DA0498828)  Source-Line:libMvUsb3vTL.so(DriverLayer.cpp-L0660)     Description:[usb_control_msg] errcode[-1]     Solution:
Error   2024-10-06 20:01:13  DevID:MV-CS016-10UC(DA0498828)  Source-Line:libMvUsb3vTL.so(DriverLayer.cpp-L0551)     Description:[libusb_clear_halt] errcode[-99], LIBUSB_ERROR_OTHER     Solution:
Error   2024-10-06 20:01:13  DevID:MV-CS016-10UC(DA0498828)  Source-Line:libMvUsb3vTL.so(EventProcess.cpp-L0327)     Description:[Event]Parse Packet failed, Ret[0x80000004]     Solution:
Error   2024-10-06 20:01:13  DevID:MV-CS016-10UC(DA0498828)  Source-Line:libMvUsb3vTL.so(EventProcess.cpp-L0327)     Description:[Event]Parse Packet failed, Ret[0x80000004]     Solution:
Error   2024-10-06 20:01:13  DevID:MV-CS016-10UC(DA0498828)  Source-Line:libMvUsb3vTL.so(DriverLayer.cpp-L0635)     Description:[usb_bulk_write] errcode[-1], LIBUSB_ERROR_IO     Solution:
Error   2024-10-06 20:01:13  DevID:MV-CS016-10UC(DA0498828)  Source-Line:libMvUsb3vTL.so(DeviceControl.cpp-L0571)     Description:[WriteMemUnit]: nLen[-1] != nSendLen[24]     Solution:
Error   2024-10-06 20:01:13  DevID:MV-CS016-10UC(DA0498828)  Source-Line:libMvUsb3vTL.so(EventProcess.cpp-L0327)     Description:[Event]Parse Packet failed, Ret[0x80000004]     Solution:
Error   2024-10-06 20:01:13  DevID:MV-CS016-10UC(DA0498828)  Source-Line:libMvUsb3vTL.so(DriverLayer.cpp-L0635)     Description:[usb_bulk_write] errcode[-1], LIBUSB_ERROR_IO     Solution:
Error   2024-10-06 20:01:13  DevID:MV-CS016-10UC(DA0498828)  Source-Line:libMvUsb3vTL.so(DeviceControl.cpp-L0571)     Description:[WriteMemUnit]: nLen[-1] != nSendLen[24]     Solution:
Error   2024-10-06 20:01:13  DevID:MV-CS016-10UC(DA0498828)  Source-Line:libMvUsb3vTL.so(DeviceControl.cpp-L1185)     Description:Set SI 1 fail, error code:[0x80000301]     Solution:
Error   2024-10-06 20:01:13  DevID:MV-CS016-10UC(DA0498828)  Source-Line:libMvUsb3vTL.so(EventProcess.cpp-L0327)     Description:[Event]Parse Packet failed, Ret[0x80000004]     Solution:
Error   2024-10-06 20:01:13  DevID:MV-CS016-10UC(DA0498828)  Source-Line:libMvUsb3vTL.so(DriverLayer.cpp-L0660)     Description:[usb_control_msg] errcode[-1]     Solution:
Error   2024-10-06 20:01:13  DevID:MV-CS016-10UC(DA0498828)  Source-Line:libMvUsb3vTL.so(DriverLayer.cpp-L0551)     Description:[libusb_clear_halt] errcode[-99], LIBUSB_ERROR_OTHER     Solution:
Error   2024-10-06 20:01:13  DevID:MV-CS016-10UC(DA0498828)  Source-Line:libMvUsb3vTL.so(EventProcess.cpp-L0327)     Description:[Event]Parse Packet failed, Ret[0x80000004]     Solution:
Error   2024-10-06 20:01:13  DevID:MV-CS016-10UC(DA0498828)  Source-Line:libMvUsb3vTL.so(EventProcess.cpp-L0327)     Description:[Event]Parse Packet failed, Ret[0x80000004]     Solution:
Error   2024-10-06 20:01:13  DevID:MV-CS016-10UC(DA0498828)  Source-Line:libMvUsb3vTL.so(EventProcess.cpp-L0327)     Description:[Event]Parse Packet failed, Ret[0x80000004]     Solution:
Error   2024-10-06 20:01:13  DevID:MV-CS016-10UC(DA0498828)  Source-Line:libMvUsb3vTL.so(DriverLayer.cpp-L0635)     Description:[usb_bulk_write] errcode[-1], LIBUSB_ERROR_IO     Solution:
Error   2024-10-06 20:01:13  DevID:MV-CS016-10UC(DA0498828)  Source-Line:libMvUsb3vTL.so(DeviceControl.cpp-L0571)     Description:[WriteMemUnit]: nLen[-1] != nSendLen[24]     Solution:
Error   2024-10-06 20:01:13  DevID:MV-CS016-10UC(DA0498828)  Source-Line:libMvUsb3vTL.so(EventProcess.cpp-L0327)     Description:[Event]Parse Packet failed, Ret[0x80000004]     Solution:
Error   2024-10-06 20:01:13  DevID:MV-CS016-10UC(DA0498828)  Source-Line:libMvUsb3vTL.so(DriverLayer.cpp-L0635)     Description:[usb_bulk_write] errcode[-1], LIBUSB_ERROR_IO     Solution:
Error   2024-10-06 20:01:13  DevID:MV-CS016-10UC(DA0498828)  Source-Line:libMvUsb3vTL.so(DeviceControl.cpp-L0571)     Description:[WriteMemUnit]: nLen[-1] != nSendLen[24]     Solution:
Error   2024-10-06 20:01:13  DevID:MV-CS016-10UC(DA0498828)  Source-Line:libMvUsb3vTL.so(DeviceControl.cpp-L1185)     Description:Set SI 1 fail, error code:[0x80000301]     Solution:
Error   2024-10-06 20:01:14  DevID:MV-CS016-10UC(DA0498828)  Source-Line:libMvUsb3vTL.so(EventProcess.cpp-L0327)     Description:[Event]Parse Packet failed, Ret[0x80000004]     Solution:
Error   2024-10-06 20:01:14  DevID:MV-CS016-10UC(DA0498828)  Source-Line:libMvUsb3vTL.so(DriverLayer.cpp-L0660)     Description:[usb_control_msg] errcode[-1]     Solution:
Error   2024-10-06 20:01:14  DevID:MV-CS016-10UC(DA0498828)  Source-Line:libMvUsb3vTL.so(DriverLayer.cpp-L0551)     Description:[libusb_clear_halt] errcode[-99], LIBUSB_ERROR_OTHER     Solution:
Error   2024-10-06 20:01:14  DevID:MV-CS016-10UC(DA0498828)  Source-Line:libMvUsb3vTL.so(EventProcess.cpp-L0327)     Description:[Event]Parse Packet failed, Ret[0x80000004]     Solution:
Error   2024-10-06 20:01:14  DevID:MV-CS016-10UC(DA0498828)  Source-Line:libMvUsb3vTL.so(EventProcess.cpp-L0327)     Description:[Event]Parse Packet failed, Ret[0x80000004]     Solution:
Error   2024-10-06 20:01:14  DevID:MV-CS016-10UC(DA0498828)  Source-Line:libMvUsb3vTL.so(EventProcess.cpp-L0327)     Description:[Event]Parse Packet failed, Ret[0x80000004]     Solution:
Error   2024-10-06 20:01:14  DevID:MV-CS016-10UC(DA0498828)  Source-Line:libMvUsb3vTL.so(DriverLayer.cpp-L0635)     Description:[usb_bulk_write] errcode[-1], LIBUSB_ERROR_IO     Solution:
Error   2024-10-06 20:01:14  DevID:MV-CS016-10UC(DA0498828)  Source-Line:libMvUsb3vTL.so(DriverLayer.cpp-L0551)     Description:[libusb_clear_halt] errcode[-99], LIBUSB_ERROR_OTHER     Solution:
Error   2024-10-06 20:01:14  DevID:MV-CS016-10UC(DA0498828)  Source-Line:libMvUsb3vTL.so(EventProcess.cpp-L0327)     Description:[Event]Parse Packet failed, Ret[0x80000004]     Solution:
Error   2024-10-06 20:01:14  DevID:MV-CS016-10UC(DA0498828)  Source-Line:libMvUsb3vTL.so(EventProcess.cpp-L0327)     Description:[Event]Parse Packet failed, Ret[0x80000004]     Solution:
Error   2024-10-06 20:01:14  DevID:MV-CS016-10UC(DA0498828)  Source-Line:libMvUsb3vTL.so(DriverLayer.cpp-L0635)     Description:[usb_bulk_write] errcode[-1], LIBUSB_ERROR_IO     Solution:
Error   2024-10-06 20:01:14  DevID:MV-CS016-10UC(DA0498828)  Source-Line:libMvUsb3vTL.so(DeviceControl.cpp-L0571)     Description:[WriteMemUnit]: nLen[-1] != nSendLen[24]     Solution:
Error   2024-10-06 20:01:14  DevID:MV-CS016-10UC(DA0498828)  Source-Line:libMvUsb3vTL.so(EventProcess.cpp-L0327)     Description:[Event]Parse Packet failed, Ret[0x80000004]     Solution:
Error   2024-10-06 20:01:14  DevID:MV-CS016-10UC(DA0498828)  Source-Line:libMvUsb3vTL.so(EventProcess.cpp-L0327)     Description:[Event]Parse Packet failed, Ret[0x80000004]     Solution:
Error   2024-10-06 20:01:14  DevID:MV-CS016-10UC(DA0498828)  Source-Line:libMvUsb3vTL.so(DriverLayer.cpp-L0635)     Description:[usb_bulk_write] errcode[-1], LIBUSB_ERROR_IO     Solution:
Error   2024-10-06 20:01:14  DevID:MV-CS016-10UC(DA0498828)  Source-Line:libMvUsb3vTL.so(DeviceControl.cpp-L0571)     Description:[WriteMemUnit]: nLen[-1] != nSendLen[24]     Solution:
Error   2024-10-06 20:01:14  DevID:MV-CS016-10UC(DA0498828)  Source-Line:libMvUsb3vTL.so(DeviceControl.cpp-L1185)     Description:Set SI 1 fail, error code:[0x80000301]     Solution:
Error   2024-10-06 20:01:14  DevID:MV-CS016-10UC(DA0498828)  Source-Line:libMvUsb3vTL.so(EventProcess.cpp-L0327)     Description:[Event]Parse Packet failed, Ret[0x80000004]     Solution:
Error   2024-10-06 20:01:14  DevID:MV-CS016-10UC(DA0498828)  Source-Line:libMvUsb3vTL.so(DriverLayer.cpp-L0660)     Description:[usb_control_msg] errcode[-1]     Solution:
Error   2024-10-06 20:01:14  DevID:MV-CS016-10UC(DA0498828)  Source-Line:libMvUsb3vTL.so(DriverLayer.cpp-L0551)     Description:[libusb_clear_halt] errcode[-99], LIBUSB_ERROR_OTHER     Solution:
Error   2024-10-06 20:01:14  DevID:MV-CS016-10UC(DA0498828)  Source-Line:libMvUsb3vTL.so(EventProcess.cpp-L0327)     Description:[Event]Parse Packet failed, Ret[0x80000004]     Solution:
Error   2024-10-06 20:01:14  DevID:MV-CS016-10UC(DA0498828)  Source-Line:libMvUsb3vTL.so(EventProcess.cpp-L0327)     Description:[Event]Parse Packet failed, Ret[0x80000004]     Solution:
Error   2024-10-06 20:01:14  DevID:MV-CS016-10UC(DA0498828)  Source-Line:libMvUsb3vTL.so(EventProcess.cpp-L0327)     Description:[Event]Parse Packet failed, Ret[0x80000004]     Solution:
Error   2024-10-06 20:01:14  DevID:MV-CS016-10UC(DA0498828)  Source-Line:libMvUsb3vTL.so(DriverLayer.cpp-L0635)     Description:[usb_bulk_write] errcode[-1], LIBUSB_ERROR_IO     Solution:
Error   2024-10-06 20:01:14  DevID:MV-CS016-10UC(DA0498828)  Source-Line:libMvUsb3vTL.so(DeviceControl.cpp-L0571)     Description:[WriteMemUnit]: nLen[-1] != nSendLen[24]     Solution:
Error   2024-10-06 20:01:14  DevID:MV-CS016-10UC(DA0498828)  Source-Line:libMvUsb3vTL.so(EventProcess.cpp-L0327)     Description:[Event]Parse Packet failed, Ret[0x80000004]     Solution:
Error   2024-10-06 20:01:14  DevID:MV-CS016-10UC(DA0498828)  Source-Line:libMvUsb3vTL.so(DriverLayer.cpp-L0635)     Description:[usb_bulk_write] errcode[-1], LIBUSB_ERROR_IO     Solution:
Error   2024-10-06 20:01:14  DevID:MV-CS016-10UC(DA0498828)  Source-Line:libMvUsb3vTL.so(DeviceControl.cpp-L0571)     Description:[WriteMemUnit]: nLen[-1] != nSendLen[24]     Solution:
Error   2024-10-06 20:01:14  DevID:MV-CS016-10UC(DA0498828)  Source-Line:libMvUsb3vTL.so(DeviceControl.cpp-L1185)     Description:Set SI 1 fail, error code:[0x80000301]     Solution:
Error   2024-10-06 20:01:14  DevID:MV-CS016-10UC(DA0498828)  Source-Line:libMvUsb3vTL.so(EventProcess.cpp-L0327)     Description:[Event]Parse Packet failed, Ret[0x80000004]     Solution:
Error   2024-10-06 20:01:14  DevID:MV-CS016-10UC(DA0498828)  Source-Line:libMvUsb3vTL.so(EventProcess.cpp-L0327)     Description:[Event]Parse Packet failed, Ret[0x80000004]     Solution:
Error   2024-10-06 20:01:14  DevID:MV-CS016-10UC(DA0498828)  Source-Line:libMvUsb3vTL.so(DriverLayer.cpp-L0660)     Description:[usb_control_msg] errcode[-1]     Solution:
Error   2024-10-06 20:01:14  DevID:MV-CS016-10UC(DA0498828)  Source-Line:libMvUsb3vTL.so(DriverLayer.cpp-L0551)     Description:[libusb_clear_halt] errcode[-99], LIBUSB_ERROR_OTHER     Solution:
Error   2024-10-06 20:01:14  DevID:MV-CS016-10UC(DA0498828)  Source-Line:libMvUsb3vTL.so(EventProcess.cpp-L0327)     Description:[Event]Parse Packet failed, Ret[0x80000004]     Solution:
Error   2024-10-06 20:01:14  DevID:MV-CS016-10UC(DA0498828)  Source-Line:libMvUsb3vTL.so(EventProcess.cpp-L0327)     Description:[Event]Parse Packet failed, Ret[0x80000004]     Solution:
Error   2024-10-06 20:01:14  DevID:MV-CS016-10UC(DA0498828)  Source-Line:libMvUsb3vTL.so(DriverLayer.cpp-L0635)     Description:[usb_bulk_write] errcode[-1], LIBUSB_ERROR_IO     Solution:
Error   2024-10-06 20:01:14  DevID:MV-CS016-10UC(DA0498828)  Source-Line:libMvUsb3vTL.so(DeviceControl.cpp-L0571)     Description:[WriteMemUnit]: nLen[-1] != nSendLen[24]     Solution:
Error   2024-10-06 20:01:14  DevID:MV-CS016-10UC(DA0498828)  Source-Line:libMvUsb3vTL.so(EventProcess.cpp-L0327)     Description:[Event]Parse Packet failed, Ret[0x80000004]     Solution:
Error   2024-10-06 20:01:14  DevID:MV-CS016-10UC(DA0498828)  Source-Line:libMvUsb3vTL.so(DriverLayer.cpp-L0635)     Description:[usb_bulk_write] errcode[-1], LIBUSB_ERROR_IO     Solution:
Error   2024-10-06 20:01:14  DevID:MV-CS016-10UC(DA0498828)  Source-Line:libMvUsb3vTL.so(EventProcess.cpp-L0327)     Description:[Event]Parse Packet failed, Ret[0x80000004]     Solution:
Error   2024-10-06 20:01:14  DevID:MV-CS016-10UC(DA0498828)  Source-Line:libMvUsb3vTL.so(DriverLayer.cpp-L0660)     Description:[usb_control_msg] errcode[-1]     Solution:
Error   2024-10-06 20:01:14  DevID:MV-CS016-10UC(DA0498828)  Source-Line:libMvUsb3vTL.so(DriverLayer.cpp-L0551)     Description:[libusb_clear_halt] errcode[-99], LIBUSB_ERROR_OTHER     Solution:
Error   2024-10-06 20:01:14  DevID:MV-CS016-10UC(DA0498828)  Source-Line:libMvUsb3vTL.so(EventProcess.cpp-L0327)     Description:[Event]Parse Packet failed, Ret[0x80000004]     Solution:
Error   2024-10-06 20:01:14  DevID:MV-CS016-10UC(DA0498828)  Source-Line:libMvUsb3vTL.so(EventProcess.cpp-L0327)     Description:[Event]Parse Packet failed, Ret[0x80000004]     Solution:
Error   2024-10-06 20:01:14  DevID:MV-CS016-10UC(DA0498828)  Source-Line:libMvUsb3vTL.so(EventProcess.cpp-L0327)     Description:[Event]Parse Packet failed, Ret[0x80000004]     Solution:
Error   2024-10-06 20:01:14  DevID:MV-CS016-10UC(DA0498828)  Source-Line:libMvUsb3vTL.so(DriverLayer.cpp-L0635)     Description:[usb_bulk_write] errcode[-1], LIBUSB_ERROR_IO     Solution:
Error   2024-10-06 20:01:14  DevID:MV-CS016-10UC(DA0498828)  Source-Line:libMvUsb3vTL.so(DeviceControl.cpp-L0571)     Description:[WriteMemUnit]: nLen[-1] != nSendLen[24]     Solution:
Error   2024-10-06 20:01:14  DevID:MV-CS016-10UC(DA0498828)  Source-Line:libMvUsb3vTL.so(EventProcess.cpp-L0327)     Description:[Event]Parse Packet failed, Ret[0x80000004]     Solution:
Error   2024-10-06 20:01:14  DevID:MV-CS016-10UC(DA0498828)  Source-Line:libMvUsb3vTL.so(DriverLayer.cpp-L0635)     Description:[usb_bulk_write] errcode[-1], LIBUSB_ERROR_IO     Solution:
Error   2024-10-06 20:01:14  DevID:MV-CS016-10UC(DA0498828)  Source-Line:libMvUsb3vTL.so(DeviceControl.cpp-L0571)     Description:[WriteMemUnit]: nLen[-1] != nSendLen[24]     Solution:
Error   2024-10-06 20:01:14  DevID:MV-CS016-10UC(DA0498828)  Source-Line:libMvUsb3vTL.so(DeviceControl.cpp-L1185)     Description:Set SI 1 fail, error code:[0x80000301]     Solution:
Error   2024-10-06 20:01:14  DevID:MV-CS016-10UC(DA0498828)  Source-Line:libMvUsb3vTL.so(EventProcess.cpp-L0327)     Description:[Event]Parse Packet failed, Ret[0x80000004]     Solution:
Error   2024-10-06 20:01:14  DevID:MV-CS016-10UC(DA0498828)  Source-Line:libMvUsb3vTL.so(DriverLayer.cpp-L0660)     Description:[usb_control_msg] errcode[-1]     Solution:
Error   2024-10-06 20:01:14  DevID:MV-CS016-10UC(DA0498828)  Source-Line:libMvUsb3vTL.so(DriverLayer.cpp-L0551)     Description:[libusb_clear_halt] errcode[-99], LIBUSB_ERROR_OTHER     Solution:
Error   2024-10-06 20:01:14  DevID:MV-CS016-10UC(DA0498828)  Source-Line:libMvUsb3vTL.so(EventProcess.cpp-L0327)     Description:[Event]Parse Packet failed, Ret[0x80000004]     Solution:
Error   2024-10-06 20:01:14  DevID:MV-CS016-10UC(DA0498828)  Source-Line:libMvUsb3vTL.so(EventProcess.cpp-L0327)     Description:[Event]Parse Packet failed, Ret[0x80000004]     Solution:
Error   2024-10-06 20:01:14  DevID:MV-CS016-10UC(DA0498828)  Source-Line:libMvUsb3vTL.so(EventProcess.cpp-L0327)     Description:[Event]Parse Packet failed, Ret[0x80000004]     Solution:
Error   2024-10-06 20:01:14  DevID:MV-CS016-10UC(DA0498828)  Source-Line:libMvUsb3vTL.so(DriverLayer.cpp-L0635)     Description:[usb_bulk_write] errcode[-1], LIBUSB_ERROR_IO     Solution:
Error   2024-10-06 20:01:14  DevID:MV-CS016-10UC(DA0498828)  Source-Line:libMvUsb3vTL.so(DeviceControl.cpp-L0571)     Description:[WriteMemUnit]: nLen[-1] != nSendLen[24]     Solution:
Error   2024-10-06 20:01:14  DevID:MV-CS016-10UC(DA0498828)  Source-Line:libMvUsb3vTL.so(EventProcess.cpp-L0327)     Description:[Event]Parse Packet failed, Ret[0x80000004]     Solution:
Error   2024-10-06 20:01:14  DevID:MV-CS016-10UC(DA0498828)  Source-Line:libMvUsb3vTL.so(EventProcess.cpp-L0327)     Description:[Event]Parse Packet failed, Ret[0x80000004]     Solution:
Error   2024-10-06 20:01:14  DevID:MV-CS016-10UC(DA0498828)  Source-Line:libMvUsb3vTL.so(DriverLayer.cpp-L0635)     Description:[usb_bulk_write] errcode[-1], LIBUSB_ERROR_IO     Solution:
Error   2024-10-06 20:01:14  DevID:MV-CS016-10UC(DA0498828)  Source-Line:libMvUsb3vTL.so(DeviceControl.cpp-L0571)     Description:[WriteMemUnit]: nLen[-1] != nSendLen[24]     Solution:
Error   2024-10-06 20:01:14  DevID:MV-CS016-10UC(DA0498828)  Source-Line:libMvUsb3vTL.so(DeviceControl.cpp-L1185)     Description:Set SI 1 fail, error code:[0x80000301]     Solution:
Error   2024-10-06 20:01:14  DevID:MV-CS016-10UC(DA0498828)  Source-Line:libMvUsb3vTL.so(EventProcess.cpp-L0327)     Description:[Event]Parse Packet failed, Ret[0x80000004]     Solution:
Error   2024-10-06 20:01:14  DevID:MV-CS016-10UC(DA0498828)  Source-Line:libMvUsb3vTL.so(EventProcess.cpp-L0327)     Description:[Event]Parse Packet failed, Ret[0x80000004]     Solution:
Error   2024-10-06 20:01:14  DevID:MV-CS016-10UC(DA0498828)  Source-Line:libMvUsb3vTL.so(DriverLayer.cpp-L0660)     Description:[usb_control_msg] errcode[-1]     Solution:
Error   2024-10-06 20:01:14  DevID:MV-CS016-10UC(DA0498828)  Source-Line:libMvUsb3vTL.so(DriverLayer.cpp-L0551)     Description:[libusb_clear_halt] errcode[-99], LIBUSB_ERROR_OTHER     Solution:
Error   2024-10-06 20:01:14  DevID:MV-CS016-10UC(DA0498828)  Source-Line:libMvUsb3vTL.so(EventProcess.cpp-L0327)     Description:[Event]Parse Packet failed, Ret[0x80000004]     Solution:
Error   2024-10-06 20:01:14  DevID:MV-CS016-10UC(DA0498828)  Source-Line:libMvUsb3vTL.so(EventProcess.cpp-L0327)     Description:[Event]Parse Packet failed, Ret[0x80000004]     Solution:
Error   2024-10-06 20:01:14  DevID:MV-CS016-10UC(DA0498828)  Source-Line:libMvUsb3vTL.so(DriverLayer.cpp-L0635)     Description:[usb_bulk_write] errcode[-1], LIBUSB_ERROR_IO     Solution:
Error   2024-10-06 20:01:14  DevID:MV-CS016-10UC(DA0498828)  Source-Line:libMvUsb3vTL.so(DriverLayer.cpp-L0635)     Description:[usb_bulk_write] errcode[-1], LIBUSB_ERROR_IO     Solution:
Error   2024-10-06 20:01:14  DevID:MV-CS016-10UC(DA0498828)  Source-Line:libMvUsb3vTL.so(DeviceControl.cpp-L0571)     Description:[WriteMemUnit]: nLen[-1] != nSendLen[24]     Solution:
Error   2024-10-06 20:01:14  DevID:MV-CS016-10UC(DA0498828)  Source-Line:libMvUsb3vTL.so(DeviceControl.cpp-L1185)     Description:Set SI 1 fail, error code:[0x80000301]     Solution:
Error   2024-10-06 20:01:14  DevID:MV-CS016-10UC(DA0498828)  Source-Line:libMvUsb3vTL.so(EventProcess.cpp-L0327)     Description:[Event]Parse Packet failed, Ret[0x80000004]     Solution:
Error   2024-10-06 20:01:14  DevID:MV-CS016-10UC(DA0498828)  Source-Line:libMvUsb3vTL.so(EventProcess.cpp-L0327)     Description:[Event]Parse Packet failed, Ret[0x80000004]     Solution:
Error   2024-10-06 20:01:14  DevID:MV-CS016-10UC(DA0498828)  Source-Line:libMvUsb3vTL.so(DriverLayer.cpp-L0660)     Description:[usb_control_msg] errcode[-1]     Solution:
Error   2024-10-06 20:01:14  DevID:MV-CS016-10UC(DA0498828)  Source-Line:libMvUsb3vTL.so(DriverLayer.cpp-L0551)     Description:[libusb_clear_halt] errcode[-99], LIBUSB_ERROR_OTHER     Solution:
Error   2024-10-06 20:01:14  DevID:MV-CS016-10UC(DA0498828)  Source-Line:libMvUsb3vTL.so(EventProcess.cpp-L0327)     Description:[Event]Parse Packet failed, Ret[0x80000004]     Solution:
Error   2024-10-06 20:01:14  DevID:MV-CS016-10UC(DA0498828)  Source-Line:libMvUsb3vTL.so(EventProcess.cpp-L0327)     Description:[Event]Parse Packet failed, Ret[0x80000004]     Solution:
Error   2024-10-06 20:01:14  DevID:MV-CS016-10UC(DA0498828)  Source-Line:libMvUsb3vTL.so(DriverLayer.cpp-L0635)     Description:[usb_bulk_write] errcode[-1], LIBUSB_ERROR_IO     Solution:
Error   2024-10-06 20:01:14  DevID:MV-CS016-10UC(DA0498828)  Source-Line:libMvUsb3vTL.so(DeviceControl.cpp-L0571)     Description:[WriteMemUnit]: nLen[-1] != nSendLen[24]     Solution:
Error   2024-10-06 20:01:14  DevID:MV-CS016-10UC(DA0498828)  Source-Line:libMvUsb3vTL.so(EventProcess.cpp-L0327)     Description:[Event]Parse Packet failed, Ret[0x80000004]     Solution:
Error   2024-10-06 20:01:14  DevID:MV-CS016-10UC(DA0498828)  Source-Line:libMvUsb3vTL.so(DriverLayer.cpp-L0635)     Description:[usb_bulk_write] errcode[-1], LIBUSB_ERROR_IO     Solution:
Error   2024-10-06 20:01:14  DevID:MV-CS016-10UC(DA0498828)  Source-Line:libMvUsb3vTL.so(DeviceControl.cpp-L0571)     Description:[WriteMemUnit]: nLen[-1] != nSendLen[24]     Solution:
Error   2024-10-06 20:01:14  DevID:MV-CS016-10UC(DA0498828)  Source-Line:libMvUsb3vTL.so(DeviceControl.cpp-L1185)     Description:Set SI 1 fail, error code:[0x80000301]     Solution:
Error   2024-10-06 20:01:14  DevID:MV-CS016-10UC(DA0498828)  Source-Line:libMvUsb3vTL.so(EventProcess.cpp-L0327)     Description:[Event]Parse Packet failed, Ret[0x80000004]     Solution:
Error   2024-10-06 20:01:14  DevID:MV-CS016-10UC(DA0498828)  Source-Line:libMvUsb3vTL.so(EventProcess.cpp-L0327)     Description:[Event]Parse Packet failed, Ret[0x80000004]     Solution:
Error   2024-10-06 20:01:14  DevID:MV-CS016-10UC(DA0498828)  Source-Line:libMvUsb3vTL.so(DriverLayer.cpp-L0660)     Description:[usb_control_msg] errcode[-1]     Solution:
Error   2024-10-06 20:01:14  DevID:MV-CS016-10UC(DA0498828)  Source-Line:libMvUsb3vTL.so(DriverLayer.cpp-L0551)     Description:[libusb_clear_halt] errcode[-99], LIBUSB_ERROR_OTHER     Solution:
Error   2024-10-06 20:01:14  DevID:MV-CS016-10UC(DA0498828)  Source-Line:libMvUsb3vTL.so(EventProcess.cpp-L0327)     Description:[Event]Parse Packet failed, Ret[0x80000004]     Solution:
Error   2024-10-06 20:01:14  DevID:MV-CS016-10UC(DA0498828)  Source-Line:libMvUsb3vTL.so(EventProcess.cpp-L0327)     Description:[Event]Parse Packet failed, Ret[0x80000004]     Solution:
Error   2024-10-06 20:01:14  DevID:MV-CS016-10UC(DA0498828)  Source-Line:libMvUsb3vTL.so(DriverLayer.cpp-L0635)     Description:[usb_bulk_write] errcode[-1], LIBUSB_ERROR_IO     Solution:
Error   2024-10-06 20:01:14  DevID:MV-CS016-10UC(DA0498828)  Source-Line:libMvUsb3vTL.so(DeviceControl.cpp-L0571)     Description:[WriteMemUnit]: nLen[-1] != nSendLen[24]     Solution:
Error   2024-10-06 20:01:14  DevID:MV-CS016-10UC(DA0498828)  Source-Line:libMvUsb3vTL.so(EventProcess.cpp-L0327)     Description:[Event]Parse Packet failed, Ret[0x80000004]     Solution:
Error   2024-10-06 20:01:14  DevID:MV-CS016-10UC(DA0498828)  Source-Line:libMvUsb3vTL.so(DriverLayer.cpp-L0635)     Description:[usb_bulk_write] errcode[-1], LIBUSB_ERROR_IO     Solution:
Error   2024-10-06 20:01:14  DevID:MV-CS016-10UC(DA0498828)  Source-Line:libMvUsb3vTL.so(DeviceControl.cpp-L0571)     Description:[WriteMemUnit]: nLen[-1] != nSendLen[24]     Solution:
Error   2024-10-06 20:01:14  DevID:MV-CS016-10UC(DA0498828)  Source-Line:libMvUsb3vTL.so(DeviceControl.cpp-L1185)     Description:Set SI 1 fail, error code:[0x80000301]     Solution:
Error   2024-10-06 20:01:14  DevID:MV-CS016-10UC(DA0498828)  Source-Line:libMvUsb3vTL.so(EventProcess.cpp-L0327)     Description:[Event]Parse Packet failed, Ret[0x80000004]     Solution:
Error   2024-10-06 20:01:14  DevID:MV-CS016-10UC(DA0498828)  Source-Line:libMvUsb3vTL.so(DriverLayer.cpp-L0660)     Description:[usb_control_msg] errcode[-1]     Solution:
Error   2024-10-06 20:01:14  DevID:MV-CS016-10UC(DA0498828)  Source-Line:libMvUsb3vTL.so(DriverLayer.cpp-L0551)     Description:[libusb_clear_halt] errcode[-99], LIBUSB_ERROR_OTHER     Solution:
Error   2024-10-06 20:01:14  DevID:MV-CS016-10UC(DA0498828)  Source-Line:libMvUsb3vTL.so(EventProcess.cpp-L0327)     Description:[Event]Parse Packet failed, Ret[0x80000004]     Solution:
Error   2024-10-06 20:01:14  DevID:MV-CS016-10UC(DA0498828)  Source-Line:libMvUsb3vTL.so(DriverLayer.cpp-L0635)     Description:[usb_bulk_write] errcode[-1], LIBUSB_ERROR_IO     Solution:
Error   2024-10-06 20:01:14  DevID:MV-CS016-10UC(DA0498828)  Source-Line:libMvUsb3vTL.so(DeviceControl.cpp-L0571)     Description:[WriteMemUnit]: nLen[-1] != nSendLen[24]     Solution:
Error   2024-10-06 20:01:14  DevID:MV-CS016-10UC(DA0498828)  Source-Line:libMvUsb3vTL.so(EventProcess.cpp-L0327)     Description:[Event]Parse Packet failed, Ret[0x80000004]     Solution:
Error   2024-10-06 20:01:14  DevID:MV-CS016-10UC(DA0498828)  Source-Line:libMvUsb3vTL.so(EventProcess.cpp-L0327)     Description:[Event]Parse Packet failed, Ret[0x80000004]     Solution:
Error   2024-10-06 20:01:14  DevID:MV-CS016-10UC(DA0498828)  Source-Line:libMvUsb3vTL.so(DriverLayer.cpp-L0635)     Description:[usb_bulk_write] errcode[-1], LIBUSB_ERROR_IO     Solution:
Error   2024-10-06 20:01:14  DevID:MV-CS016-10UC(DA0498828)  Source-Line:libMvUsb3vTL.so(DeviceControl.cpp-L0571)     Description:[WriteMemUnit]: nLen[-1] != nSendLen[24]     Solution:
Error   2024-10-06 20:01:14  DevID:MV-CS016-10UC(DA0498828)  Source-Line:libMvUsb3vTL.so(DeviceControl.cpp-L1185)     Description:Set SI 1 fail, error code:[0x80000301]     Solution:
Error   2024-10-06 20:01:14  DevID:MV-CS016-10UC(DA0498828)  Source-Line:libMvUsb3vTL.so(EventProcess.cpp-L0327)     Description:[Event]Parse Packet failed, Ret[0x80000004]     Solution:
Error   2024-10-06 20:01:14  DevID:MV-CS016-10UC(DA0498828)  Source-Line:libMvUsb3vTL.so(DriverLayer.cpp-L0660)     Description:[usb_control_msg] errcode[-1]     Solution:
Error   2024-10-06 20:01:14  DevID:MV-CS016-10UC(DA0498828)  Source-Line:libMvUsb3vTL.so(DriverLayer.cpp-L0551)     Description:[libusb_clear_halt] errcode[-99], LIBUSB_ERROR_OTHER     Solution:
Error   2024-10-06 20:01:14  DevID:MV-CS016-10UC(DA0498828)  Source-Line:libMvUsb3vTL.so(EventProcess.cpp-L0327)     Description:[Event]Parse Packet failed, Ret[0x80000004]     Solution:
Error   2024-10-06 20:01:14  DevID:MV-CS016-10UC(DA0498828)  Source-Line:libMvUsb3vTL.so(EventProcess.cpp-L0327)     Description:[Event]Parse Packet failed, Ret[0x80000004]     Solution:
Error   2024-10-06 20:01:14  DevID:MV-CS016-10UC(DA0498828)  Source-Line:libMvUsb3vTL.so(EventProcess.cpp-L0327)     Description:[Event]Parse Packet failed, Ret[0x80000004]     Solution:
Error   2024-10-06 20:01:14  DevID:MV-CS016-10UC(DA0498828)  Source-Line:libMvUsb3vTL.so(DriverLayer.cpp-L0635)     Description:[usb_bulk_write] errcode[-1], LIBUSB_ERROR_IO     Solution:
Error   2024-10-06 20:01:14  DevID:MV-CS016-10UC(DA0498828)  Source-Line:libMvUsb3vTL.so(DeviceControl.cpp-L0571)     Description:[WriteMemUnit]: nLen[-1] != nSendLen[24]     Solution:
Error   2024-10-06 20:01:14  DevID:MV-CS016-10UC(DA0498828)  Source-Line:libMvUsb3vTL.so(EventProcess.cpp-L0327)     Description:[Event]Parse Packet failed, Ret[0x80000004]     Solution:
Error   2024-10-06 20:01:14  DevID:MV-CS016-10UC(DA0498828)  Source-Line:libMvUsb3vTL.so(DriverLayer.cpp-L0635)     Description:[usb_bulk_write] errcode[-1], LIBUSB_ERROR_IO     Solution:
Error   2024-10-06 20:01:14  DevID:MV-CS016-10UC(DA0498828)  Source-Line:libMvUsb3vTL.so(DeviceControl.cpp-L0571)     Description:[WriteMemUnit]: nLen[-1] != nSendLen[24]     Solution:
Error   2024-10-06 20:01:14  DevID:MV-CS016-10UC(DA0498828)  Source-Line:libMvUsb3vTL.so(DeviceControl.cpp-L1185)     Description:Set SI 1 fail, error code:[0x80000301]     Solution:
Error   2024-10-06 20:01:14  DevID:MV-CS016-10UC(DA0498828)  Source-Line:libMvUsb3vTL.so(EventProcess.cpp-L0327)     Description:[Event]Parse Packet failed, Ret[0x80000004]     Solution:
Error   2024-10-06 20:01:14  DevID:MV-CS016-10UC(DA0498828)  Source-Line:libMvUsb3vTL.so(EventProcess.cpp-L0327)     Description:[Event]Parse Packet failed, Ret[0x80000004]     Solution:
Error   2024-10-06 20:01:14  DevID:MV-CS016-10UC(DA0498828)  Source-Line:libMvUsb3vTL.so(DriverLayer.cpp-L0660)     Description:[usb_control_msg] errcode[-1]     Solution:
Error   2024-10-06 20:01:14  DevID:MV-CS016-10UC(DA0498828)  Source-Line:libMvUsb3vTL.so(DriverLayer.cpp-L0551)     Description:[libusb_clear_halt] errcode[-99], LIBUSB_ERROR_OTHER     Solution:
Error   2024-10-06 20:01:14  DevID:MV-CS016-10UC(DA0498828)  Source-Line:libMvUsb3vTL.so(EventProcess.cpp-L0327)     Description:[Event]Parse Packet failed, Ret[0x80000004]     Solution:
Error   2024-10-06 20:01:14  DevID:MV-CS016-10UC(DA0498828)  Source-Line:libMvUsb3vTL.so(EventProcess.cpp-L0327)     Description:[Event]Parse Packet failed, Ret[0x80000004]     Solution:
Error   2024-10-06 20:01:14  DevID:MV-CS016-10UC(DA0498828)  Source-Line:libMvUsb3vTL.so(EventProcess.cpp-L0327)     Description:[Event]Parse Packet failed, Ret[0x80000004]     Solution:
Error   2024-10-06 20:01:14  DevID:MV-CS016-10UC(DA0498828)  Source-Line:libMvUsb3vTL.so(DriverLayer.cpp-L0635)     Description:[usb_bulk_write] errcode[-1], LIBUSB_ERROR_IO     Solution:
Error   2024-10-06 20:01:14  DevID:MV-CS016-10UC(DA0498828)  Source-Line:libMvUsb3vTL.so(DeviceControl.cpp-L0571)     Description:[WriteMemUnit]: nLen[-1] != nSendLen[24]     Solution:
Error   2024-10-06 20:01:14  DevID:MV-CS016-10UC(DA0498828)  Source-Line:libMvUsb3vTL.so(EventProcess.cpp-L0327)     Description:[Event]Parse Packet failed, Ret[0x80000004]     Solution:
Error   2024-10-06 20:01:14  DevID:MV-CS016-10UC(DA0498828)  Source-Line:libMvUsb3vTL.so(DriverLayer.cpp-L0635)     Description:[usb_bulk_write] errcode[-1], LIBUSB_ERROR_IO     Solution:
Error   2024-10-06 20:01:14  DevID:MV-CS016-10UC(DA0498828)  Source-Line:libMvUsb3vTL.so(DeviceControl.cpp-L0571)     Description:[WriteMemUnit]: nLen[-1] != nSendLen[24]     Solution:
Error   2024-10-06 20:01:14  DevID:MV-CS016-10UC(DA0498828)  Source-Line:libMvUsb3vTL.so(DeviceControl.cpp-L1185)     Description:Set SI 1 fail, error code:[0x80000301]     Solution:
Error   2024-10-06 20:01:14  DevID:MV-CS016-10UC(DA0498828)  Source-Line:libMvUsb3vTL.so(EventProcess.cpp-L0327)     Description:[Event]Parse Packet failed, Ret[0x80000004]     Solution:
Error   2024-10-06 20:01:14  DevID:MV-CS016-10UC(DA0498828)  Source-Line:libMvUsb3vTL.so(EventProcess.cpp-L0327)     Description:[Event]Parse Packet failed, Ret[0x80000004]     Solution:
Error   2024-10-06 20:01:14  DevID:MV-CS016-10UC(DA0498828)  Source-Line:libMvUsb3vTL.so(EventProcess.cpp-L0327)     Description:[Event]Parse Packet failed, Ret[0x80000004]     Solution:
Error   2024-10-06 20:01:14  DevID:MV-CS016-10UC(DA0498828)  Source-Line:libMvUsb3vTL.so(DriverLayer.cpp-L0660)     Description:[usb_control_msg] errcode[-1]     Solution:
Error   2024-10-06 20:01:14  DevID:MV-CS016-10UC(DA0498828)  Source-Line:libMvUsb3vTL.so(DriverLayer.cpp-L0551)     Description:[libusb_clear_halt] errcode[-99], LIBUSB_ERROR_OTHER     Solution:
Error   2024-10-06 20:01:14  DevID:MV-CS016-10UC(DA0498828)  Source-Line:libMvUsb3vTL.so(EventProcess.cpp-L0327)     Description:[Event]Parse Packet failed, Ret[0x80000004]     Solution:
Error   2024-10-06 20:01:14  DevID:MV-CS016-10UC(DA0498828)  Source-Line:libMvUsb3vTL.so(EventProcess.cpp-L0327)     Description:[Event]Parse Packet failed, Ret[0x80000004]     Solution:
Error   2024-10-06 20:01:14  DevID:MV-CS016-10UC(DA0498828)  Source-Line:libMvUsb3vTL.so(EventProcess.cpp-L0327)     Description:[Event]Parse Packet failed, Ret[0x80000004]     Solution:
Error   2024-10-06 20:01:14  DevID:MV-CS016-10UC(DA0498828)  Source-Line:libMvUsb3vTL.so(DriverLayer.cpp-L0635)     Description:[usb_bulk_write] errcode[-1], LIBUSB_ERROR_IO     Solution:
Error   2024-10-06 20:01:14  DevID:MV-CS016-10UC(DA0498828)  Source-Line:libMvUsb3vTL.so(DeviceControl.cpp-L0571)     Description:[WriteMemUnit]: nLen[-1] != nSendLen[24]     Solution:
Error   2024-10-06 20:01:14  DevID:MV-CS016-10UC(DA0498828)  Source-Line:libMvUsb3vTL.so(EventProcess.cpp-L0327)     Description:[Event]Parse Packet failed, Ret[0x80000004]     Solution:
Error   2024-10-06 20:01:14  DevID:MV-CS016-10UC(DA0498828)  Source-Line:libMvUsb3vTL.so(DriverLayer.cpp-L0635)     Description:[usb_bulk_write] errcode[-1], LIBUSB_ERROR_IO     Solution:
Error   2024-10-06 20:01:14  DevID:MV-CS016-10UC(DA0498828)  Source-Line:libMvUsb3vTL.so(DeviceControl.cpp-L0571)     Description:[WriteMemUnit]: nLen[-1] != nSendLen[24]     Solution:
Error   2024-10-06 20:01:14  DevID:MV-CS016-10UC(DA0498828)  Source-Line:libMvUsb3vTL.so(DeviceControl.cpp-L1185)     Description:Set SI 1 fail, error code:[0x80000301]     Solution:
Error   2024-10-06 20:01:14  DevID:MV-CS016-10UC(DA0498828)  Source-Line:libMvUsb3vTL.so(EventProcess.cpp-L0327)     Description:[Event]Parse Packet failed, Ret[0x80000004]     Solution:
Error   2024-10-06 20:01:14  DevID:MV-CS016-10UC(DA0498828)  Source-Line:libMvUsb3vTL.so(EventProcess.cpp-L0327)     Description:[Event]Parse Packet failed, Ret[0x80000004]     Solution:
Error   2024-10-06 20:01:14  DevID:MV-CS016-10UC(DA0498828)  Source-Line:libMvUsb3vTL.so(DriverLayer.cpp-L0660)     Description:[usb_control_msg] errcode[-1]     Solution:
Error   2024-10-06 20:01:14  DevID:MV-CS016-10UC(DA0498828)  Source-Line:libMvUsb3vTL.so(DriverLayer.cpp-L0551)     Description:[libusb_clear_halt] errcode[-99], LIBUSB_ERROR_OTHER     Solution:
Error   2024-10-06 20:01:14  DevID:MV-CS016-10UC(DA0498828)  Source-Line:libMvUsb3vTL.so(EventProcess.cpp-L0327)     Description:[Event]Parse Packet failed, Ret[0x80000004]     Solution:
Error   2024-10-06 20:01:14  DevID:MV-CS016-10UC(DA0498828)  Source-Line:libMvUsb3vTL.so(EventProcess.cpp-L0327)     Description:[Event]Parse Packet failed, Ret[0x80000004]     Solution:
Error   2024-10-06 20:01:14  DevID:MV-CS016-10UC(DA0498828)  Source-Line:libMvUsb3vTL.so(DriverLayer.cpp-L0635)     Description:[usb_bulk_write] errcode[-1], LIBUSB_ERROR_IO     Solution:
Error   2024-10-06 20:01:14  DevID:MV-CS016-10UC(DA0498828)  Source-Line:libMvUsb3vTL.so(DeviceControl.cpp-L0571)     Description:[WriteMemUnit]: nLen[-1] != nSendLen[24]     Solution:
Error   2024-10-06 20:01:14  DevID:MV-CS016-10UC(DA0498828)  Source-Line:libMvUsb3vTL.so(EventProcess.cpp-L0327)     Description:[Event]Parse Packet failed, Ret[0x80000004]     Solution:
Error   2024-10-06 20:01:14  DevID:MV-CS016-10UC(DA0498828)  Source-Line:libMvUsb3vTL.so(EventProcess.cpp-L0327)     Description:[Event]Parse Packet failed, Ret[0x80000004]     Solution:
Error   2024-10-06 20:01:14  DevID:MV-CS016-10UC(DA0498828)  Source-Line:libMvUsb3vTL.so(DriverLayer.cpp-L0635)     Description:[usb_bulk_write] errcode[-1], LIBUSB_ERROR_IO     Solution:
Error   2024-10-06 20:01:14  DevID:MV-CS016-10UC(DA0498828)  Source-Line:libMvUsb3vTL.so(DeviceControl.cpp-L0571)     Description:[WriteMemUnit]: nLen[-1] != nSendLen[24]     Solution:
Error   2024-10-06 20:01:14  DevID:MV-CS016-10UC(DA0498828)  Source-Line:libMvUsb3vTL.so(DeviceControl.cpp-L1185)     Description:Set SI 1 fail, error code:[0x80000301]     Solution:
Error   2024-10-06 20:01:14  DevID:MV-CS016-10UC(DA0498828)  Source-Line:libMvUsb3vTL.so(EventProcess.cpp-L0327)     Description:[Event]Parse Packet failed, Ret[0x80000004]     Solution:
Error   2024-10-06 20:01:14  DevID:MV-CS016-10UC(DA0498828)  Source-Line:libMvUsb3vTL.so(EventProcess.cpp-L0327)     Description:[Event]Parse Packet failed, Ret[0x80000004]     Solution:
Error   2024-10-06 20:01:14  DevID:MV-CS016-10UC(DA0498828)  Source-Line:libMvUsb3vTL.so(EventProcess.cpp-L0327)     Description:[Event]Parse Packet failed, Ret[0x80000004]     Solution:
Error   2024-10-06 20:01:14  DevID:MV-CS016-10UC(DA0498828)  Source-Line:libMvUsb3vTL.so(EventProcess.cpp-L0327)     Description:[Event]Parse Packet failed, Ret[0x80000004]     Solution:
Error   2024-10-06 20:01:14  DevID:MV-CS016-10UC(DA0498828)  Source-Line:libMvUsb3vTL.so(EventProcess.cpp-L0327)     Description:[Event]Parse Packet failed, Ret[0x80000004]     Solution:
Error   2024-10-06 20:01:14  DevID:MV-CS016-10UC(DA0498828)  Source-Line:libMvUsb3vTL.so(EventProcess.cpp-L0327)     Description:[Event]Parse Packet failed, Ret[0x80000004]     Solution:
Error   2024-10-06 20:01:14  DevID:MV-CS016-10UC(DA0498828)  Source-Line:libMvUsb3vTL.so(EventProcess.cpp-L0327)     Description:[Event]Parse Packet failed, Ret[0x80000004]     Solution:
Error   2024-10-06 20:01:14  DevID:MV-CS016-10UC(DA0498828)  Source-Line:libMvUsb3vTL.so(EventProcess.cpp-L0327)     Description:[Event]Parse Packet failed, Ret[0x80000004]     Solution:
Error   2024-10-06 20:01:14  DevID:MV-CS016-10UC(DA0498828)  Source-Line:libMvUsb3vTL.so(EventProcess.cpp-L0327)     Description:[Event]Parse Packet failed, Ret[0x80000004]     Solution:
Error   2024-10-06 20:01:14  DevID:MV-CS016-10UC(DA0498828)  Source-Line:libMvUsb3vTL.so(EventProcess.cpp-L0327)     Description:[Event]Parse Packet failed, Ret[0x80000004]     Solution:
Error   2024-10-06 20:01:14  DevID:MV-CS016-10UC(DA0498828)  Source-Line:libMvUsb3vTL.so(EventProcess.cpp-L0327)     Description:[Event]Parse Packet failed, Ret[0x80000004]     Solution:
Error   2024-10-06 20:01:14  DevID:MV-CS016-10UC(DA0498828)  Source-Line:libMvUsb3vTL.so(EventProcess.cpp-L0327)     Description:[Event]Parse Packet failed, Ret[0x80000004]     Solution:
Error   2024-10-06 20:01:14  DevID:MV-CS016-10UC(DA0498828)  Source-Line:libMvUsb3vTL.so(EventProcess.cpp-L0327)     Description:[Event]Parse Packet failed, Ret[0x80000004]     Solution:
Error   2024-10-06 20:01:14  DevID:MV-CS016-10UC(DA0498828)  Source-Line:libMvUsb3vTL.so(DriverLayer.cpp-L0551)     Description:[libusb_clear_halt] errcode[-99], LIBUSB_ERROR_OTHER     Solution:
Error   2024-10-06 20:01:14  DevID:MV-CS016-10UC(DA0498828)  Source-Line:libMvUsb3vTL.so(EventProcess.cpp-L0327)     Description:[Event]Parse Packet failed, Ret[0x80000004]     Solution:
Error   2024-10-06 20:01:14  DevID:MV-CS016-10UC(DA0498828)  Source-Line:libMvUsb3vTL.so(EventProcess.cpp-L0327)     Description:[Event]Parse Packet failed, Ret[0x80000004]     Solution:
Error   2024-10-06 20:01:14  DevID:MV-CS016-10UC(DA0498828)  Source-Line:libMvUsb3vTL.so(EventProcess.cpp-L0327)     Description:[Event]Parse Packet failed, Ret[0x80000004]     Solution:
Error   2024-10-06 20:01:14  DevID:MV-CS016-10UC(DA0498828)  Source-Line:libMvUsb3vTL.so(DriverLayer.cpp-L0635)     Description:[usb_bulk_write] errcode[-1], LIBUSB_ERROR_IO     Solution:
Error   2024-10-06 20:01:14  DevID:MV-CS016-10UC(DA0498828)  Source-Line:libMvUsb3vTL.so(DeviceControl.cpp-L0571)     Description:[WriteMemUnit]: nLen[-1] != nSendLen[24]     Solution:
Error   2024-10-06 20:01:14  DevID:MV-CS016-10UC(DA0498828)  Source-Line:libMvUsb3vTL.so(EventProcess.cpp-L0327)     Description:[Event]Parse Packet failed, Ret[0x80000004]     Solution:
Error   2024-10-06 20:01:14  DevID:MV-CS016-10UC(DA0498828)  Source-Line:libMvUsb3vTL.so(DriverLayer.cpp-L0635)     Description:[usb_bulk_write] errcode[-1], LIBUSB_ERROR_IO     Solution:
Error   2024-10-06 20:01:14  DevID:MV-CS016-10UC(DA0498828)  Source-Line:libMvUsb3vTL.so(DeviceControl.cpp-L0571)     Description:[WriteMemUnit]: nLen[-1] != nSendLen[24]     Solution:
Error   2024-10-06 20:01:14  DevID:MV-CS016-10UC(DA0498828)  Source-Line:libMvUsb3vTL.so(DeviceControl.cpp-L1185)     Description:Set SI 1 fail, error code:[0x80000301]     Solution:
Error   2024-10-06 20:01:14  DevID:MV-CS016-10UC(DA0498828)  Source-Line:libMvUsb3vTL.so(EventProcess.cpp-L0327)     Description:[Event]Parse Packet failed, Ret[0x80000004]     Solution:
Error   2024-10-06 20:01:14  DevID:MV-CS016-10UC(DA0498828)  Source-Line:libMvUsb3vTL.so(DriverLayer.cpp-L0660)     Description:[usb_control_msg] errcode[-1]     Solution:
Error   2024-10-06 20:01:14  DevID:MV-CS016-10UC(DA0498828)  Source-Line:libMvUsb3vTL.so(DriverLayer.cpp-L0551)     Description:[libusb_clear_halt] errcode[-99], LIBUSB_ERROR_OTHER     Solution:
Error   2024-10-06 20:01:14  DevID:MV-CS016-10UC(DA0498828)  Source-Line:libMvUsb3vTL.so(EventProcess.cpp-L0327)     Description:[Event]Parse Packet failed, Ret[0x80000004]     Solution:
Error   2024-10-06 20:01:14  DevID:MV-CS016-10UC(DA0498828)  Source-Line:libMvUsb3vTL.so(EventProcess.cpp-L0327)     Description:[Event]Parse Packet failed, Ret[0x80000004]     Solution:
Error   2024-10-06 20:01:14  DevID:MV-CS016-10UC(DA0498828)  Source-Line:libMvUsb3vTL.so(DriverLayer.cpp-L0635)     Description:[usb_bulk_write] errcode[-1], LIBUSB_ERROR_IO     Solution:
Error   2024-10-06 20:01:14  DevID:MV-CS016-10UC(DA0498828)  Source-Line:libMvUsb3vTL.so(DeviceControl.cpp-L0571)     Description:[WriteMemUnit]: nLen[-1] != nSendLen[24]     Solution:
Error   2024-10-06 20:01:14  DevID:MV-CS016-10UC(DA0498828)  Source-Line:libMvUsb3vTL.so(EventProcess.cpp-L0327)     Description:[Event]Parse Packet failed, Ret[0x80000004]     Solution:
Error   2024-10-06 20:01:14  DevID:MV-CS016-10UC(DA0498828)  Source-Line:libMvUsb3vTL.so(DriverLayer.cpp-L0635)     Description:[usb_bulk_write] errcode[-1], LIBUSB_ERROR_IO     Solution:
Error   2024-10-06 20:01:14  DevID:MV-CS016-10UC(DA0498828)  Source-Line:libMvUsb3vTL.so(DeviceControl.cpp-L0571)     Description:[WriteMemUnit]: nLen[-1] != nSendLen[24]     Solution:
Error   2024-10-06 20:01:14  DevID:MV-CS016-10UC(DA0498828)  Source-Line:libMvUsb3vTL.so(DeviceControl.cpp-L1185)     Description:Set SI 1 fail, error code:[0x80000301]     Solution:
Error   2024-10-06 20:01:14  DevID:MV-CS016-10UC(DA0498828)  Source-Line:libMvUsb3vTL.so(EventProcess.cpp-L0327)     Description:[Event]Parse Packet failed, Ret[0x80000004]     Solution:
Error   2024-10-06 20:01:14  DevID:MV-CS016-10UC(DA0498828)  Source-Line:libMvUsb3vTL.so(EventProcess.cpp-L0327)     Description:[Event]Parse Packet failed, Ret[0x80000004]     Solution:
Error   2024-10-06 20:01:14  DevID:MV-CS016-10UC(DA0498828)  Source-Line:libMvUsb3vTL.so(DriverLayer.cpp-L0635)     Description:[usb_bulk_write] errcode[-1], LIBUSB_ERROR_IO     Solution:
Error   2024-10-06 20:01:14  DevID:MV-CS016-10UC(DA0498828)  Source-Line:libMvUsb3vTL.so(DeviceControl.cpp-L0571)     Description:[WriteMemUnit]: nLen[-1] != nSendLen[24]     Solution:
Error   2024-10-06 20:01:14  DevID:MV-CS016-10UC(DA0498828)  Source-Line:libMvUsb3vTL.so(EventProcess.cpp-L0327)     Description:[Event]Parse Packet failed, Ret[0x80000004]     Solution:
Error   2024-10-06 20:01:14  DevID:MV-CS016-10UC(DA0498828)  Source-Line:libMvUsb3vTL.so(DriverLayer.cpp-L0660)     Description:[usb_control_msg] errcode[-1]     Solution:
Error   2024-10-06 20:01:14  DevID:MV-CS016-10UC(DA0498828)  Source-Line:libMvUsb3vTL.so(DriverLayer.cpp-L0551)     Description:[libusb_clear_halt] errcode[-99], LIBUSB_ERROR_OTHER     Solution:
Error   2024-10-06 20:01:14  DevID:MV-CS016-10UC(DA0498828)  Source-Line:libMvUsb3vTL.so(EventProcess.cpp-L0327)     Description:[Event]Parse Packet failed, Ret[0x80000004]     Solution:
Error   2024-10-06 20:01:14  DevID:MV-CS016-10UC(DA0498828)  Source-Line:libMvUsb3vTL.so(EventProcess.cpp-L0327)     Description:[Event]Parse Packet failed, Ret[0x80000004]     Solution:
Error   2024-10-06 20:01:14  DevID:MV-CS016-10UC(DA0498828)  Source-Line:libMvUsb3vTL.so(DriverLayer.cpp-L0635)     Description:[usb_bulk_write] errcode[-1], LIBUSB_ERROR_IO     Solution:
Error   2024-10-06 20:01:14  DevID:MV-CS016-10UC(DA0498828)  Source-Line:libMvUsb3vTL.so(DeviceControl.cpp-L0571)     Description:[WriteMemUnit]: nLen[-1] != nSendLen[24]     Solution:
Error   2024-10-06 20:01:14  DevID:MV-CS016-10UC(DA0498828)  Source-Line:libMvUsb3vTL.so(EventProcess.cpp-L0327)     Description:[Event]Parse Packet failed, Ret[0x80000004]     Solution:
Error   2024-10-06 20:01:14  DevID:MV-CS016-10UC(DA0498828)  Source-Line:libMvUsb3vTL.so(DriverLayer.cpp-L0635)     Description:[usb_bulk_write] errcode[-1], LIBUSB_ERROR_IO     Solution:
Error   2024-10-06 20:01:14  DevID:MV-CS016-10UC(DA0498828)  Source-Line:libMvUsb3vTL.so(DeviceControl.cpp-L0571)     Description:[WriteMemUnit]: nLen[-1] != nSendLen[24]     Solution:
Error   2024-10-06 20:01:14  DevID:MV-CS016-10UC(DA0498828)  Source-Line:libMvUsb3vTL.so(DeviceControl.cpp-L1185)     Description:Set SI 1 fail, error code:[0x80000301]     Solution:
Error   2024-10-06 20:01:14  DevID:MV-CS016-10UC(DA0498828)  Source-Line:libMvUsb3vTL.so(EventProcess.cpp-L0327)     Description:[Event]Parse Packet failed, Ret[0x80000004]     Solution:
Error   2024-10-06 20:01:14  DevID:MV-CS016-10UC(DA0498828)  Source-Line:libMvUsb3vTL.so(EventProcess.cpp-L0327)     Description:[Event]Parse Packet failed, Ret[0x80000004]     Solution:
Error   2024-10-06 20:01:14  DevID:MV-CS016-10UC(DA0498828)  Source-Line:libMvUsb3vTL.so(DriverLayer.cpp-L0660)     Description:[usb_control_msg] errcode[-1]     Solution:
Error   2024-10-06 20:01:14  DevID:MV-CS016-10UC(DA0498828)  Source-Line:libMvUsb3vTL.so(DriverLayer.cpp-L0551)     Description:[libusb_clear_halt] errcode[-99], LIBUSB_ERROR_OTHER     Solution:
Error   2024-10-06 20:01:14  DevID:MV-CS016-10UC(DA0498828)  Source-Line:libMvUsb3vTL.so(EventProcess.cpp-L0327)     Description:[Event]Parse Packet failed, Ret[0x80000004]     Solution:
Error   2024-10-06 20:01:14  DevID:MV-CS016-10UC(DA0498828)  Source-Line:libMvUsb3vTL.so(EventProcess.cpp-L0327)     Description:[Event]Parse Packet failed, Ret[0x80000004]     Solution:
Error   2024-10-06 20:01:14  DevID:MV-CS016-10UC(DA0498828)  Source-Line:libMvUsb3vTL.so(EventProcess.cpp-L0327)     Description:[Event]Parse Packet failed, Ret[0x80000004]     Solution:
Error   2024-10-06 20:01:14  DevID:MV-CS016-10UC(DA0498828)  Source-Line:libMvUsb3vTL.so(DriverLayer.cpp-L0635)     Description:[usb_bulk_write] errcode[-1], LIBUSB_ERROR_IO     Solution:
Error   2024-10-06 20:01:14  DevID:MV-CS016-10UC(DA0498828)  Source-Line:libMvUsb3vTL.so(DeviceControl.cpp-L0571)     Description:[WriteMemUnit]: nLen[-1] != nSendLen[24]     Solution:
Error   2024-10-06 20:01:14  DevID:MV-CS016-10UC(DA0498828)  Source-Line:libMvUsb3vTL.so(EventProcess.cpp-L0327)     Description:[Event]Parse Packet failed, Ret[0x80000004]     Solution:
Error   2024-10-06 20:01:14  DevID:MV-CS016-10UC(DA0498828)  Source-Line:libMvUsb3vTL.so(DriverLayer.cpp-L0635)     Description:[usb_bulk_write] errcode[-1], LIBUSB_ERROR_IO     Solution:
Error   2024-10-06 20:01:14  DevID:MV-CS016-10UC(DA0498828)  Source-Line:libMvUsb3vTL.so(DeviceControl.cpp-L0571)     Description:[WriteMemUnit]: nLen[-1] != nSendLen[24]     Solution:
Error   2024-10-06 20:01:14  DevID:MV-CS016-10UC(DA0498828)  Source-Line:libMvUsb3vTL.so(DeviceControl.cpp-L1185)     Description:Set SI 1 fail, error code:[0x80000301]     Solution:
Error   2024-10-06 20:01:14  DevID:MV-CS016-10UC(DA0498828)  Source-Line:libMvUsb3vTL.so(EventProcess.cpp-L0327)     Description:[Event]Parse Packet failed, Ret[0x80000004]     Solution:
Error   2024-10-06 20:01:14  DevID:MV-CS016-10UC(DA0498828)  Source-Line:libMvUsb3vTL.so(DriverLayer.cpp-L0660)     Description:[usb_control_msg] errcode[-1]     Solution:
Error   2024-10-06 20:01:14  DevID:MV-CS016-10UC(DA0498828)  Source-Line:libMvUsb3vTL.so(DriverLayer.cpp-L0551)     Description:[libusb_clear_halt] errcode[-99], LIBUSB_ERROR_OTHER     Solution:
Error   2024-10-06 20:01:14  DevID:MV-CS016-10UC(DA0498828)  Source-Line:libMvUsb3vTL.so(EventProcess.cpp-L0327)     Description:[Event]Parse Packet failed, Ret[0x80000004]     Solution:
Error   2024-10-06 20:01:14  DevID:MV-CS016-10UC(DA0498828)  Source-Line:libMvUsb3vTL.so(EventProcess.cpp-L0327)     Description:[Event]Parse Packet failed, Ret[0x80000004]     Solution:
Error   2024-10-06 20:01:14  DevID:MV-CS016-10UC(DA0498828)  Source-Line:libMvUsb3vTL.so(DriverLayer.cpp-L0635)     Description:[usb_bulk_write] errcode[-1], LIBUSB_ERROR_IO     Solution:
Error   2024-10-06 20:01:14  DevID:MV-CS016-10UC(DA0498828)  Source-Line:libMvUsb3vTL.so(DriverLayer.cpp-L0551)     Description:[libusb_clear_halt] errcode[-99], LIBUSB_ERROR_OTHER     Solution:
Error   2024-10-06 20:01:14  DevID:MV-CS016-10UC(DA0498828)  Source-Line:libMvUsb3vTL.so(EventProcess.cpp-L0327)     Description:[Event]Parse Packet failed, Ret[0x80000004]     Solution:
Error   2024-10-06 20:01:14  DevID:MV-CS016-10UC(DA0498828)  Source-Line:libMvUsb3vTL.so(EventProcess.cpp-L0327)     Description:[Event]Parse Packet failed, Ret[0x80000004]     Solution:
Error   2024-10-06 20:01:14  DevID:MV-CS016-10UC(DA0498828)  Source-Line:libMvUsb3vTL.so(EventProcess.cpp-L0327)     Description:[Event]Parse Packet failed, Ret[0x80000004]     Solution:
Error   2024-10-06 20:01:14  DevID:MV-CS016-10UC(DA0498828)  Source-Line:libMvUsb3vTL.so(DriverLayer.cpp-L0635)     Description:[usb_bulk_write] errcode[-1], LIBUSB_ERROR_IO     Solution:
Error   2024-10-06 20:01:14  DevID:MV-CS016-10UC(DA0498828)  Source-Line:libMvUsb3vTL.so(DeviceControl.cpp-L0571)     Description:[WriteMemUnit]: nLen[-1] != nSendLen[24]     Solution:
Error   2024-10-06 20:01:14  DevID:MV-CS016-10UC(DA0498828)  Source-Line:libMvUsb3vTL.so(EventProcess.cpp-L0327)     Description:[Event]Parse Packet failed, Ret[0x80000004]     Solution:
Error   2024-10-06 20:01:14  DevID:MV-CS016-10UC(DA0498828)  Source-Line:libMvUsb3vTL.so(DriverLayer.cpp-L0635)     Description:[usb_bulk_write] errcode[-1], LIBUSB_ERROR_IO     Solution:
Error   2024-10-06 20:01:14  DevID:MV-CS016-10UC(DA0498828)  Source-Line:libMvUsb3vTL.so(DeviceControl.cpp-L0571)     Description:[WriteMemUnit]: nLen[-1] != nSendLen[24]     Solution:
Error   2024-10-06 20:01:14  DevID:MV-CS016-10UC(DA0498828)  Source-Line:libMvUsb3vTL.so(DeviceControl.cpp-L1185)     Description:Set SI 1 fail, error code:[0x80000301]     Solution:
Error   2024-10-06 20:01:14  DevID:MV-CS016-10UC(DA0498828)  Source-Line:libMvUsb3vTL.so(EventProcess.cpp-L0327)     Description:[Event]Parse Packet failed, Ret[0x80000004]     Solution:
Error   2024-10-06 20:01:14  DevID:MV-CS016-10UC(DA0498828)  Source-Line:libMvUsb3vTL.so(EventProcess.cpp-L0327)     Description:[Event]Parse Packet failed, Ret[0x80000004]     Solution:
Error   2024-10-06 20:01:14  DevID:MV-CS016-10UC(DA0498828)  Source-Line:libMvUsb3vTL.so(DriverLayer.cpp-L0660)     Description:[usb_control_msg] errcode[-1]     Solution:
Error   2024-10-06 20:01:14  DevID:MV-CS016-10UC(DA0498828)  Source-Line:libMvUsb3vTL.so(DriverLayer.cpp-L0551)     Description:[libusb_clear_halt] errcode[-99], LIBUSB_ERROR_OTHER     Solution:
Error   2024-10-06 20:01:14  DevID:MV-CS016-10UC(DA0498828)  Source-Line:libMvUsb3vTL.so(EventProcess.cpp-L0327)     Description:[Event]Parse Packet failed, Ret[0x80000004]     Solution:
Error   2024-10-06 20:01:14  DevID:MV-CS016-10UC(DA0498828)  Source-Line:libMvUsb3vTL.so(EventProcess.cpp-L0327)     Description:[Event]Parse Packet failed, Ret[0x80000004]     Solution:
Error   2024-10-06 20:01:14  DevID:MV-CS016-10UC(DA0498828)  Source-Line:libMvUsb3vTL.so(DriverLayer.cpp-L0635)     Description:[usb_bulk_write] errcode[-1], LIBUSB_ERROR_IO     Solution:
Error   2024-10-06 20:01:14  DevID:MV-CS016-10UC(DA0498828)  Source-Line:libMvUsb3vTL.so(DeviceControl.cpp-L0571)     Description:[WriteMemUnit]: nLen[-1] != nSendLen[24]     Solution:
Error   2024-10-06 20:01:14  DevID:MV-CS016-10UC(DA0498828)  Source-Line:libMvUsb3vTL.so(EventProcess.cpp-L0327)     Description:[Event]Parse Packet failed, Ret[0x80000004]     Solution:
Error   2024-10-06 20:01:14  DevID:MV-CS016-10UC(DA0498828)  Source-Line:libMvUsb3vTL.so(DriverLayer.cpp-L0635)     Description:[usb_bulk_write] errcode[-1], LIBUSB_ERROR_IO     Solution:
Error   2024-10-06 20:01:14  DevID:MV-CS016-10UC(DA0498828)  Source-Line:libMvUsb3vTL.so(DeviceControl.cpp-L0571)     Description:[WriteMemUnit]: nLen[-1] != nSendLen[24]     Solution:
Error   2024-10-06 20:01:14  DevID:MV-CS016-10UC(DA0498828)  Source-Line:libMvUsb3vTL.so(DeviceControl.cpp-L1185)     Description:Set SI 1 fail, error code:[0x80000301]     Solution:
Error   2024-10-06 20:01:14  DevID:MV-CS016-10UC(DA0498828)  Source-Line:libMvUsb3vTL.so(EventProcess.cpp-L0327)     Description:[Event]Parse Packet failed, Ret[0x80000004]     Solution:
Error   2024-10-06 20:01:14  DevID:MV-CS016-10UC(DA0498828)  Source-Line:libMvUsb3vTL.so(DriverLayer.cpp-L0660)     Description:[usb_control_msg] errcode[-1]     Solution:
Error   2024-10-06 20:01:14  DevID:MV-CS016-10UC(DA0498828)  Source-Line:libMvUsb3vTL.so(DriverLayer.cpp-L0551)     Description:[libusb_clear_halt] errcode[-99], LIBUSB_ERROR_OTHER     Solution:
Error   2024-10-06 20:01:14  DevID:MV-CS016-10UC(DA0498828)  Source-Line:libMvUsb3vTL.so(EventProcess.cpp-L0327)     Description:[Event]Parse Packet failed, Ret[0x80000004]     Solution:
Error   2024-10-06 20:01:14  DevID:MV-CS016-10UC(DA0498828)  Source-Line:libMvUsb3vTL.so(EventProcess.cpp-L0327)     Description:[Event]Parse Packet failed, Ret[0x80000004]     Solution:
Error   2024-10-06 20:01:14  DevID:MV-CS016-10UC(DA0498828)  Source-Line:libMvUsb3vTL.so(DriverLayer.cpp-L0635)     Description:[usb_bulk_write] errcode[-1], LIBUSB_ERROR_IO     Solution:
Error   2024-10-06 20:01:14  DevID:MV-CS016-10UC(DA0498828)  Source-Line:libMvUsb3vTL.so(DeviceControl.cpp-L0571)     Description:[WriteMemUnit]: nLen[-1] != nSendLen[24]     Solution:
Error   2024-10-06 20:01:14  DevID:MV-CS016-10UC(DA0498828)  Source-Line:libMvUsb3vTL.so(EventProcess.cpp-L0327)     Description:[Event]Parse Packet failed, Ret[0x80000004]     Solution:
Error   2024-10-06 20:01:14  DevID:MV-CS016-10UC(DA0498828)  Source-Line:libMvUsb3vTL.so(EventProcess.cpp-L0327)     Description:[Event]Parse Packet failed, Ret[0x80000004]     Solution:
Error   2024-10-06 20:01:14  DevID:MV-CS016-10UC(DA0498828)  Source-Line:libMvUsb3vTL.so(DriverLayer.cpp-L0635)     Description:[usb_bulk_write] errcode[-1], LIBUSB_ERROR_IO     Solution:
Error   2024-10-06 20:01:14  DevID:MV-CS016-10UC(DA0498828)  Source-Line:libMvUsb3vTL.so(DeviceControl.cpp-L0571)     Description:[WriteMemUnit]: nLen[-1] != nSendLen[24]     Solution:
Error   2024-10-06 20:01:14  DevID:MV-CS016-10UC(DA0498828)  Source-Line:libMvUsb3vTL.so(DriverLayer.cpp-L0551)     Description:[libusb_clear_halt] errcode[-99], LIBUSB_ERROR_OTHER     Solution:
Error   2024-10-06 20:01:14  DevID:MV-CS016-10UC(DA0498828)  Source-Line:libMvUsb3vTL.so(EventProcess.cpp-L0327)     Description:[Event]Parse Packet failed, Ret[0x80000004]     Solution:
Error   2024-10-06 20:01:14  DevID:MV-CS016-10UC(DA0498828)  Source-Line:libMvUsb3vTL.so(EventProcess.cpp-L0327)     Description:[Event]Parse Packet failed, Ret[0x80000004]     Solution:
Error   2024-10-06 20:01:14  DevID:MV-CS016-10UC(DA0498828)  Source-Line:libMvUsb3vTL.so(EventProcess.cpp-L0327)     Description:[Event]Parse Packet failed, Ret[0x80000004]     Solution:
Error   2024-10-06 20:01:14  DevID:MV-CS016-10UC(DA0498828)  Source-Line:libMvUsb3vTL.so(DriverLayer.cpp-L0635)     Description:[usb_bulk_write] errcode[-1], LIBUSB_ERROR_IO     Solution:
Error   2024-10-06 20:01:14  DevID:MV-CS016-10UC(DA0498828)  Source-Line:libMvUsb3vTL.so(DeviceControl.cpp-L0571)     Description:[WriteMemUnit]: nLen[-1] != nSendLen[24]     Solution:
Error   2024-10-06 20:01:14  DevID:MV-CS016-10UC(DA0498828)  Source-Line:libMvUsb3vTL.so(EventProcess.cpp-L0327)     Description:[Event]Parse Packet failed, Ret[0x80000004]     Solution:
Error   2024-10-06 20:01:14  DevID:MV-CS016-10UC(DA0498828)  Source-Line:libMvUsb3vTL.so(DriverLayer.cpp-L0635)     Description:[usb_bulk_write] errcode[-1], LIBUSB_ERROR_IO     Solution:
Error   2024-10-06 20:01:14  DevID:MV-CS016-10UC(DA0498828)  Source-Line:libMvUsb3vTL.so(DeviceControl.cpp-L0571)     Description:[WriteMemUnit]: nLen[-1] != nSendLen[24]     Solution:
Error   2024-10-06 20:01:14  DevID:MV-CS016-10UC(DA0498828)  Source-Line:libMvUsb3vTL.so(DeviceControl.cpp-L1185)     Description:Set SI 1 fail, error code:[0x80000301]     Solution:
Error   2024-10-06 20:01:14  DevID:MV-CS016-10UC(DA0498828)  Source-Line:libMvUsb3vTL.so(EventProcess.cpp-L0327)     Description:[Event]Parse Packet failed, Ret[0x80000004]     Solution:
Error   2024-10-06 20:01:14  DevID:MV-CS016-10UC(DA0498828)  Source-Line:libMvUsb3vTL.so(DriverLayer.cpp-L0660)     Description:[usb_control_msg] errcode[-1]     Solution:
Error   2024-10-06 20:01:14  DevID:MV-CS016-10UC(DA0498828)  Source-Line:libMvUsb3vTL.so(DriverLayer.cpp-L0551)     Description:[libusb_clear_halt] errcode[-99], LIBUSB_ERROR_OTHER     Solution:
Error   2024-10-06 20:01:14  DevID:MV-CS016-10UC(DA0498828)  Source-Line:libMvUsb3vTL.so(EventProcess.cpp-L0327)     Description:[Event]Parse Packet failed, Ret[0x80000004]     Solution:
Error   2024-10-06 20:01:14  DevID:MV-CS016-10UC(DA0498828)  Source-Line:libMvUsb3vTL.so(EventProcess.cpp-L0327)     Description:[Event]Parse Packet failed, Ret[0x80000004]     Solution:
Error   2024-10-06 20:01:14  DevID:MV-CS016-10UC(DA0498828)  Source-Line:libMvUsb3vTL.so(EventProcess.cpp-L0327)     Description:[Event]Parse Packet failed, Ret[0x80000004]     Solution:
Error   2024-10-06 20:01:14  DevID:MV-CS016-10UC(DA0498828)  Source-Line:libMvUsb3vTL.so(EventProcess.cpp-L0327)     Description:[Event]Parse Packet failed, Ret[0x80000004]     Solution:
Error   2024-10-06 20:01:14  DevID:MV-CS016-10UC(DA0498828)  Source-Line:libMvUsb3vTL.so(DriverLayer.cpp-L0635)     Description:[usb_bulk_write] errcode[-1], LIBUSB_ERROR_IO     Solution:
Error   2024-10-06 20:01:14  DevID:MV-CS016-10UC(DA0498828)  Source-Line:libMvUsb3vTL.so(DeviceControl.cpp-L0571)     Description:[WriteMemUnit]: nLen[-1] != nSendLen[24]     Solution:
Error   2024-10-06 20:01:14  DevID:MV-CS016-10UC(DA0498828)  Source-Line:libMvUsb3vTL.so(EventProcess.cpp-L0327)     Description:[Event]Parse Packet failed, Ret[0x80000004]     Solution:
Error   2024-10-06 20:01:14  DevID:MV-CS016-10UC(DA0498828)  Source-Line:libMvUsb3vTL.so(DriverLayer.cpp-L0635)     Description:[usb_bulk_write] errcode[-1], LIBUSB_ERROR_IO     Solution:
Error   2024-10-06 20:01:14  DevID:MV-CS016-10UC(DA0498828)  Source-Line:libMvUsb3vTL.so(DeviceControl.cpp-L0571)     Description:[WriteMemUnit]: nLen[-1] != nSendLen[24]     Solution:
Error   2024-10-06 20:01:14  DevID:MV-CS016-10UC(DA0498828)  Source-Line:libMvUsb3vTL.so(DeviceControl.cpp-L1185)     Description:Set SI 1 fail, error code:[0x80000301]     Solution:
Error   2024-10-06 20:01:14  DevID:MV-CS016-10UC(DA0498828)  Source-Line:libMvUsb3vTL.so(EventProcess.cpp-L0327)     Description:[Event]Parse Packet failed, Ret[0x80000004]     Solution:
Error   2024-10-06 20:01:14  DevID:MV-CS016-10UC(DA0498828)  Source-Line:libMvUsb3vTL.so(DriverLayer.cpp-L0660)     Description:[usb_control_msg] errcode[-1]     Solution:
Error   2024-10-06 20:01:14  DevID:MV-CS016-10UC(DA0498828)  Source-Line:libMvUsb3vTL.so(DriverLayer.cpp-L0551)     Description:[libusb_clear_halt] errcode[-99], LIBUSB_ERROR_OTHER     Solution:
Error   2024-10-06 20:01:14  DevID:MV-CS016-10UC(DA0498828)  Source-Line:libMvUsb3vTL.so(EventProcess.cpp-L0327)     Description:[Event]Parse Packet failed, Ret[0x80000004]     Solution:
Error   2024-10-06 20:01:14  DevID:MV-CS016-10UC(DA0498828)  Source-Line:libMvUsb3vTL.so(EventProcess.cpp-L0327)     Description:[Event]Parse Packet failed, Ret[0x80000004]     Solution:
Error   2024-10-06 20:01:14  DevID:MV-CS016-10UC(DA0498828)  Source-Line:libMvUsb3vTL.so(DriverLayer.cpp-L0635)     Description:[usb_bulk_write] errcode[-1], LIBUSB_ERROR_IO     Solution:
Error   2024-10-06 20:01:14  DevID:MV-CS016-10UC(DA0498828)  Source-Line:libMvUsb3vTL.so(DeviceControl.cpp-L0571)     Description:[WriteMemUnit]: nLen[-1] != nSendLen[24]     Solution:
Error   2024-10-06 20:01:14  DevID:MV-CS016-10UC(DA0498828)  Source-Line:libMvUsb3vTL.so(EventProcess.cpp-L0327)     Description:[Event]Parse Packet failed, Ret[0x80000004]     Solution:
Error   2024-10-06 20:01:14  DevID:MV-CS016-10UC(DA0498828)  Source-Line:libMvUsb3vTL.so(DriverLayer.cpp-L0635)     Description:[usb_bulk_write] errcode[-1], LIBUSB_ERROR_IO     Solution:
Error   2024-10-06 20:01:14  DevID:MV-CS016-10UC(DA0498828)  Source-Line:libMvUsb3vTL.so(DeviceControl.cpp-L0571)     Description:[WriteMemUnit]: nLen[-1] != nSendLen[24]     Solution:
Error   2024-10-06 20:01:14  DevID:MV-CS016-10UC(DA0498828)  Source-Line:libMvUsb3vTL.so(DeviceControl.cpp-L1185)     Description:Set SI 1 fail, error code:[0x80000301]     Solution:
Error   2024-10-06 20:01:14  DevID:MV-CS016-10UC(DA0498828)  Source-Line:libMvUsb3vTL.so(EventProcess.cpp-L0327)     Description:[Event]Parse Packet failed, Ret[0x80000004]     Solution:
Error   2024-10-06 20:01:14  DevID:MV-CS016-10UC(DA0498828)  Source-Line:libMvUsb3vTL.so(EventProcess.cpp-L0327)     Description:[Event]Parse Packet failed, Ret[0x80000004]     Solution:
Error   2024-10-06 20:01:14  DevID:MV-CS016-10UC(DA0498828)  Source-Line:libMvUsb3vTL.so(DriverLayer.cpp-L0660)     Description:[usb_control_msg] errcode[-1]     Solution:
Error   2024-10-06 20:01:14  DevID:MV-CS016-10UC(DA0498828)  Source-Line:libMvUsb3vTL.so(DriverLayer.cpp-L0551)     Description:[libusb_clear_halt] errcode[-99], LIBUSB_ERROR_OTHER     Solution:
Error   2024-10-06 20:01:14  DevID:MV-CS016-10UC(DA0498828)  Source-Line:libMvUsb3vTL.so(EventProcess.cpp-L0327)     Description:[Event]Parse Packet failed, Ret[0x80000004]     Solution:
Error   2024-10-06 20:01:14  DevID:MV-CS016-10UC(DA0498828)  Source-Line:libMvUsb3vTL.so(EventProcess.cpp-L0327)     Description:[Event]Parse Packet failed, Ret[0x80000004]     Solution:
Error   2024-10-06 20:01:14  DevID:MV-CS016-10UC(DA0498828)  Source-Line:libMvUsb3vTL.so(DriverLayer.cpp-L0635)     Description:[usb_bulk_write] errcode[-1], LIBUSB_ERROR_IO     Solution:
Error   2024-10-06 20:01:14  DevID:MV-CS016-10UC(DA0498828)  Source-Line:libMvUsb3vTL.so(DeviceControl.cpp-L0571)     Description:[WriteMemUnit]: nLen[-1] != nSendLen[24]     Solution:
Error   2024-10-06 20:01:14  DevID:MV-CS016-10UC(DA0498828)  Source-Line:libMvUsb3vTL.so(EventProcess.cpp-L0327)     Description:[Event]Parse Packet failed, Ret[0x80000004]     Solution:
Error   2024-10-06 20:01:14  DevID:MV-CS016-10UC(DA0498828)  Source-Line:libMvUsb3vTL.so(DriverLayer.cpp-L0635)     Description:[usb_bulk_write] errcode[-1], LIBUSB_ERROR_IO     Solution:
Error   2024-10-06 20:01:14  DevID:MV-CS016-10UC(DA0498828)  Source-Line:libMvUsb3vTL.so(DeviceControl.cpp-L0571)     Description:[WriteMemUnit]: nLen[-1] != nSendLen[24]     Solution:
Error   2024-10-06 20:01:14  DevID:MV-CS016-10UC(DA0498828)  Source-Line:libMvUsb3vTL.so(DeviceControl.cpp-L1185)     Description:Set SI 1 fail, error code:[0x80000301]     Solution:
Error   2024-10-06 20:01:14  DevID:MV-CS016-10UC(DA0498828)  Source-Line:libMvUsb3vTL.so(EventProcess.cpp-L0327)     Description:[Event]Parse Packet failed, Ret[0x80000004]     Solution:
Error   2024-10-06 20:01:14  DevID:MV-CS016-10UC(DA0498828)  Source-Line:libMvUsb3vTL.so(EventProcess.cpp-L0327)     Description:[Event]Parse Packet failed, Ret[0x80000004]     Solution:
Error   2024-10-06 20:01:14  DevID:MV-CS016-10UC(DA0498828)  Source-Line:libMvUsb3vTL.so(DriverLayer.cpp-L0660)     Description:[usb_control_msg] errcode[-1]     Solution:
Error   2024-10-06 20:01:14  DevID:MV-CS016-10UC(DA0498828)  Source-Line:libMvUsb3vTL.so(DriverLayer.cpp-L0551)     Description:[libusb_clear_halt] errcode[-99], LIBUSB_ERROR_OTHER     Solution:
Error   2024-10-06 20:01:14  DevID:MV-CS016-10UC(DA0498828)  Source-Line:libMvUsb3vTL.so(EventProcess.cpp-L0327)     Description:[Event]Parse Packet failed, Ret[0x80000004]     Solution:
Error   2024-10-06 20:01:14  DevID:MV-CS016-10UC(DA0498828)  Source-Line:libMvUsb3vTL.so(EventProcess.cpp-L0327)     Description:[Event]Parse Packet failed, Ret[0x80000004]     Solution:
Error   2024-10-06 20:01:14  DevID:MV-CS016-10UC(DA0498828)  Source-Line:libMvUsb3vTL.so(DriverLayer.cpp-L0635)     Description:[usb_bulk_write] errcode[-1], LIBUSB_ERROR_IO     Solution:
Error   2024-10-06 20:01:14  DevID:MV-CS016-10UC(DA0498828)  Source-Line:libMvUsb3vTL.so(DeviceControl.cpp-L0571)     Description:[WriteMemUnit]: nLen[-1] != nSendLen[24]     Solution:
Error   2024-10-06 20:01:14  DevID:MV-CS016-10UC(DA0498828)  Source-Line:libMvUsb3vTL.so(EventProcess.cpp-L0327)     Description:[Event]Parse Packet failed, Ret[0x80000004]     Solution:
Error   2024-10-06 20:01:14  DevID:MV-CS016-10UC(DA0498828)  Source-Line:libMvUsb3vTL.so(DriverLayer.cpp-L0635)     Description:[usb_bulk_write] errcode[-1], LIBUSB_ERROR_IO     Solution:
Error   2024-10-06 20:01:14  DevID:MV-CS016-10UC(DA0498828)  Source-Line:libMvUsb3vTL.so(DeviceControl.cpp-L0571)     Description:[WriteMemUnit]: nLen[-1] != nSendLen[24]     Solution:
Error   2024-10-06 20:01:14  DevID:MV-CS016-10UC(DA0498828)  Source-Line:libMvUsb3vTL.so(DeviceControl.cpp-L1185)     Description:Set SI 1 fail, error code:[0x80000301]     Solution:
Error   2024-10-06 20:01:14  DevID:MV-CS016-10UC(DA0498828)  Source-Line:libMvUsb3vTL.so(EventProcess.cpp-L0327)     Description:[Event]Parse Packet failed, Ret[0x80000004]     Solution:
Error   2024-10-06 20:01:14  DevID:MV-CS016-10UC(DA0498828)  Source-Line:libMvUsb3vTL.so(EventProcess.cpp-L0327)     Description:[Event]Parse Packet failed, Ret[0x80000004]     Solution:
Error   2024-10-06 20:01:14  DevID:MV-CS016-10UC(DA0498828)  Source-Line:libMvUsb3vTL.so(DriverLayer.cpp-L0660)     Description:[usb_control_msg] errcode[-1]     Solution:
Error   2024-10-06 20:01:14  DevID:MV-CS016-10UC(DA0498828)  Source-Line:libMvUsb3vTL.so(DriverLayer.cpp-L0551)     Description:[libusb_clear_halt] errcode[-99], LIBUSB_ERROR_OTHER     Solution:
Error   2024-10-06 20:01:14  DevID:MV-CS016-10UC(DA0498828)  Source-Line:libMvUsb3vTL.so(EventProcess.cpp-L0327)     Description:[Event]Parse Packet failed, Ret[0x80000004]     Solution:
Error   2024-10-06 20:01:14  DevID:MV-CS016-10UC(DA0498828)  Source-Line:libMvUsb3vTL.so(EventProcess.cpp-L0327)     Description:[Event]Parse Packet failed, Ret[0x80000004]     Solution:
Error   2024-10-06 20:01:14  DevID:MV-CS016-10UC(DA0498828)  Source-Line:libMvUsb3vTL.so(DriverLayer.cpp-L0635)     Description:[usb_bulk_write] errcode[-1], LIBUSB_ERROR_IO     Solution:
Error   2024-10-06 20:01:14  DevID:MV-CS016-10UC(DA0498828)  Source-Line:libMvUsb3vTL.so(EventProcess.cpp-L0327)     Description:[Event]Parse Packet failed, Ret[0x80000004]     Solution:
Error   2024-10-06 20:01:14  DevID:MV-CS016-10UC(DA0498828)  Source-Line:libMvUsb3vTL.so(DriverLayer.cpp-L0635)     Description:[usb_bulk_write] errcode[-1], LIBUSB_ERROR_IO     Solution:
Error   2024-10-06 20:01:14  DevID:MV-CS016-10UC(DA0498828)  Source-Line:libMvUsb3vTL.so(DeviceControl.cpp-L0571)     Description:[WriteMemUnit]: nLen[-1] != nSendLen[24]     Solution:
Error   2024-10-06 20:01:14  DevID:MV-CS016-10UC(DA0498828)  Source-Line:libMvUsb3vTL.so(EventProcess.cpp-L0327)     Description:[Event]Parse Packet failed, Ret[0x80000004]     Solution:
Error   2024-10-06 20:01:14  DevID:MV-CS016-10UC(DA0498828)  Source-Line:libMvUsb3vTL.so(DriverLayer.cpp-L0635)     Description:[usb_bulk_write] errcode[-1], LIBUSB_ERROR_IO     Solution:
Error   2024-10-06 20:01:14  DevID:MV-CS016-10UC(DA0498828)  Source-Line:libMvUsb3vTL.so(DeviceControl.cpp-L0571)     Description:[WriteMemUnit]: nLen[-1] != nSendLen[24]     Solution:
Error   2024-10-06 20:01:14  DevID:MV-CS016-10UC(DA0498828)  Source-Line:libMvUsb3vTL.so(DeviceControl.cpp-L1185)     Description:Set SI 1 fail, error code:[0x80000301]     Solution:
Error   2024-10-06 20:01:14  DevID:MV-CS016-10UC(DA0498828)  Source-Line:libMvUsb3vTL.so(EventProcess.cpp-L0327)     Description:[Event]Parse Packet failed, Ret[0x80000004]     Solution:
Error   2024-10-06 20:01:14  DevID:MV-CS016-10UC(DA0498828)  Source-Line:libMvUsb3vTL.so(EventProcess.cpp-L0327)     Description:[Event]Parse Packet failed, Ret[0x80000004]     Solution:
Error   2024-10-06 20:01:14  DevID:MV-CS016-10UC(DA0498828)  Source-Line:libMvUsb3vTL.so(DriverLayer.cpp-L0660)     Description:[usb_control_msg] errcode[-1]     Solution:
Error   2024-10-06 20:01:14  DevID:MV-CS016-10UC(DA0498828)  Source-Line:libMvUsb3vTL.so(DriverLayer.cpp-L0551)     Description:[libusb_clear_halt] errcode[-99], LIBUSB_ERROR_OTHER     Solution:
Error   2024-10-06 20:01:14  DevID:MV-CS016-10UC(DA0498828)  Source-Line:libMvUsb3vTL.so(EventProcess.cpp-L0327)     Description:[Event]Parse Packet failed, Ret[0x80000004]     Solution:
Error   2024-10-06 20:01:14  DevID:MV-CS016-10UC(DA0498828)  Source-Line:libMvUsb3vTL.so(EventProcess.cpp-L0327)     Description:[Event]Parse Packet failed, Ret[0x80000004]     Solution:
Error   2024-10-06 20:01:14  DevID:MV-CS016-10UC(DA0498828)  Source-Line:libMvUsb3vTL.so(DriverLayer.cpp-L0635)     Description:[usb_bulk_write] errcode[-1], LIBUSB_ERROR_IO     Solution:
Error   2024-10-06 20:01:14  DevID:MV-CS016-10UC(DA0498828)  Source-Line:libMvUsb3vTL.so(DeviceControl.cpp-L0571)     Description:[WriteMemUnit]: nLen[-1] != nSendLen[24]     Solution:
Error   2024-10-06 20:01:14  DevID:MV-CS016-10UC(DA0498828)  Source-Line:libMvUsb3vTL.so(EventProcess.cpp-L0327)     Description:[Event]Parse Packet failed, Ret[0x80000004]     Solution:
Error   2024-10-06 20:01:14  DevID:MV-CS016-10UC(DA0498828)  Source-Line:libMvUsb3vTL.so(EventProcess.cpp-L0327)     Description:[Event]Parse Packet failed, Ret[0x80000004]     Solution:
Error   2024-10-06 20:01:14  DevID:MV-CS016-10UC(DA0498828)  Source-Line:libMvUsb3vTL.so(DriverLayer.cpp-L0635)     Description:[usb_bulk_write] errcode[-1], LIBUSB_ERROR_IO     Solution:
Error   2024-10-06 20:01:14  DevID:MV-CS016-10UC(DA0498828)  Source-Line:libMvUsb3vTL.so(DeviceControl.cpp-L0571)     Description:[WriteMemUnit]: nLen[-1] != nSendLen[24]     Solution:
Error   2024-10-06 20:01:14  DevID:MV-CS016-10UC(DA0498828)  Source-Line:libMvUsb3vTL.so(DeviceControl.cpp-L1185)     Description:Set SI 1 fail, error code:[0x80000301]     Solution:
Error   2024-10-06 20:01:14  DevID:MV-CS016-10UC(DA0498828)  Source-Line:libMvUsb3vTL.so(EventProcess.cpp-L0327)     Description:[Event]Parse Packet failed, Ret[0x80000004]     Solution:
Error   2024-10-06 20:01:14  DevID:MV-CS016-10UC(DA0498828)  Source-Line:libMvUsb3vTL.so(DriverLayer.cpp-L0660)     Description:[usb_control_msg] errcode[-1]     Solution:
Error   2024-10-06 20:01:14  DevID:MV-CS016-10UC(DA0498828)  Source-Line:libMvUsb3vTL.so(DriverLayer.cpp-L0551)     Description:[libusb_clear_halt] errcode[-99], LIBUSB_ERROR_OTHER     Solution:
Error   2024-10-06 20:01:14  DevID:MV-CS016-10UC(DA0498828)  Source-Line:libMvUsb3vTL.so(EventProcess.cpp-L0327)     Description:[Event]Parse Packet failed, Ret[0x80000004]     Solution:
Error   2024-10-06 20:01:14  DevID:MV-CS016-10UC(DA0498828)  Source-Line:libMvUsb3vTL.so(EventProcess.cpp-L0327)     Description:[Event]Parse Packet failed, Ret[0x80000004]     Solution:
Error   2024-10-06 20:01:14  DevID:MV-CS016-10UC(DA0498828)  Source-Line:libMvUsb3vTL.so(EventProcess.cpp-L0327)     Description:[Event]Parse Packet failed, Ret[0x80000004]     Solution:
Error   2024-10-06 20:01:14  DevID:MV-CS016-10UC(DA0498828)  Source-Line:libMvUsb3vTL.so(DriverLayer.cpp-L0635)     Description:[usb_bulk_write] errcode[-1], LIBUSB_ERROR_IO     Solution:
Error   2024-10-06 20:01:14  DevID:MV-CS016-10UC(DA0498828)  Source-Line:libMvUsb3vTL.so(DeviceControl.cpp-L0571)     Description:[WriteMemUnit]: nLen[-1] != nSendLen[24]     Solution:
Error   2024-10-06 20:01:14  DevID:MV-CS016-10UC(DA0498828)  Source-Line:libMvUsb3vTL.so(EventProcess.cpp-L0327)     Description:[Event]Parse Packet failed, Ret[0x80000004]     Solution:
Error   2024-10-06 20:01:14  DevID:MV-CS016-10UC(DA0498828)  Source-Line:libMvUsb3vTL.so(DriverLayer.cpp-L0635)     Description:[usb_bulk_write] errcode[-1], LIBUSB_ERROR_IO     Solution:
Error   2024-10-06 20:01:14  DevID:MV-CS016-10UC(DA0498828)  Source-Line:libMvUsb3vTL.so(DeviceControl.cpp-L0571)     Description:[WriteMemUnit]: nLen[-1] != nSendLen[24]     Solution:
Error   2024-10-06 20:01:14  DevID:MV-CS016-10UC(DA0498828)  Source-Line:libMvUsb3vTL.so(EventProcess.cpp-L0327)     Description:[Event]Parse Packet failed, Ret[0x80000004]     Solution:
Error   2024-10-06 20:01:14  DevID:MV-CS016-10UC(DA0498828)  Source-Line:libMvUsb3vTL.so(EventProcess.cpp-L0327)     Description:[Event]Parse Packet failed, Ret[0x80000004]     Solution:
Error   2024-10-06 20:01:14  DevID:MV-CS016-10UC(DA0498828)  Source-Line:libMvUsb3vTL.so(EventProcess.cpp-L0327)     Description:[Event]Parse Packet failed, Ret[0x80000004]     Solution:
Error   2024-10-06 20:01:14  DevID:MV-CS016-10UC(DA0498828)  Source-Line:libMvUsb3vTL.so(DriverLayer.cpp-L0635)     Description:[usb_bulk_write] errcode[-1], LIBUSB_ERROR_IO     Solution:
Error   2024-10-06 20:01:14  DevID:MV-CS016-10UC(DA0498828)  Source-Line:libMvUsb3vTL.so(DeviceControl.cpp-L0571)     Description:[WriteMemUnit]: nLen[-1] != nSendLen[24]     Solution:
Error   2024-10-06 20:01:14  DevID:MV-CS016-10UC(DA0498828)  Source-Line:libMvUsb3vTL.so(EventProcess.cpp-L0327)     Description:[Event]Parse Packet failed, Ret[0x80000004]     Solution:
Error   2024-10-06 20:01:14  DevID:MV-CS016-10UC(DA0498828)  Source-Line:libMvUsb3vTL.so(DriverLayer.cpp-L0635)     Description:[usb_bulk_write] errcode[-1], LIBUSB_ERROR_IO     Solution:
Error   2024-10-06 20:01:14  DevID:MV-CS016-10UC(DA0498828)  Source-Line:libMvUsb3vTL.so(DeviceControl.cpp-L0571)     Description:[WriteMemUnit]: nLen[-1] != nSendLen[24]     Solution:
Error   2024-10-06 20:01:14  DevID:MV-CS016-10UC(DA0498828)  Source-Line:libMvUsb3vTL.so(DeviceControl.cpp-L1185)     Description:Set SI 1 fail, error code:[0x80000301]     Solution:
Error   2024-10-06 20:01:14  DevID:MV-CS016-10UC(DA0498828)  Source-Line:libMvUsb3vTL.so(EventProcess.cpp-L0327)     Description:[Event]Parse Packet failed, Ret[0x80000004]     Solution:
Error   2024-10-06 20:01:14  DevID:MV-CS016-10UC(DA0498828)  Source-Line:libMvUsb3vTL.so(DriverLayer.cpp-L0660)     Description:[usb_control_msg] errcode[-1]     Solution:
Error   2024-10-06 20:01:14  DevID:MV-CS016-10UC(DA0498828)  Source-Line:libMvUsb3vTL.so(DriverLayer.cpp-L0551)     Description:[libusb_clear_halt] errcode[-99], LIBUSB_ERROR_OTHER     Solution:
Error   2024-10-06 20:01:14  DevID:MV-CS016-10UC(DA0498828)  Source-Line:libMvUsb3vTL.so(EventProcess.cpp-L0327)     Description:[Event]Parse Packet failed, Ret[0x80000004]     Solution:
Error   2024-10-06 20:01:14  DevID:MV-CS016-10UC(DA0498828)  Source-Line:libMvUsb3vTL.so(EventProcess.cpp-L0327)     Description:[Event]Parse Packet failed, Ret[0x80000004]     Solution:
Error   2024-10-06 20:01:14  DevID:MV-CS016-10UC(DA0498828)  Source-Line:libMvUsb3vTL.so(EventProcess.cpp-L0327)     Description:[Event]Parse Packet failed, Ret[0x80000004]     Solution:
Error   2024-10-06 20:01:14  DevID:MV-CS016-10UC(DA0498828)  Source-Line:libMvUsb3vTL.so(DriverLayer.cpp-L0635)     Description:[usb_bulk_write] errcode[-1], LIBUSB_ERROR_IO     Solution:
Error   2024-10-06 20:01:14  DevID:MV-CS016-10UC(DA0498828)  Source-Line:libMvUsb3vTL.so(DeviceControl.cpp-L0571)     Description:[WriteMemUnit]: nLen[-1] != nSendLen[24]     Solution:
Error   2024-10-06 20:01:14  DevID:MV-CS016-10UC(DA0498828)  Source-Line:libMvUsb3vTL.so(EventProcess.cpp-L0327)     Description:[Event]Parse Packet failed, Ret[0x80000004]     Solution:
Error   2024-10-06 20:01:14  DevID:MV-CS016-10UC(DA0498828)  Source-Line:libMvUsb3vTL.so(DriverLayer.cpp-L0635)     Description:[usb_bulk_write] errcode[-1], LIBUSB_ERROR_IO     Solution:
Error   2024-10-06 20:01:14  DevID:MV-CS016-10UC(DA0498828)  Source-Line:libMvUsb3vTL.so(DeviceControl.cpp-L0571)     Description:[WriteMemUnit]: nLen[-1] != nSendLen[24]     Solution:
Error   2024-10-06 20:01:14  DevID:MV-CS016-10UC(DA0498828)  Source-Line:libMvUsb3vTL.so(DeviceControl.cpp-L1185)     Description:Set SI 1 fail, error code:[0x80000301]     Solution:
Error   2024-10-06 20:01:14  DevID:MV-CS016-10UC(DA0498828)  Source-Line:libMvUsb3vTL.so(EventProcess.cpp-L0327)     Description:[Event]Parse Packet failed, Ret[0x80000004]     Solution:
Error   2024-10-06 20:01:14  DevID:MV-CS016-10UC(DA0498828)  Source-Line:libMvUsb3vTL.so(EventProcess.cpp-L0327)     Description:[Event]Parse Packet failed, Ret[0x80000004]     Solution:
Error   2024-10-06 20:01:14  DevID:MV-CS016-10UC(DA0498828)  Source-Line:libMvUsb3vTL.so(DriverLayer.cpp-L0660)     Description:[usb_control_msg] errcode[-1]     Solution:
Error   2024-10-06 20:01:14  DevID:MV-CS016-10UC(DA0498828)  Source-Line:libMvUsb3vTL.so(DriverLayer.cpp-L0551)     Description:[libusb_clear_halt] errcode[-99], LIBUSB_ERROR_OTHER     Solution:
Error   2024-10-06 20:01:14  DevID:MV-CS016-10UC(DA0498828)  Source-Line:libMvUsb3vTL.so(EventProcess.cpp-L0327)     Description:[Event]Parse Packet failed, Ret[0x80000004]     Solution:
Error   2024-10-06 20:01:14  DevID:MV-CS016-10UC(DA0498828)  Source-Line:libMvUsb3vTL.so(EventProcess.cpp-L0327)     Description:[Event]Parse Packet failed, Ret[0x80000004]     Solution:
Error   2024-10-06 20:01:14  DevID:MV-CS016-10UC(DA0498828)  Source-Line:libMvUsb3vTL.so(DriverLayer.cpp-L0635)     Description:[usb_bulk_write] errcode[-1], LIBUSB_ERROR_IO     Solution:
Error   2024-10-06 20:01:14  DevID:MV-CS016-10UC(DA0498828)  Source-Line:libMvUsb3vTL.so(DeviceControl.cpp-L0571)     Description:[WriteMemUnit]: nLen[-1] != nSendLen[24]     Solution:
Error   2024-10-06 20:01:14  DevID:MV-CS016-10UC(DA0498828)  Source-Line:libMvUsb3vTL.so(EventProcess.cpp-L0327)     Description:[Event]Parse Packet failed, Ret[0x80000004]     Solution:
Error   2024-10-06 20:01:14  DevID:MV-CS016-10UC(DA0498828)  Source-Line:libMvUsb3vTL.so(DriverLayer.cpp-L0635)     Description:[usb_bulk_write] errcode[-1], LIBUSB_ERROR_IO     Solution:
Error   2024-10-06 20:01:14  DevID:MV-CS016-10UC(DA0498828)  Source-Line:libMvUsb3vTL.so(DeviceControl.cpp-L0571)     Description:[WriteMemUnit]: nLen[-1] != nSendLen[24]     Solution:
Error   2024-10-06 20:01:14  DevID:MV-CS016-10UC(DA0498828)  Source-Line:libMvUsb3vTL.so(EventProcess.cpp-L0327)     Description:[Event]Parse Packet failed, Ret[0x80000004]     Solution:
Error   2024-10-06 20:01:14  DevID:MV-CS016-10UC(DA0498828)  Source-Line:libMvUsb3vTL.so(DriverLayer.cpp-L0635)     Description:[usb_bulk_write] errcode[-1], LIBUSB_ERROR_IO     Solution:
Error   2024-10-06 20:01:14  DevID:MV-CS016-10UC(DA0498828)  Source-Line:libMvUsb3vTL.so(DeviceControl.cpp-L0571)     Description:[WriteMemUnit]: nLen[-1] != nSendLen[24]     Solution:
Error   2024-10-06 20:01:14  DevID:MV-CS016-10UC(DA0498828)  Source-Line:libMvUsb3vTL.so(DeviceControl.cpp-L1185)     Description:Set SI 1 fail, error code:[0x80000301]     Solution:
Error   2024-10-06 20:01:14  DevID:MV-CS016-10UC(DA0498828)  Source-Line:libMvUsb3vTL.so(EventProcess.cpp-L0327)     Description:[Event]Parse Packet failed, Ret[0x80000004]     Solution:
Error   2024-10-06 20:01:14  DevID:MV-CS016-10UC(DA0498828)  Source-Line:libMvUsb3vTL.so(DriverLayer.cpp-L0660)     Description:[usb_control_msg] errcode[-1]     Solution:
Error   2024-10-06 20:01:14  DevID:MV-CS016-10UC(DA0498828)  Source-Line:libMvUsb3vTL.so(DriverLayer.cpp-L0551)     Description:[libusb_clear_halt] errcode[-99], LIBUSB_ERROR_OTHER     Solution:
Error   2024-10-06 20:01:14  DevID:MV-CS016-10UC(DA0498828)  Source-Line:libMvUsb3vTL.so(EventProcess.cpp-L0327)     Description:[Event]Parse Packet failed, Ret[0x80000004]     Solution:
Error   2024-10-06 20:01:14  DevID:MV-CS016-10UC(DA0498828)  Source-Line:libMvUsb3vTL.so(EventProcess.cpp-L0327)     Description:[Event]Parse Packet failed, Ret[0x80000004]     Solution:
Error   2024-10-06 20:01:14  DevID:MV-CS016-10UC(DA0498828)  Source-Line:libMvUsb3vTL.so(DriverLayer.cpp-L0635)     Description:[usb_bulk_write] errcode[-1], LIBUSB_ERROR_IO     Solution:
Error   2024-10-06 20:01:14  DevID:MV-CS016-10UC(DA0498828)  Source-Line:libMvUsb3vTL.so(DeviceControl.cpp-L0571)     Description:[WriteMemUnit]: nLen[-1] != nSendLen[24]     Solution:
Error   2024-10-06 20:01:14  DevID:MV-CS016-10UC(DA0498828)  Source-Line:libMvUsb3vTL.so(EventProcess.cpp-L0327)     Description:[Event]Parse Packet failed, Ret[0x80000004]     Solution:
Error   2024-10-06 20:01:14  DevID:MV-CS016-10UC(DA0498828)  Source-Line:libMvUsb3vTL.so(DriverLayer.cpp-L0635)     Description:[usb_bulk_write] errcode[-1], LIBUSB_ERROR_IO     Solution:
Error   2024-10-06 20:01:14  DevID:MV-CS016-10UC(DA0498828)  Source-Line:libMvUsb3vTL.so(DeviceControl.cpp-L0571)     Description:[WriteMemUnit]: nLen[-1] != nSendLen[24]     Solution:
Error   2024-10-06 20:01:14  DevID:MV-CS016-10UC(DA0498828)  Source-Line:libMvUsb3vTL.so(DeviceControl.cpp-L1185)     Description:Set SI 1 fail, error code:[0x80000301]     Solution:
Error   2024-10-06 20:01:14  DevID:MV-CS016-10UC(DA0498828)  Source-Line:libMvUsb3vTL.so(EventProcess.cpp-L0327)     Description:[Event]Parse Packet failed, Ret[0x80000004]     Solution:
Error   2024-10-06 20:01:14  DevID:MV-CS016-10UC(DA0498828)  Source-Line:libMvUsb3vTL.so(EventProcess.cpp-L0327)     Description:[Event]Parse Packet failed, Ret[0x80000004]     Solution:
Error   2024-10-06 20:01:14  DevID:MV-CS016-10UC(DA0498828)  Source-Line:libMvUsb3vTL.so(DriverLayer.cpp-L0660)     Description:[usb_control_msg] errcode[-1]     Solution:
Error   2024-10-06 20:01:14  DevID:MV-CS016-10UC(DA0498828)  Source-Line:libMvUsb3vTL.so(DriverLayer.cpp-L0551)     Description:[libusb_clear_halt] errcode[-99], LIBUSB_ERROR_OTHER     Solution:
Error   2024-10-06 20:01:14  DevID:MV-CS016-10UC(DA0498828)  Source-Line:libMvUsb3vTL.so(EventProcess.cpp-L0327)     Description:[Event]Parse Packet failed, Ret[0x80000004]     Solution:
Error   2024-10-06 20:01:14  DevID:MV-CS016-10UC(DA0498828)  Source-Line:libMvUsb3vTL.so(EventProcess.cpp-L0327)     Description:[Event]Parse Packet failed, Ret[0x80000004]     Solution:
Error   2024-10-06 20:01:14  DevID:MV-CS016-10UC(DA0498828)  Source-Line:libMvUsb3vTL.so(DriverLayer.cpp-L0635)     Description:[usb_bulk_write] errcode[-1], LIBUSB_ERROR_IO     Solution:
Error   2024-10-06 20:01:14  DevID:MV-CS016-10UC(DA0498828)  Source-Line:libMvUsb3vTL.so(DeviceControl.cpp-L0571)     Description:[WriteMemUnit]: nLen[-1] != nSendLen[24]     Solution:
Error   2024-10-06 20:01:14  DevID:MV-CS016-10UC(DA0498828)  Source-Line:libMvUsb3vTL.so(EventProcess.cpp-L0327)     Description:[Event]Parse Packet failed, Ret[0x80000004]     Solution:
Error   2024-10-06 20:01:14  DevID:MV-CS016-10UC(DA0498828)  Source-Line:libMvUsb3vTL.so(DriverLayer.cpp-L0635)     Description:[usb_bulk_write] errcode[-1], LIBUSB_ERROR_IO     Solution:
Error   2024-10-06 20:01:14  DevID:MV-CS016-10UC(DA0498828)  Source-Line:libMvUsb3vTL.so(DeviceControl.cpp-L0571)     Description:[WriteMemUnit]: nLen[-1] != nSendLen[24]     Solution:
Error   2024-10-06 20:01:14  DevID:MV-CS016-10UC(DA0498828)  Source-Line:libMvUsb3vTL.so(DeviceControl.cpp-L1185)     Description:Set SI 1 fail, error code:[0x80000301]     Solution:
Error   2024-10-06 20:01:14  DevID:MV-CS016-10UC(DA0498828)  Source-Line:libMvUsb3vTL.so(EventProcess.cpp-L0327)     Description:[Event]Parse Packet failed, Ret[0x80000004]     Solution:
Error   2024-10-06 20:01:14  DevID:MV-CS016-10UC(DA0498828)  Source-Line:libMvUsb3vTL.so(DriverLayer.cpp-L0660)     Description:[usb_control_msg] errcode[-1]     Solution:
Error   2024-10-06 20:01:14  DevID:MV-CS016-10UC(DA0498828)  Source-Line:libMvUsb3vTL.so(DriverLayer.cpp-L0551)     Description:[libusb_clear_halt] errcode[-99], LIBUSB_ERROR_OTHER     Solution:
Error   2024-10-06 20:01:14  DevID:MV-CS016-10UC(DA0498828)  Source-Line:libMvUsb3vTL.so(EventProcess.cpp-L0327)     Description:[Event]Parse Packet failed, Ret[0x80000004]     Solution:
Error   2024-10-06 20:01:14  DevID:MV-CS016-10UC(DA0498828)  Source-Line:libMvUsb3vTL.so(EventProcess.cpp-L0327)     Description:[Event]Parse Packet failed, Ret[0x80000004]     Solution:
Error   2024-10-06 20:01:14  DevID:MV-CS016-10UC(DA0498828)  Source-Line:libMvUsb3vTL.so(EventProcess.cpp-L0327)     Description:[Event]Parse Packet failed, Ret[0x80000004]     Solution:
Error   2024-10-06 20:01:14  DevID:MV-CS016-10UC(DA0498828)  Source-Line:libMvUsb3vTL.so(EventProcess.cpp-L0327)     Description:[Event]Parse Packet failed, Ret[0x80000004]     Solution:
Error   2024-10-06 20:01:14  DevID:MV-CS016-10UC(DA0498828)  Source-Line:libMvUsb3vTL.so(EventProcess.cpp-L0327)     Description:[Event]Parse Packet failed, Ret[0x80000004]     Solution:
Error   2024-10-06 20:01:14  DevID:MV-CS016-10UC(DA0498828)  Source-Line:libMvUsb3vTL.so(EventProcess.cpp-L0327)     Description:[Event]Parse Packet failed, Ret[0x80000004]     Solution:
Error   2024-10-06 20:01:14  DevID:MV-CS016-10UC(DA0498828)  Source-Line:libMvUsb3vTL.so(EventProcess.cpp-L0327)     Description:[Event]Parse Packet failed, Ret[0x80000004]     Solution:
Error   2024-10-06 20:01:14  DevID:MV-CS016-10UC(DA0498828)  Source-Line:libMvUsb3vTL.so(EventProcess.cpp-L0327)     Description:[Event]Parse Packet failed, Ret[0x80000004]     Solution:
Error   2024-10-06 20:01:14  DevID:MV-CS016-10UC(DA0498828)  Source-Line:libMvUsb3vTL.so(EventProcess.cpp-L0327)     Description:[Event]Parse Packet failed, Ret[0x80000004]     Solution:
Error   2024-10-06 20:01:14  DevID:MV-CS016-10UC(DA0498828)  Source-Line:libMvUsb3vTL.so(EventProcess.cpp-L0327)     Description:[Event]Parse Packet failed, Ret[0x80000004]     Solution:
Error   2024-10-06 20:01:14  DevID:MV-CS016-10UC(DA0498828)  Source-Line:libMvUsb3vTL.so(EventProcess.cpp-L0327)     Description:[Event]Parse Packet failed, Ret[0x80000004]     Solution:
Error   2024-10-06 20:01:14  DevID:MV-CS016-10UC(DA0498828)  Source-Line:libMvUsb3vTL.so(EventProcess.cpp-L0327)     Description:[Event]Parse Packet failed, Ret[0x80000004]     Solution:
Error   2024-10-06 20:01:14  DevID:MV-CS016-10UC(DA0498828)  Source-Line:libMvUsb3vTL.so(EventProcess.cpp-L0327)     Description:[Event]Parse Packet failed, Ret[0x80000004]     Solution:
Error   2024-10-06 20:01:14  DevID:MV-CS016-10UC(DA0498828)  Source-Line:libMvUsb3vTL.so(EventProcess.cpp-L0327)     Description:[Event]Parse Packet failed, Ret[0x80000004]     Solution:
Error   2024-10-06 20:01:14  DevID:MV-CS016-10UC(DA0498828)  Source-Line:libMvUsb3vTL.so(EventProcess.cpp-L0327)     Description:[Event]Parse Packet failed, Ret[0x80000004]     Solution:
Error   2024-10-06 20:01:14  DevID:MV-CS016-10UC(DA0498828)  Source-Line:libMvUsb3vTL.so(EventProcess.cpp-L0327)     Description:[Event]Parse Packet failed, Ret[0x80000004]     Solution:
Error   2024-10-06 20:01:14  DevID:MV-CS016-10UC(DA0498828)  Source-Line:libMvUsb3vTL.so(EventProcess.cpp-L0327)     Description:[Event]Parse Packet failed, Ret[0x80000004]     Solution:
Error   2024-10-06 20:01:14  DevID:MV-CS016-10UC(DA0498828)  Source-Line:libMvUsb3vTL.so(EventProcess.cpp-L0327)     Description:[Event]Parse Packet failed, Ret[0x80000004]     Solution:
Error   2024-10-06 20:01:14  DevID:MV-CS016-10UC(DA0498828)  Source-Line:libMvUsb3vTL.so(EventProcess.cpp-L0327)     Description:[Event]Parse Packet failed, Ret[0x80000004]     Solution:
Error   2024-10-06 20:01:14  DevID:MV-CS016-10UC(DA0498828)  Source-Line:libMvUsb3vTL.so(DriverLayer.cpp-L0551)     Description:[libusb_clear_halt] errcode[-99], LIBUSB_ERROR_OTHER     Solution:
Error   2024-10-06 20:01:14  DevID:MV-CS016-10UC(DA0498828)  Source-Line:libMvUsb3vTL.so(EventProcess.cpp-L0327)     Description:[Event]Parse Packet failed, Ret[0x80000004]     Solution:
Error   2024-10-06 20:01:14  DevID:MV-CS016-10UC(DA0498828)  Source-Line:libMvUsb3vTL.so(EventProcess.cpp-L0327)     Description:[Event]Parse Packet failed, Ret[0x80000004]     Solution:
Error   2024-10-06 20:01:14  DevID:MV-CS016-10UC(DA0498828)  Source-Line:libMvUsb3vTL.so(EventProcess.cpp-L0327)     Description:[Event]Parse Packet failed, Ret[0x80000004]     Solution:
Error   2024-10-06 20:01:14  DevID:MV-CS016-10UC(DA0498828)  Source-Line:libMvUsb3vTL.so(DriverLayer.cpp-L0635)     Description:[usb_bulk_write] errcode[-1], LIBUSB_ERROR_IO     Solution:
Error   2024-10-06 20:01:14  DevID:MV-CS016-10UC(DA0498828)  Source-Line:libMvUsb3vTL.so(DeviceControl.cpp-L0571)     Description:[WriteMemUnit]: nLen[-1] != nSendLen[24]     Solution:
Error   2024-10-06 20:01:14  DevID:MV-CS016-10UC(DA0498828)  Source-Line:libMvUsb3vTL.so(EventProcess.cpp-L0327)     Description:[Event]Parse Packet failed, Ret[0x80000004]     Solution:
Error   2024-10-06 20:01:14  DevID:MV-CS016-10UC(DA0498828)  Source-Line:libMvUsb3vTL.so(DriverLayer.cpp-L0635)     Description:[usb_bulk_write] errcode[-1], LIBUSB_ERROR_IO     Solution:
Error   2024-10-06 20:01:14  DevID:MV-CS016-10UC(DA0498828)  Source-Line:libMvUsb3vTL.so(DeviceControl.cpp-L0571)     Description:[WriteMemUnit]: nLen[-1] != nSendLen[24]     Solution:
Error   2024-10-06 20:01:14  DevID:MV-CS016-10UC(DA0498828)  Source-Line:libMvUsb3vTL.so(DeviceControl.cpp-L1185)     Description:Set SI 1 fail, error code:[0x80000301]     Solution:
Error   2024-10-06 20:01:14  DevID:MV-CS016-10UC(DA0498828)  Source-Line:libMvUsb3vTL.so(EventProcess.cpp-L0327)     Description:[Event]Parse Packet failed, Ret[0x80000004]     Solution:
Error   2024-10-06 20:01:14  DevID:MV-CS016-10UC(DA0498828)  Source-Line:libMvUsb3vTL.so(DriverLayer.cpp-L0660)     Description:[usb_control_msg] errcode[-1]     Solution:
Error   2024-10-06 20:01:14  DevID:MV-CS016-10UC(DA0498828)  Source-Line:libMvUsb3vTL.so(DriverLayer.cpp-L0551)     Description:[libusb_clear_halt] errcode[-99], LIBUSB_ERROR_OTHER     Solution:
Error   2024-10-06 20:01:14  DevID:MV-CS016-10UC(DA0498828)  Source-Line:libMvUsb3vTL.so(EventProcess.cpp-L0327)     Description:[Event]Parse Packet failed, Ret[0x80000004]     Solution:
Error   2024-10-06 20:01:14  DevID:MV-CS016-10UC(DA0498828)  Source-Line:libMvUsb3vTL.so(EventProcess.cpp-L0327)     Description:[Event]Parse Packet failed, Ret[0x80000004]     Solution:
Error   2024-10-06 20:01:14  DevID:MV-CS016-10UC(DA0498828)  Source-Line:libMvUsb3vTL.so(EventProcess.cpp-L0327)     Description:[Event]Parse Packet failed, Ret[0x80000004]     Solution:
Error   2024-10-06 20:01:14  DevID:MV-CS016-10UC(DA0498828)  Source-Line:libMvUsb3vTL.so(DriverLayer.cpp-L0660)     Description:[usb_control_msg] errcode[-1]     Solution:
Error   2024-10-06 20:01:14  DevID:MV-CS016-10UC(DA0498828)  Source-Line:libMvUsb3vTL.so(DriverLayer.cpp-L0551)     Description:[libusb_clear_halt] errcode[-99], LIBUSB_ERROR_OTHER     Solution:
Error   2024-10-06 20:01:14  DevID:MV-CS016-10UC(DA0498828)  Source-Line:libMvUsb3vTL.so(EventProcess.cpp-L0327)     Description:[Event]Parse Packet failed, Ret[0x80000004]     Solution:
Error   2024-10-06 20:01:14  DevID:MV-CS016-10UC(DA0498828)  Source-Line:libMvUsb3vTL.so(EventProcess.cpp-L0327)     Description:[Event]Parse Packet failed, Ret[0x80000004]     Solution:
Error   2024-10-06 20:01:14  DevID:MV-CS016-10UC(DA0498828)  Source-Line:libMvUsb3vTL.so(EventProcess.cpp-L0327)     Description:[Event]Parse Packet failed, Ret[0x80000004]     Solution:
Error   2024-10-06 20:01:14  DevID:MV-CS016-10UC(DA0498828)  Source-Line:libMvUsb3vTL.so(DriverLayer.cpp-L0635)     Description:[usb_bulk_write] errcode[-1], LIBUSB_ERROR_IO     Solution:
Error   2024-10-06 20:01:14  DevID:MV-CS016-10UC(DA0498828)  Source-Line:libMvUsb3vTL.so(DeviceControl.cpp-L0571)     Description:[WriteMemUnit]: nLen[-1] != nSendLen[24]     Solution:
Error   2024-10-06 20:01:14  DevID:MV-CS016-10UC(DA0498828)  Source-Line:libMvUsb3vTL.so(EventProcess.cpp-L0327)     Description:[Event]Parse Packet failed, Ret[0x80000004]     Solution:
Error   2024-10-06 20:01:14  DevID:MV-CS016-10UC(DA0498828)  Source-Line:libMvUsb3vTL.so(DriverLayer.cpp-L0635)     Description:[usb_bulk_write] errcode[-1], LIBUSB_ERROR_IO     Solution:
Error   2024-10-06 20:01:14  DevID:MV-CS016-10UC(DA0498828)  Source-Line:libMvUsb3vTL.so(DeviceControl.cpp-L0571)     Description:[WriteMemUnit]: nLen[-1] != nSendLen[24]     Solution:
Error   2024-10-06 20:01:14  DevID:MV-CS016-10UC(DA0498828)  Source-Line:libMvUsb3vTL.so(DeviceControl.cpp-L1185)     Description:Set SI 1 fail, error code:[0x80000301]     Solution:
Error   2024-10-06 20:01:14  DevID:MV-CS016-10UC(DA0498828)  Source-Line:libMvUsb3vTL.so(EventProcess.cpp-L0327)     Description:[Event]Parse Packet failed, Ret[0x80000004]     Solution:
Error   2024-10-06 20:01:14  DevID:MV-CS016-10UC(DA0498828)  Source-Line:libMvUsb3vTL.so(DriverLayer.cpp-L0660)     Description:[usb_control_msg] errcode[-1]     Solution:
Error   2024-10-06 20:01:14  DevID:MV-CS016-10UC(DA0498828)  Source-Line:libMvUsb3vTL.so(DriverLayer.cpp-L0551)     Description:[libusb_clear_halt] errcode[-99], LIBUSB_ERROR_OTHER     Solution:
Error   2024-10-06 20:01:14  DevID:MV-CS016-10UC(DA0498828)  Source-Line:libMvUsb3vTL.so(EventProcess.cpp-L0327)     Description:[Event]Parse Packet failed, Ret[0x80000004]     Solution:
Error   2024-10-06 20:01:14  DevID:MV-CS016-10UC(DA0498828)  Source-Line:libMvUsb3vTL.so(EventProcess.cpp-L0327)     Description:[Event]Parse Packet failed, Ret[0x80000004]     Solution:
Error   2024-10-06 20:01:14  DevID:MV-CS016-10UC(DA0498828)  Source-Line:libMvUsb3vTL.so(DriverLayer.cpp-L0635)     Description:[usb_bulk_write] errcode[-1], LIBUSB_ERROR_IO     Solution:
Error   2024-10-06 20:01:14  DevID:MV-CS016-10UC(DA0498828)  Source-Line:libMvUsb3vTL.so(DeviceControl.cpp-L0571)     Description:[WriteMemUnit]: nLen[-1] != nSendLen[24]     Solution:
Error   2024-10-06 20:01:14  DevID:MV-CS016-10UC(DA0498828)  Source-Line:libMvUsb3vTL.so(EventProcess.cpp-L0327)     Description:[Event]Parse Packet failed, Ret[0x80000004]     Solution:
Error   2024-10-06 20:01:14  DevID:MV-CS016-10UC(DA0498828)  Source-Line:libMvUsb3vTL.so(DriverLayer.cpp-L0635)     Description:[usb_bulk_write] errcode[-1], LIBUSB_ERROR_IO     Solution:
Error   2024-10-06 20:01:14  DevID:MV-CS016-10UC(DA0498828)  Source-Line:libMvUsb3vTL.so(DeviceControl.cpp-L0571)     Description:[WriteMemUnit]: nLen[-1] != nSendLen[24]     Solution:
Error   2024-10-06 20:01:14  DevID:MV-CS016-10UC(DA0498828)  Source-Line:libMvUsb3vTL.so(DeviceControl.cpp-L1185)     Description:Set SI 1 fail, error code:[0x80000301]     Solution:
Error   2024-10-06 20:01:14  DevID:MV-CS016-10UC(DA0498828)  Source-Line:libMvUsb3vTL.so(EventProcess.cpp-L0327)     Description:[Event]Parse Packet failed, Ret[0x80000004]     Solution:
Error   2024-10-06 20:01:14  DevID:MV-CS016-10UC(DA0498828)  Source-Line:libMvUsb3vTL.so(DriverLayer.cpp-L0660)     Description:[usb_control_msg] errcode[-1]     Solution:
Error   2024-10-06 20:01:14  DevID:MV-CS016-10UC(DA0498828)  Source-Line:libMvUsb3vTL.so(DriverLayer.cpp-L0551)     Description:[libusb_clear_halt] errcode[-99], LIBUSB_ERROR_OTHER     Solution:
Error   2024-10-06 20:01:14  DevID:MV-CS016-10UC(DA0498828)  Source-Line:libMvUsb3vTL.so(EventProcess.cpp-L0327)     Description:[Event]Parse Packet failed, Ret[0x80000004]     Solution:
Error   2024-10-06 20:01:14  DevID:MV-CS016-10UC(DA0498828)  Source-Line:libMvUsb3vTL.so(EventProcess.cpp-L0327)     Description:[Event]Parse Packet failed, Ret[0x80000004]     Solution:
Error   2024-10-06 20:01:14  DevID:MV-CS016-10UC(DA0498828)  Source-Line:libMvUsb3vTL.so(DriverLayer.cpp-L0635)     Description:[usb_bulk_write] errcode[-1], LIBUSB_ERROR_IO     Solution:
Error   2024-10-06 20:01:14  DevID:MV-CS016-10UC(DA0498828)  Source-Line:libMvUsb3vTL.so(DeviceControl.cpp-L0571)     Description:[WriteMemUnit]: nLen[-1] != nSendLen[24]     Solution:
Error   2024-10-06 20:01:14  DevID:MV-CS016-10UC(DA0498828)  Source-Line:libMvUsb3vTL.so(DriverLayer.cpp-L0635)     Description:[usb_bulk_write] errcode[-1], LIBUSB_ERROR_IO     Solution:
Error   2024-10-06 20:01:14  DevID:MV-CS016-10UC(DA0498828)  Source-Line:libMvUsb3vTL.so(EventProcess.cpp-L0327)     Description:[Event]Parse Packet failed, Ret[0x80000004]     Solution:
Error   2024-10-06 20:01:14  DevID:MV-CS016-10UC(DA0498828)  Source-Line:libMvUsb3vTL.so(EventProcess.cpp-L0334)     Description:[Event]Submit Async failed, Ret[0x80000006]     Solution:
Info    2024-10-06 20:01:14  DevID:MV-CS016-10UC(DA0498828)  Source-Line:libMvUsb3vTL.so(EventProcess.cpp-L0282)     Description:U3V EventRecvThread End     Solution:
Error   2024-10-06 20:01:14  DevID:MV-CS016-10UC(DA0498828)  Source-Line:libMvUsb3vTL.so(DeviceControl.cpp-L0571)     Description:[WriteMemUnit]: nLen[-1] != nSendLen[24]     Solution:
Error   2024-10-06 20:01:14  DevID:MV-CS016-10UC(DA0498828)  Source-Line:libMvUsb3vTL.so(DriverLayer.cpp-L0635)     Description:[usb_bulk_write] errcode[-4], LIBUSB_ERROR_NO_DEVICE     Solution:
Error   2024-10-06 20:01:14  DevID:MV-CS016-10UC(DA0498828)  Source-Line:libMvUsb3vTL.so(DeviceControl.cpp-L0571)     Description:[WriteMemUnit]: nLen[-4] != nSendLen[24]     Solution:
Error   2024-10-06 20:01:14  DevID:MV-CS016-10UC(DA0498828)  Source-Line:libMvUsb3vTL.so(DeviceControl.cpp-L1185)     Description:Set SI 1 fail, error code:[0x80000301]     Solution:
Error   2024-10-06 20:01:14  DevID:MV-CS016-10UC(DA0498828)  Source-Line:libMvUsb3vTL.so(DriverLayer.cpp-L0660)     Description:[usb_control_msg] errcode[-4]     Solution:
Error   2024-10-06 20:01:14  DevID:MV-CS016-10UC(DA0498828)  Source-Line:libMvUsb3vTL.so(DriverLayer.cpp-L0551)     Description:[libusb_clear_halt] errcode[-4], LIBUSB_ERROR_NO_DEVICE     Solution:
Error   2024-10-06 20:01:14  DevID:MV-CS016-10UC(DA0498828)  Source-Line:libMvUsb3vTL.so(DriverLayer.cpp-L0635)     Description:[usb_bulk_write] errcode[-4], LIBUSB_ERROR_NO_DEVICE     Solution:
Error   2024-10-06 20:01:14  DevID:MV-CS016-10UC(DA0498828)  Source-Line:libMvUsb3vTL.so(DeviceControl.cpp-L0571)     Description:[WriteMemUnit]: nLen[-4] != nSendLen[24]     Solution:
Error   2024-10-06 20:01:14  DevID:MV-CS016-10UC(DA0498828)  Source-Line:libMvUsb3vTL.so(DriverLayer.cpp-L0635)     Description:[usb_bulk_write] errcode[-4], LIBUSB_ERROR_NO_DEVICE     Solution:
Error   2024-10-06 20:01:14  DevID:MV-CS016-10UC(DA0498828)  Source-Line:libMvUsb3vTL.so(DeviceControl.cpp-L0571)     Description:[WriteMemUnit]: nLen[-4] != nSendLen[24]     Solution:
Error   2024-10-06 20:01:14  DevID:MV-CS016-10UC(DA0498828)  Source-Line:libMvUsb3vTL.so(DeviceControl.cpp-L1185)     Description:Set SI 1 fail, error code:[0x80000301]     Solution:
Error   2024-10-06 20:01:14  DevID:MV-CS016-10UC(DA0498828)  Source-Line:libMvUsb3vTL.so(DriverLayer.cpp-L0660)     Description:[usb_control_msg] errcode[-4]     Solution:
Error   2024-10-06 20:01:14  DevID:MV-CS016-10UC(DA0498828)  Source-Line:libMvUsb3vTL.so(DriverLayer.cpp-L0551)     Description:[libusb_clear_halt] errcode[-4], LIBUSB_ERROR_NO_DEVICE     Solution:
Error   2024-10-06 20:01:14  DevID:MV-CS016-10UC(DA0498828)  Source-Line:libMvUsb3vTL.so(DriverLayer.cpp-L0635)     Description:[usb_bulk_write] errcode[-4], LIBUSB_ERROR_NO_DEVICE     Solution:
Error   2024-10-06 20:01:14  DevID:MV-CS016-10UC(DA0498828)  Source-Line:libMvUsb3vTL.so(DeviceControl.cpp-L0571)     Description:[WriteMemUnit]: nLen[-4] != nSendLen[24]     Solution:
Error   2024-10-06 20:01:14  DevID:MV-CS016-10UC(DA0498828)  Source-Line:libMvUsb3vTL.so(DriverLayer.cpp-L0635)     Description:[usb_bulk_write] errcode[-4], LIBUSB_ERROR_NO_DEVICE     Solution:
Error   2024-10-06 20:01:14  DevID:MV-CS016-10UC(DA0498828)  Source-Line:libMvUsb3vTL.so(DeviceControl.cpp-L0571)     Description:[WriteMemUnit]: nLen[-4] != nSendLen[24]     Solution:
Error   2024-10-06 20:01:14  DevID:MV-CS016-10UC(DA0498828)  Source-Line:libMvUsb3vTL.so(DeviceControl.cpp-L1185)     Description:Set SI 1 fail, error code:[0x80000301]     Solution:
Error   2024-10-06 20:01:14  DevID:MV-CS016-10UC(DA0498828)  Source-Line:libMvUsb3vTL.so(DriverLayer.cpp-L0660)     Description:[usb_control_msg] errcode[-4]     Solution:
Error   2024-10-06 20:01:14  DevID:MV-CS016-10UC(DA0498828)  Source-Line:libMvUsb3vTL.so(DriverLayer.cpp-L0551)     Description:[libusb_clear_halt] errcode[-4], LIBUSB_ERROR_NO_DEVICE     Solution:
Error   2024-10-06 20:01:14  DevID:MV-CS016-10UC(DA0498828)  Source-Line:libMvUsb3vTL.so(DriverLayer.cpp-L0635)     Description:[usb_bulk_write] errcode[-4], LIBUSB_ERROR_NO_DEVICE     Solution:
Error   2024-10-06 20:01:14  DevID:MV-CS016-10UC(DA0498828)  Source-Line:libMvUsb3vTL.so(DeviceControl.cpp-L0571)     Description:[WriteMemUnit]: nLen[-4] != nSendLen[24]     Solution:
Error   2024-10-06 20:01:14  DevID:MV-CS016-10UC(DA0498828)  Source-Line:libMvUsb3vTL.so(DriverLayer.cpp-L0635)     Description:[usb_bulk_write] errcode[-4], LIBUSB_ERROR_NO_DEVICE     Solution:
Error   2024-10-06 20:01:14  DevID:MV-CS016-10UC(DA0498828)  Source-Line:libMvUsb3vTL.so(DeviceControl.cpp-L0571)     Description:[WriteMemUnit]: nLen[-4] != nSendLen[24]     Solution:
Error   2024-10-06 20:01:14  DevID:MV-CS016-10UC(DA0498828)  Source-Line:libMvUsb3vTL.so(DeviceControl.cpp-L1185)     Description:Set SI 1 fail, error code:[0x80000301]     Solution:
Error   2024-10-06 20:01:14  DevID:MV-CS016-10UC(DA0498828)  Source-Line:libMvUsb3vTL.so(DriverLayer.cpp-L0660)     Description:[usb_control_msg] errcode[-4]     Solution:
Error   2024-10-06 20:01:14  DevID:MV-CS016-10UC(DA0498828)  Source-Line:libMvUsb3vTL.so(StreamProcess.cpp-L1643)     Description:faied submit1,times 100, nRet[-4], errno[19]     Solution:
Error   2024-10-06 20:01:14  DevID:MV-CS016-10UC(DA0498828)  Source-Line:libMvUsb3vTL.so(StreamProcess.cpp-L1601)     Description:[SubmitAllReadAsync] error code is:[0x80000006]     Solution:
Error   2024-10-06 20:01:14  DevID:MV-CS016-10UC(DA0498828)  Source-Line:libMvUsb3vTL.so(DriverLayer.cpp-L0635)     Description:[usb_bulk_write] errcode[-4], LIBUSB_ERROR_NO_DEVICE     Solution:
Error   2024-10-06 20:01:14  DevID:MV-CS016-10UC(DA0498828)  Source-Line:libMvUsb3vTL.so(DeviceControl.cpp-L0391)     Description:ReadMemUnit error:Len[-4] != SendLen[28]     Solution:
Error   2024-10-06 20:01:14  DevID:MV-CS016-10UC(DA0498828)  Source-Line:libMvUsb3vTL.so(DriverLayer.cpp-L0635)     Description:[usb_bulk_write] errcode[-4], LIBUSB_ERROR_NO_DEVICE     Solution:
Error   2024-10-06 20:01:14  DevID:MV-CS016-10UC(DA0498828)  Source-Line:libMvUsb3vTL.so(DeviceControl.cpp-L0391)     Description:ReadMemUnit error:Len[-4] != SendLen[28]     Solution:
Error   2024-10-06 20:01:15  DevID:MV-CS016-10UC(DA0498828)  Source-Line:libMvUsb3vTL.so(DriverLayer.cpp-L0742)     Description:timesOut, num_iso_packets: ff     Solution:
Error   2024-10-06 20:01:16  DevID:MV-CS016-10UC(DA0498828)  Source-Line:libMvUsb3vTL.so(DriverLayer.cpp-L0742)     Description:timesOut, num_iso_packets: ff     Solution:
Error   2024-10-06 20:01:17  DevID:MV-CS016-10UC(DA0498828)  Source-Line:libMvUsb3vTL.so(DriverLayer.cpp-L0742)     Description:timesOut, num_iso_packets: ff     Solution:
Error   2024-10-06 20:01:18  DevID:MV-CS016-10UC(DA0498828)  Source-Line:libMvUsb3vTL.so(DriverLayer.cpp-L0742)     Description:timesOut, num_iso_packets: ff     Solution:
Error   2024-10-06 20:01:19  DevID:MV-CS016-10UC(DA0498828)  Source-Line:libMvUsb3vTL.so(DriverLayer.cpp-L0742)     Description:timesOut, num_iso_packets: ff     Solution:
Error   2024-10-06 20:01:20  DevID:MV-CS016-10UC(DA0498828)  Source-Line:libMvUsb3vTL.so(DriverLayer.cpp-L0742)     Description:timesOut, num_iso_packets: ff     Solution:
Error   2024-10-06 20:01:21  DevID:MV-CS016-10UC(DA0498828)  Source-Line:libMvUsb3vTL.so(DriverLayer.cpp-L0742)     Description:timesOut, num_iso_packets: ff     Solution:
Error   2024-10-06 20:01:22  DevID:MV-CS016-10UC(DA0498828)  Source-Line:libMvUsb3vTL.so(DriverLayer.cpp-L0742)     Description:timesOut, num_iso_packets: ff     Solution:
Error   2024-10-06 20:01:23  DevID:MV-CS016-10UC(DA0498828)  Source-Line:libMvUsb3vTL.so(DriverLayer.cpp-L0742)     Description:timesOut, num_iso_packets: ff     Solution:
Error   2024-10-06 20:01:24  DevID:MV-CS016-10UC(DA0498828)  Source-Line:libMvUsb3vTL.so(DriverLayer.cpp-L0742)     Description:timesOut, num_iso_packets: ff     Solution:
Error   2024-10-06 20:01:25  DevID:MV-CS016-10UC(DA0498828)  Source-Line:libMvUsb3vTL.so(DriverLayer.cpp-L0742)     Description:timesOut, num_iso_packets: ff     Solution:
Error   2024-10-06 20:01:26  DevID:MV-CS016-10UC(DA0498828)  Source-Line:libMvUsb3vTL.so(DriverLayer.cpp-L0742)     Description:timesOut, num_iso_packets: ff     Solution:
Error   2024-10-06 20:01:27  DevID:MV-CS016-10UC(DA0498828)  Source-Line:libMvUsb3vTL.so(DriverLayer.cpp-L0742)     Description:timesOut, num_iso_packets: ff     Solution:
Error   2024-10-06 20:01:28  DevID:MV-CS016-10UC(DA0498828)  Source-Line:libMvUsb3vTL.so(DriverLayer.cpp-L0742)     Description:timesOut, num_iso_packets: ff     Solution:
Error   2024-10-06 20:01:29  DevID:MV-CS016-10UC(DA0498828)  Source-Line:libMvUsb3vTL.so(DriverLayer.cpp-L0742)     Description:timesOut, num_iso_packets: ff     Solution:
Error   2024-10-06 20:01:30  DevID:MV-CS016-10UC(DA0498828)  Source-Line:libMvUsb3vTL.so(DriverLayer.cpp-L0742)     Description:timesOut, num_iso_packets: ff     Solution:
Error   2024-10-06 20:01:31  DevID:MV-CS016-10UC(DA0498828)  Source-Line:libMvUsb3vTL.so(DriverLayer.cpp-L0742)     Description:timesOut, num_iso_packets: ff     Solution:
Error   2024-10-06 20:01:32  DevID:MV-CS016-10UC(DA0498828)  Source-Line:libMvUsb3vTL.so(DriverLayer.cpp-L0742)     Description:timesOut, num_iso_packets: ff     Solution:
Error   2024-10-06 20:01:33  DevID:MV-CS016-10UC(DA0498828)  Source-Line:libMvUsb3vTL.so(DriverLayer.cpp-L0742)     Description:timesOut, num_iso_packets: ff     Solution:
Error   2024-10-06 20:01:34  DevID:MV-CS016-10UC(DA0498828)  Source-Line:libMvUsb3vTL.so(DriverLayer.cpp-L0742)     Description:timesOut, num_iso_packets: ff     Solution:
Error   2024-10-06 20:01:35  DevID:MV-CS016-10UC(DA0498828)  Source-Line:libMvUsb3vTL.so(DriverLayer.cpp-L0742)     Description:timesOut, num_iso_packets: ff     Solution:
Error   2024-10-06 20:01:36  DevID:MV-CS016-10UC(DA0498828)  Source-Line:libMvUsb3vTL.so(DriverLayer.cpp-L0742)     Description:timesOut, num_iso_packets: ff     Solution:
Error   2024-10-06 20:01:37  DevID:MV-CS016-10UC(DA0498828)  Source-Line:libMvUsb3vTL.so(DriverLayer.cpp-L0742)     Description:timesOut, num_iso_packets: ff     Solution:
Error   2024-10-06 20:01:38  DevID:MV-CS016-10UC(DA0498828)  Source-Line:libMvUsb3vTL.so(DriverLayer.cpp-L0742)     Description:timesOut, num_iso_packets: ff     Solution:
Error   2024-10-06 20:01:39  DevID:MV-CS016-10UC(DA0498828)  Source-Line:libMvUsb3vTL.so(DriverLayer.cpp-L0742)     Description:timesOut, num_iso_packets: ff     Solution:
Error   2024-10-06 20:01:40  DevID:MV-CS016-10UC(DA0498828)  Source-Line:libMvUsb3vTL.so(DriverLayer.cpp-L0742)     Description:timesOut, num_iso_packets: ff     Solution:
Error   2024-10-06 20:01:41  DevID:MV-CS016-10UC(DA0498828)  Source-Line:libMvUsb3vTL.so(DriverLayer.cpp-L0742)     Description:timesOut, num_iso_packets: ff     Solution:
Error   2024-10-06 20:01:42  DevID:MV-CS016-10UC(DA0498828)  Source-Line:libMvUsb3vTL.so(DriverLayer.cpp-L0742)     Description:timesOut, num_iso_packets: ff     Solution:
Error   2024-10-06 20:01:43  DevID:MV-CS016-10UC(DA0498828)  Source-Line:libMvUsb3vTL.so(DriverLayer.cpp-L0742)     Description:timesOut, num_iso_packets: ff     Solution:
Error   2024-10-06 20:01:44  DevID:MV-CS016-10UC(DA0498828)  Source-Line:libMvUsb3vTL.so(DriverLayer.cpp-L0742)     Description:timesOut, num_iso_packets: ff     Solution:
Error   2024-10-06 20:01:45  DevID:MV-CS016-10UC(DA0498828)  Source-Line:libMvUsb3vTL.so(DriverLayer.cpp-L0742)     Description:timesOut, num_iso_packets: ff     Solution:
Error   2024-10-06 20:01:46  DevID:MV-CS016-10UC(DA0498828)  Source-Line:libMvUsb3vTL.so(DriverLayer.cpp-L0742)     Description:timesOut, num_iso_packets: ff     Solution:
Error   2024-10-06 20:01:47  DevID:MV-CS016-10UC(DA0498828)  Source-Line:libMvUsb3vTL.so(DriverLayer.cpp-L0742)     Description:timesOut, num_iso_packets: ff     Solution:
Error   2024-10-06 20:01:48  DevID:MV-CS016-10UC(DA0498828)  Source-Line:libMvUsb3vTL.so(DriverLayer.cpp-L0742)     Description:timesOut, num_iso_packets: ff     Solution:
Error   2024-10-06 20:01:49  DevID:MV-CS016-10UC(DA0498828)  Source-Line:libMvUsb3vTL.so(DriverLayer.cpp-L0742)     Description:timesOut, num_iso_packets: ff     Solution:
Error   2024-10-06 20:01:50  DevID:MV-CS016-10UC(DA0498828)  Source-Line:libMvUsb3vTL.so(DriverLayer.cpp-L0742)     Description:timesOut, num_iso_packets: ff     Solution:
Error   2024-10-06 20:01:51  DevID:MV-CS016-10UC(DA0498828)  Source-Line:libMvUsb3vTL.so(DriverLayer.cpp-L0742)     Description:timesOut, num_iso_packets: ff     Solution:
Error   2024-10-06 20:01:52  DevID:MV-CS016-10UC(DA0498828)  Source-Line:libMvUsb3vTL.so(DriverLayer.cpp-L0742)     Description:timesOut, num_iso_packets: ff     Solution:
Error   2024-10-06 20:01:53  DevID:MV-CS016-10UC(DA0498828)  Source-Line:libMvUsb3vTL.so(DriverLayer.cpp-L0742)     Description:timesOut, num_iso_packets: ff     Solution:
Error   2024-10-06 20:01:54  DevID:MV-CS016-10UC(DA0498828)  Source-Line:libMvUsb3vTL.so(DriverLayer.cpp-L0742)     Description:timesOut, num_iso_packets: ff     Solution:
Error   2024-10-06 20:01:55  DevID:MV-CS016-10UC(DA0498828)  Source-Line:libMvUsb3vTL.so(DriverLayer.cpp-L0742)     Description:timesOut, num_iso_packets: ff     Solution:
Error   2024-10-06 20:01:56  DevID:MV-CS016-10UC(DA0498828)  Source-Line:libMvUsb3vTL.so(DriverLayer.cpp-L0742)     Description:timesOut, num_iso_packets: ff     Solution:
Error   2024-10-06 20:01:57  DevID:MV-CS016-10UC(DA0498828)  Source-Line:libMvUsb3vTL.so(DriverLayer.cpp-L0742)     Description:timesOut, num_iso_packets: ff     Solution:
Error   2024-10-06 20:01:58  DevID:MV-CS016-10UC(DA0498828)  Source-Line:libMvUsb3vTL.so(DriverLayer.cpp-L0742)     Description:timesOut, num_iso_packets: ff     Solution:
Error   2024-10-06 20:01:59  DevID:MV-CS016-10UC(DA0498828)  Source-Line:libMvUsb3vTL.so(DriverLayer.cpp-L0742)     Description:timesOut, num_iso_packets: ff     Solution:
Error   2024-10-06 20:02:00  DevID:MV-CS016-10UC(DA0498828)  Source-Line:libMvUsb3vTL.so(DriverLayer.cpp-L0742)     Description:timesOut, num_iso_packets: ff     Solution:
Error   2024-10-06 20:02:01  DevID:MV-CS016-10UC(DA0498828)  Source-Line:libMvUsb3vTL.so(DriverLayer.cpp-L0742)     Description:timesOut, num_iso_packets: ff     Solution:
Error   2024-10-06 20:02:02  DevID:MV-CS016-10UC(DA0498828)  Source-Line:libMvUsb3vTL.so(DriverLayer.cpp-L0742)     Description:timesOut, num_iso_packets: ff     Solution:
Error   2024-10-06 20:02:03  DevID:MV-CS016-10UC(DA0498828)  Source-Line:libMvUsb3vTL.so(DriverLayer.cpp-L0742)     Description:timesOut, num_iso_packets: ff     Solution:
Error   2024-10-06 20:02:04  DevID:MV-CS016-10UC(DA0498828)  Source-Line:libMvUsb3vTL.so(DriverLayer.cpp-L0742)     Description:timesOut, num_iso_packets: ff     Solution:
Error   2024-10-06 20:02:05  DevID:MV-CS016-10UC(DA0498828)  Source-Line:libMvUsb3vTL.so(DriverLayer.cpp-L0742)     Description:timesOut, num_iso_packets: ff     Solution:
Error   2024-10-06 20:02:06  DevID:MV-CS016-10UC(DA0498828)  Source-Line:libMvUsb3vTL.so(DriverLayer.cpp-L0742)     Description:timesOut, num_iso_packets: ff     Solution:
Error   2024-10-06 20:02:07  DevID:MV-CS016-10UC(DA0498828)  Source-Line:libMvUsb3vTL.so(DriverLayer.cpp-L0742)     Description:timesOut, num_iso_packets: ff     Solution:
Error   2024-10-06 20:02:08  DevID:MV-CS016-10UC(DA0498828)  Source-Line:libMvUsb3vTL.so(DriverLayer.cpp-L0742)     Description:timesOut, num_iso_packets: ff     Solution:
Error   2024-10-06 20:02:09  DevID:MV-CS016-10UC(DA0498828)  Source-Line:libMvUsb3vTL.so(DriverLayer.cpp-L0742)     Description:timesOut, num_iso_packets: ff     Solution:
Error   2024-10-06 20:02:10  DevID:MV-CS016-10UC(DA0498828)  Source-Line:libMvUsb3vTL.so(DriverLayer.cpp-L0742)     Description:timesOut, num_iso_packets: ff     Solution:
Error   2024-10-06 20:02:11  DevID:MV-CS016-10UC(DA0498828)  Source-Line:libMvUsb3vTL.so(DriverLayer.cpp-L0742)     Description:timesOut, num_iso_packets: ff     Solution:
Error   2024-10-06 20:02:12  DevID:MV-CS016-10UC(DA0498828)  Source-Line:libMvUsb3vTL.so(DriverLayer.cpp-L0742)     Description:timesOut, num_iso_packets: ff     Solution:
Error   2024-10-06 20:02:13  DevID:MV-CS016-10UC(DA0498828)  Source-Line:libMvUsb3vTL.so(DriverLayer.cpp-L0742)     Description:timesOut, num_iso_packets: ff     Solution:
Error   2024-10-06 20:02:14  DevID:MV-CS016-10UC(DA0498828)  Source-Line:libMvUsb3vTL.so(DriverLayer.cpp-L0742)     Description:timesOut, num_iso_packets: ff     Solution:
Error   2024-10-06 20:02:15  DevID:MV-CS016-10UC(DA0498828)  Source-Line:libMvUsb3vTL.so(DriverLayer.cpp-L0742)     Description:timesOut, num_iso_packets: ff     Solution:
Error   2024-10-06 20:02:16  DevID:MV-CS016-10UC(DA0498828)  Source-Line:libMvUsb3vTL.so(DriverLayer.cpp-L0742)     Description:timesOut, num_iso_packets: ff     Solution:
Error   2024-10-06 20:02:17  DevID:MV-CS016-10UC(DA0498828)  Source-Line:libMvUsb3vTL.so(DriverLayer.cpp-L0742)     Description:timesOut, num_iso_packets: ff     Solution:
Error   2024-10-06 20:02:18  DevID:MV-CS016-10UC(DA0498828)  Source-Line:libMvUsb3vTL.so(DriverLayer.cpp-L0742)     Description:timesOut, num_iso_packets: ff     Solution:
Error   2024-10-06 20:02:19  DevID:MV-CS016-10UC(DA0498828)  Source-Line:libMvUsb3vTL.so(DriverLayer.cpp-L0742)     Description:timesOut, num_iso_packets: ff     Solution:
Error   2024-10-06 20:02:20  DevID:MV-CS016-10UC(DA0498828)  Source-Line:libMvUsb3vTL.so(DriverLayer.cpp-L0742)     Description:timesOut, num_iso_packets: ff     Solution:
Error   2024-10-06 20:02:21  DevID:MV-CS016-10UC(DA0498828)  Source-Line:libMvUsb3vTL.so(DriverLayer.cpp-L0742)     Description:timesOut, num_iso_packets: ff     Solution:
Error   2024-10-06 20:02:22  DevID:MV-CS016-10UC(DA0498828)  Source-Line:libMvUsb3vTL.so(DriverLayer.cpp-L0742)     Description:timesOut, num_iso_packets: ff     Solution:
Error   2024-10-06 20:02:23  DevID:MV-CS016-10UC(DA0498828)  Source-Line:libMvUsb3vTL.so(DriverLayer.cpp-L0742)     Description:timesOut, num_iso_packets: ff     Solution:
Error   2024-10-06 20:02:24  DevID:MV-CS016-10UC(DA0498828)  Source-Line:libMvUsb3vTL.so(DriverLayer.cpp-L0742)     Description:timesOut, num_iso_packets: ff     Solution:
Error   2024-10-06 20:02:25  DevID:MV-CS016-10UC(DA0498828)  Source-Line:libMvUsb3vTL.so(DriverLayer.cpp-L0742)     Description:timesOut, num_iso_packets: ff     Solution:
Error   2024-10-06 20:02:26  DevID:MV-CS016-10UC(DA0498828)  Source-Line:libMvUsb3vTL.so(DriverLayer.cpp-L0742)     Description:timesOut, num_iso_packets: ff     Solution:
Error   2024-10-06 20:02:27  DevID:MV-CS016-10UC(DA0498828)  Source-Line:libMvUsb3vTL.so(DriverLayer.cpp-L0742)     Description:timesOut, num_iso_packets: ff     Solution:
Error   2024-10-06 20:02:28  DevID:MV-CS016-10UC(DA0498828)  Source-Line:libMvUsb3vTL.so(DriverLayer.cpp-L0742)     Description:timesOut, num_iso_packets: ff     Solution:
Error   2024-10-06 20:02:29  DevID:MV-CS016-10UC(DA0498828)  Source-Line:libMvUsb3vTL.so(DriverLayer.cpp-L0742)     Description:timesOut, num_iso_packets: ff     Solution:
Error   2024-10-06 20:02:30  DevID:MV-CS016-10UC(DA0498828)  Source-Line:libMvUsb3vTL.so(DriverLayer.cpp-L0742)     Description:timesOut, num_iso_packets: ff     Solution:
Error   2024-10-06 20:02:31  DevID:MV-CS016-10UC(DA0498828)  Source-Line:libMvUsb3vTL.so(DriverLayer.cpp-L0742)     Description:timesOut, num_iso_packets: ff     Solution:
Error   2024-10-06 20:02:32  DevID:MV-CS016-10UC(DA0498828)  Source-Line:libMvUsb3vTL.so(DriverLayer.cpp-L0742)     Description:timesOut, num_iso_packets: ff     Solution:
Error   2024-10-06 20:02:33  DevID:MV-CS016-10UC(DA0498828)  Source-Line:libMvUsb3vTL.so(DriverLayer.cpp-L0742)     Description:timesOut, num_iso_packets: ff     Solution:
Error   2024-10-06 20:02:34  DevID:MV-CS016-10UC(DA0498828)  Source-Line:libMvUsb3vTL.so(DriverLayer.cpp-L0742)     Description:timesOut, num_iso_packets: ff     Solution:
Error   2024-10-06 20:02:35  DevID:MV-CS016-10UC(DA0498828)  Source-Line:libMvUsb3vTL.so(DriverLayer.cpp-L0742)     Description:timesOut, num_iso_packets: ff     Solution:
Error   2024-10-06 20:02:36  DevID:MV-CS016-10UC(DA0498828)  Source-Line:libMvUsb3vTL.so(DriverLayer.cpp-L0742)     Description:timesOut, num_iso_packets: ff     Solution:
Error   2024-10-06 20:02:37  DevID:MV-CS016-10UC(DA0498828)  Source-Line:libMvUsb3vTL.so(DriverLayer.cpp-L0742)     Description:timesOut, num_iso_packets: ff     Solution:
Error   2024-10-06 20:02:38  DevID:MV-CS016-10UC(DA0498828)  Source-Line:libMvUsb3vTL.so(DriverLayer.cpp-L0742)     Description:timesOut, num_iso_packets: ff     Solution:
Error   2024-10-06 20:02:39  DevID:MV-CS016-10UC(DA0498828)  Source-Line:libMvUsb3vTL.so(DriverLayer.cpp-L0742)     Description:timesOut, num_iso_packets: ff     Solution:
Error   2024-10-06 20:02:40  DevID:MV-CS016-10UC(DA0498828)  Source-Line:libMvUsb3vTL.so(DriverLayer.cpp-L0742)     Description:timesOut, num_iso_packets: ff     Solution:
Error   2024-10-06 20:02:41  DevID:MV-CS016-10UC(DA0498828)  Source-Line:libMvUsb3vTL.so(DriverLayer.cpp-L0742)     Description:timesOut, num_iso_packets: ff     Solution:
Error   2024-10-06 20:02:42  DevID:MV-CS016-10UC(DA0498828)  Source-Line:libMvUsb3vTL.so(DriverLayer.cpp-L0742)     Description:timesOut, num_iso_packets: ff     Solution:
Error   2024-10-06 20:02:43  DevID:MV-CS016-10UC(DA0498828)  Source-Line:libMvUsb3vTL.so(DriverLayer.cpp-L0742)     Description:timesOut, num_iso_packets: ff     Solution:
Error   2024-10-06 20:02:44  DevID:MV-CS016-10UC(DA0498828)  Source-Line:libMvUsb3vTL.so(DriverLayer.cpp-L0742)     Description:timesOut, num_iso_packets: ff     Solution:
Error   2024-10-06 20:02:45  DevID:MV-CS016-10UC(DA0498828)  Source-Line:libMvUsb3vTL.so(DriverLayer.cpp-L0742)     Description:timesOut, num_iso_packets: ff     Solution:
Error   2024-10-06 20:02:46  DevID:MV-CS016-10UC(DA0498828)  Source-Line:libMvUsb3vTL.so(DriverLayer.cpp-L0742)     Description:timesOut, num_iso_packets: ff     Solution:
Error   2024-10-06 20:02:47  DevID:MV-CS016-10UC(DA0498828)  Source-Line:libMvUsb3vTL.so(DriverLayer.cpp-L0742)     Description:timesOut, num_iso_packets: ff     Solution:
Error   2024-10-06 20:02:48  DevID:MV-CS016-10UC(DA0498828)  Source-Line:libMvUsb3vTL.so(DriverLayer.cpp-L0742)     Description:timesOut, num_iso_packets: ff     Solution:
Error   2024-10-06 20:02:49  DevID:MV-CS016-10UC(DA0498828)  Source-Line:libMvUsb3vTL.so(DriverLayer.cpp-L0742)     Description:timesOut, num_iso_packets: ff     Solution:
Error   2024-10-06 20:02:50  DevID:MV-CS016-10UC(DA0498828)  Source-Line:libMvUsb3vTL.so(DriverLayer.cpp-L0742)     Description:timesOut, num_iso_packets: ff     Solution:
Error   2024-10-06 20:02:51  DevID:MV-CS016-10UC(DA0498828)  Source-Line:libMvUsb3vTL.so(DriverLayer.cpp-L0742)     Description:timesOut, num_iso_packets: ff     Solution:
Error   2024-10-06 20:02:52  DevID:MV-CS016-10UC(DA0498828)  Source-Line:libMvUsb3vTL.so(DriverLayer.cpp-L0742)     Description:timesOut, num_iso_packets: ff     Solution:
Error   2024-10-06 20:02:53  DevID:MV-CS016-10UC(DA0498828)  Source-Line:libMvUsb3vTL.so(DriverLayer.cpp-L0742)     Description:timesOut, num_iso_packets: ff     Solution:
Error   2024-10-06 20:02:54  DevID:MV-CS016-10UC(DA0498828)  Source-Line:libMvUsb3vTL.so(DriverLayer.cpp-L0742)     Description:timesOut, num_iso_packets: ff     Solution:
Error   2024-10-06 20:02:55  DevID:MV-CS016-10UC(DA0498828)  Source-Line:libMvUsb3vTL.so(DriverLayer.cpp-L0742)     Description:timesOut, num_iso_packets: ff     Solution:
Error   2024-10-06 20:02:56  DevID:MV-CS016-10UC(DA0498828)  Source-Line:libMvUsb3vTL.so(DriverLayer.cpp-L0742)     Description:timesOut, num_iso_packets: ff     Solution:
Error   2024-10-06 20:02:57  DevID:MV-CS016-10UC(DA0498828)  Source-Line:libMvUsb3vTL.so(DriverLayer.cpp-L0742)     Description:timesOut, num_iso_packets: ff     Solution:
Error   2024-10-06 20:02:58  DevID:MV-CS016-10UC(DA0498828)  Source-Line:libMvUsb3vTL.so(DriverLayer.cpp-L0742)     Description:timesOut, num_iso_packets: ff     Solution:
Error   2024-10-06 20:02:59  DevID:MV-CS016-10UC(DA0498828)  Source-Line:libMvUsb3vTL.so(DriverLayer.cpp-L0742)     Description:timesOut, num_iso_packets: ff     Solution:
Error   2024-10-06 20:03:00  DevID:MV-CS016-10UC(DA0498828)  Source-Line:libMvUsb3vTL.so(DriverLayer.cpp-L0742)     Description:timesOut, num_iso_packets: ff     Solution:
Error   2024-10-06 20:03:01  DevID:MV-CS016-10UC(DA0498828)  Source-Line:libMvUsb3vTL.so(DriverLayer.cpp-L0742)     Description:timesOut, num_iso_packets: ff     Solution:
Error   2024-10-06 20:03:02  DevID:MV-CS016-10UC(DA0498828)  Source-Line:libMvUsb3vTL.so(DriverLayer.cpp-L0742)     Description:timesOut, num_iso_packets: ff     Solution:
Error   2024-10-06 20:03:03  DevID:MV-CS016-10UC(DA0498828)  Source-Line:libMvUsb3vTL.so(DriverLayer.cpp-L0742)     Description:timesOut, num_iso_packets: ff     Solution:
Error   2024-10-06 20:03:04  DevID:MV-CS016-10UC(DA0498828)  Source-Line:libMvUsb3vTL.so(DriverLayer.cpp-L0742)     Description:timesOut, num_iso_packets: ff     Solution:
Error   2024-10-06 20:03:05  DevID:MV-CS016-10UC(DA0498828)  Source-Line:libMvUsb3vTL.so(DriverLayer.cpp-L0742)     Description:timesOut, num_iso_packets: ff     Solution:
Error   2024-10-06 20:03:06  DevID:MV-CS016-10UC(DA0498828)  Source-Line:libMvUsb3vTL.so(DriverLayer.cpp-L0742)     Description:timesOut, num_iso_packets: ff     Solution:
Error   2024-10-06 20:03:07  DevID:MV-CS016-10UC(DA0498828)  Source-Line:libMvUsb3vTL.so(DriverLayer.cpp-L0742)     Description:timesOut, num_iso_packets: ff     Solution:
Error   2024-10-06 20:03:08  DevID:MV-CS016-10UC(DA0498828)  Source-Line:libMvUsb3vTL.so(DriverLayer.cpp-L0742)     Description:timesOut, num_iso_packets: ff     Solution:
Error   2024-10-06 20:03:09  DevID:MV-CS016-10UC(DA0498828)  Source-Line:libMvUsb3vTL.so(DriverLayer.cpp-L0742)     Description:timesOut, num_iso_packets: ff     Solution:
Error   2024-10-06 20:03:10  DevID:MV-CS016-10UC(DA0498828)  Source-Line:libMvUsb3vTL.so(DriverLayer.cpp-L0742)     Description:timesOut, num_iso_packets: ff     Solution:
Error   2024-10-06 20:03:11  DevID:MV-CS016-10UC(DA0498828)  Source-Line:libMvUsb3vTL.so(DriverLayer.cpp-L0742)     Description:timesOut, num_iso_packets: ff     Solution:
Error   2024-10-06 20:03:12  DevID:MV-CS016-10UC(DA0498828)  Source-Line:libMvUsb3vTL.so(DriverLayer.cpp-L0742)     Description:timesOut, num_iso_packets: ff     Solution:
Error   2024-10-06 20:03:13  DevID:MV-CS016-10UC(DA0498828)  Source-Line:libMvUsb3vTL.so(DriverLayer.cpp-L0742)     Description:timesOut, num_iso_packets: ff     Solution:
Error   2024-10-06 20:03:14  DevID:MV-CS016-10UC(DA0498828)  Source-Line:libMvUsb3vTL.so(DriverLayer.cpp-L0742)     Description:timesOut, num_iso_packets: ff     Solution:
Error   2024-10-06 20:03:15  DevID:MV-CS016-10UC(DA0498828)  Source-Line:libMvUsb3vTL.so(DriverLayer.cpp-L0742)     Description:timesOut, num_iso_packets: ff     Solution:
Info    2024-10-06 20:03:23  DevID:MV-CS016-10UC(DA0498828)  Source-Line:libMvUsb3vTL.so(Manager.cpp-L0097)     Description:Current dynamic library path[/home/jqz/Desktop/OpenRM-2024_hik/demo/hik/hikSDK/lib/amd64/libMvUsb3vTL.so]     Solution:
Info    2024-10-06 20:03:23  DevID:MV-CS016-10UC(DA0498828)  Source-Line:libMvUsb3vTL.so(Manager.cpp-L0100)     Description:U3V_Version: 3.2.1.0     Solution:
Info    2024-10-06 20:03:23  DevID:MV-CS016-10UC(DA0498828)  Source-Line:libMvUsb3vTL.so(Manager.cpp-L0101)     Description:U3V_Description: BaseLine Build 20211203     Solution:
Info    2024-10-06 20:03:23  DevID:MV-CS016-10UC(DA0498828)  Source-Line:libMvUsb3vTL.so(DriverLayer.cpp-L0419)     Description:device speed: [0x3]     Solution:
Info    2024-10-06 20:03:24  DevID:MV-CS016-10UC(DA0498828)  Source-Line:libMvUsb3vTL.so(Manager.cpp-L0368)     Description:[IsSupportEvent]     Solution:
Info    2024-10-06 20:03:24  DevID:MV-CS016-10UC(DA0498828)  Source-Line:libMvUsb3vTL.so(EventProcess.cpp-L0280)     Description:U3V EventRecvThread Start     Solution:
Info    2024-10-06 20:03:24  DevID:MV-CS016-10UC(DA0498828)  Source-Line:libMvUsb3vTL.so(EventProcess.cpp-L0706)     Description:U3V EventSendThread Start     Solution:
Info    2024-10-06 20:03:24  DevID:MV-CS016-10UC(DA0498828)  Source-Line:libMvUsb3vTL.so(StreamProcess.cpp-L1003)     Description:U3V RecvThread Start     Solution:
Info    2024-10-06 20:03:24  DevID:MV-CS016-10UC(DA0498828)  Source-Line:libMvUsb3vTL.so(DeviceControl.cpp-L1275)     Description:AcquisitionStart Execute Success     Solution:
Error   2024-10-06 20:03:25  DevID:MV-CS016-10UC(DA0498828)  Source-Line:libMvUsb3vTL.so(DriverLayer.cpp-L0785)     Description:timesOut, num_iso_packets: ff     Solution:
Error   2024-10-06 20:03:26  DevID:MV-CS016-10UC(DA0498828)  Source-Line:libMvUsb3vTL.so(DriverLayer.cpp-L0785)     Description:timesOut, num_iso_packets: ff     Solution:
Error   2024-10-06 20:03:27  DevID:MV-CS016-10UC(DA0498828)  Source-Line:libMvUsb3vTL.so(DriverLayer.cpp-L0785)     Description:timesOut, num_iso_packets: ff     Solution:
Error   2024-10-06 20:03:28  DevID:MV-CS016-10UC(DA0498828)  Source-Line:libMvUsb3vTL.so(DriverLayer.cpp-L0785)     Description:timesOut, num_iso_packets: ff     Solution:
Error   2024-10-06 20:03:29  DevID:MV-CS016-10UC(DA0498828)  Source-Line:libMvUsb3vTL.so(DriverLayer.cpp-L0785)     Description:timesOut, num_iso_packets: ff     Solution:
Error   2024-10-06 20:03:30  DevID:MV-CS016-10UC(DA0498828)  Source-Line:libMvUsb3vTL.so(DriverLayer.cpp-L0785)     Description:timesOut, num_iso_packets: ff     Solution:
Error   2024-10-06 20:03:31  DevID:MV-CS016-10UC(DA0498828)  Source-Line:libMvUsb3vTL.so(DriverLayer.cpp-L0785)     Description:timesOut, num_iso_packets: ff     Solution:
Error   2024-10-06 20:03:32  DevID:MV-CS016-10UC(DA0498828)  Source-Line:libMvUsb3vTL.so(DriverLayer.cpp-L0785)     Description:timesOut, num_iso_packets: ff     Solution:
Error   2024-10-06 20:03:33  DevID:MV-CS016-10UC(DA0498828)  Source-Line:libMvUsb3vTL.so(DriverLayer.cpp-L0785)     Description:timesOut, num_iso_packets: ff     Solution:
Error   2024-10-06 20:03:34  DevID:MV-CS016-10UC(DA0498828)  Source-Line:libMvUsb3vTL.so(DriverLayer.cpp-L0785)     Description:timesOut, num_iso_packets: ff     Solution:
Error   2024-10-06 20:03:35  DevID:MV-CS016-10UC(DA0498828)  Source-Line:libMvUsb3vTL.so(DriverLayer.cpp-L0785)     Description:timesOut, num_iso_packets: ff     Solution:
Error   2024-10-06 20:03:36  DevID:MV-CS016-10UC(DA0498828)  Source-Line:libMvUsb3vTL.so(DriverLayer.cpp-L0785)     Description:timesOut, num_iso_packets: ff     Solution:
Error   2024-10-06 20:03:37  DevID:MV-CS016-10UC(DA0498828)  Source-Line:libMvUsb3vTL.so(DriverLayer.cpp-L0785)     Description:timesOut, num_iso_packets: ff     Solution:
Error   2024-10-06 20:03:38  DevID:MV-CS016-10UC(DA0498828)  Source-Line:libMvUsb3vTL.so(DriverLayer.cpp-L0785)     Description:timesOut, num_iso_packets: ff     Solution:
Error   2024-10-06 20:03:39  DevID:MV-CS016-10UC(DA0498828)  Source-Line:libMvUsb3vTL.so(DriverLayer.cpp-L0785)     Description:timesOut, num_iso_packets: ff     Solution:
Error   2024-10-06 20:03:40  DevID:MV-CS016-10UC(DA0498828)  Source-Line:libMvUsb3vTL.so(DriverLayer.cpp-L0785)     Description:timesOut, num_iso_packets: ff     Solution:
Error   2024-10-06 20:03:41  DevID:MV-CS016-10UC(DA0498828)  Source-Line:libMvUsb3vTL.so(DriverLayer.cpp-L0785)     Description:timesOut, num_iso_packets: ff     Solution:
Error   2024-10-06 20:03:42  DevID:MV-CS016-10UC(DA0498828)  Source-Line:libMvUsb3vTL.so(DriverLayer.cpp-L0785)     Description:timesOut, num_iso_packets: ff     Solution:
Error   2024-10-06 20:03:43  DevID:MV-CS016-10UC(DA0498828)  Source-Line:libMvUsb3vTL.so(DriverLayer.cpp-L0785)     Description:timesOut, num_iso_packets: ff     Solution:
Error   2024-10-06 20:03:44  DevID:MV-CS016-10UC(DA0498828)  Source-Line:libMvUsb3vTL.so(DriverLayer.cpp-L0785)     Description:timesOut, num_iso_packets: ff     Solution:
Error   2024-10-06 20:03:45  DevID:MV-CS016-10UC(DA0498828)  Source-Line:libMvUsb3vTL.so(DriverLayer.cpp-L0785)     Description:timesOut, num_iso_packets: ff     Solution:
Error   2024-10-06 20:03:46  DevID:MV-CS016-10UC(DA0498828)  Source-Line:libMvUsb3vTL.so(DriverLayer.cpp-L0785)     Description:timesOut, num_iso_packets: ff     Solution:
Error   2024-10-06 20:03:47  DevID:MV-CS016-10UC(DA0498828)  Source-Line:libMvUsb3vTL.so(DriverLayer.cpp-L0785)     Description:timesOut, num_iso_packets: ff     Solution:
Error   2024-10-06 20:03:48  DevID:MV-CS016-10UC(DA0498828)  Source-Line:libMvUsb3vTL.so(DriverLayer.cpp-L0785)     Description:timesOut, num_iso_packets: ff     Solution:
Error   2024-10-06 20:03:49  DevID:MV-CS016-10UC(DA0498828)  Source-Line:libMvUsb3vTL.so(DriverLayer.cpp-L0785)     Description:timesOut, num_iso_packets: ff     Solution:
Error   2024-10-06 20:03:50  DevID:MV-CS016-10UC(DA0498828)  Source-Line:libMvUsb3vTL.so(DriverLayer.cpp-L0785)     Description:timesOut, num_iso_packets: ff     Solution:
Error   2024-10-06 20:03:51  DevID:MV-CS016-10UC(DA0498828)  Source-Line:libMvUsb3vTL.so(DriverLayer.cpp-L0785)     Description:timesOut, num_iso_packets: ff     Solution:
Error   2024-10-06 20:03:52  DevID:MV-CS016-10UC(DA0498828)  Source-Line:libMvUsb3vTL.so(DriverLayer.cpp-L0785)     Description:timesOut, num_iso_packets: ff     Solution:
Error   2024-10-06 20:03:53  DevID:MV-CS016-10UC(DA0498828)  Source-Line:libMvUsb3vTL.so(DriverLayer.cpp-L0785)     Description:timesOut, num_iso_packets: ff     Solution:
Error   2024-10-06 20:03:54  DevID:MV-CS016-10UC(DA0498828)  Source-Line:libMvUsb3vTL.so(DriverLayer.cpp-L0785)     Description:timesOut, num_iso_packets: ff     Solution:
Error   2024-10-06 20:03:55  DevID:MV-CS016-10UC(DA0498828)  Source-Line:libMvUsb3vTL.so(DriverLayer.cpp-L0785)     Description:timesOut, num_iso_packets: ff     Solution:
Error   2024-10-06 20:03:56  DevID:MV-CS016-10UC(DA0498828)  Source-Line:libMvUsb3vTL.so(DriverLayer.cpp-L0785)     Description:timesOut, num_iso_packets: ff     Solution:
Error   2024-10-06 20:03:57  DevID:MV-CS016-10UC(DA0498828)  Source-Line:libMvUsb3vTL.so(DriverLayer.cpp-L0785)     Description:timesOut, num_iso_packets: ff     Solution:
Error   2024-10-06 20:03:58  DevID:MV-CS016-10UC(DA0498828)  Source-Line:libMvUsb3vTL.so(DriverLayer.cpp-L0785)     Description:timesOut, num_iso_packets: ff     Solution:
Error   2024-10-06 20:03:59  DevID:MV-CS016-10UC(DA0498828)  Source-Line:libMvUsb3vTL.so(DriverLayer.cpp-L0785)     Description:timesOut, num_iso_packets: ff     Solution:
Error   2024-10-06 20:04:00  DevID:MV-CS016-10UC(DA0498828)  Source-Line:libMvUsb3vTL.so(DriverLayer.cpp-L0785)     Description:timesOut, num_iso_packets: ff     Solution:
Error   2024-10-06 20:04:01  DevID:MV-CS016-10UC(DA0498828)  Source-Line:libMvUsb3vTL.so(DriverLayer.cpp-L0785)     Description:timesOut, num_iso_packets: ff     Solution:
Error   2024-10-06 20:04:02  DevID:MV-CS016-10UC(DA0498828)  Source-Line:libMvUsb3vTL.so(DriverLayer.cpp-L0785)     Description:timesOut, num_iso_packets: ff     Solution:
Error   2024-10-06 20:04:03  DevID:MV-CS016-10UC(DA0498828)  Source-Line:libMvUsb3vTL.so(DriverLayer.cpp-L0785)     Description:timesOut, num_iso_packets: ff     Solution:
Error   2024-10-06 20:04:04  DevID:MV-CS016-10UC(DA0498828)  Source-Line:libMvUsb3vTL.so(DriverLayer.cpp-L0785)     Description:timesOut, num_iso_packets: ff     Solution:
Error   2024-10-06 20:04:05  DevID:MV-CS016-10UC(DA0498828)  Source-Line:libMvUsb3vTL.so(DriverLayer.cpp-L0785)     Description:timesOut, num_iso_packets: ff     Solution:
Error   2024-10-06 20:04:06  DevID:MV-CS016-10UC(DA0498828)  Source-Line:libMvUsb3vTL.so(DriverLayer.cpp-L0785)     Description:timesOut, num_iso_packets: ff     Solution:
Error   2024-10-06 20:04:07  DevID:MV-CS016-10UC(DA0498828)  Source-Line:libMvUsb3vTL.so(DriverLayer.cpp-L0785)     Description:timesOut, num_iso_packets: ff     Solution:
Error   2024-10-06 20:04:08  DevID:MV-CS016-10UC(DA0498828)  Source-Line:libMvUsb3vTL.so(DriverLayer.cpp-L0785)     Description:timesOut, num_iso_packets: ff     Solution:
Error   2024-10-06 20:04:09  DevID:MV-CS016-10UC(DA0498828)  Source-Line:libMvUsb3vTL.so(DriverLayer.cpp-L0785)     Description:timesOut, num_iso_packets: ff     Solution:
Error   2024-10-06 20:04:10  DevID:MV-CS016-10UC(DA0498828)  Source-Line:libMvUsb3vTL.so(DriverLayer.cpp-L0785)     Description:timesOut, num_iso_packets: ff     Solution:
Error   2024-10-06 20:04:11  DevID:MV-CS016-10UC(DA0498828)  Source-Line:libMvUsb3vTL.so(DriverLayer.cpp-L0785)     Description:timesOut, num_iso_packets: ff     Solution:
Error   2024-10-06 20:04:12  DevID:MV-CS016-10UC(DA0498828)  Source-Line:libMvUsb3vTL.so(DriverLayer.cpp-L0785)     Description:timesOut, num_iso_packets: ff     Solution:
Error   2024-10-06 20:04:13  DevID:MV-CS016-10UC(DA0498828)  Source-Line:libMvUsb3vTL.so(DriverLayer.cpp-L0785)     Description:timesOut, num_iso_packets: ff     Solution:
Error   2024-10-06 20:04:14  DevID:MV-CS016-10UC(DA0498828)  Source-Line:libMvUsb3vTL.so(DriverLayer.cpp-L0785)     Description:timesOut, num_iso_packets: ff     Solution:
Error   2024-10-06 20:04:15  DevID:MV-CS016-10UC(DA0498828)  Source-Line:libMvUsb3vTL.so(DriverLayer.cpp-L0785)     Description:timesOut, num_iso_packets: ff     Solution:
Error   2024-10-06 20:04:16  DevID:MV-CS016-10UC(DA0498828)  Source-Line:libMvUsb3vTL.so(DriverLayer.cpp-L0785)     Description:timesOut, num_iso_packets: ff     Solution:
Error   2024-10-06 20:04:17  DevID:MV-CS016-10UC(DA0498828)  Source-Line:libMvUsb3vTL.so(DriverLayer.cpp-L0785)     Description:timesOut, num_iso_packets: ff     Solution:
Error   2024-10-06 20:04:18  DevID:MV-CS016-10UC(DA0498828)  Source-Line:libMvUsb3vTL.so(DriverLayer.cpp-L0785)     Description:timesOut, num_iso_packets: ff     Solution:
Error   2024-10-06 20:04:19  DevID:MV-CS016-10UC(DA0498828)  Source-Line:libMvUsb3vTL.so(DriverLayer.cpp-L0785)     Description:timesOut, num_iso_packets: ff     Solution:
Error   2024-10-06 20:04:20  DevID:MV-CS016-10UC(DA0498828)  Source-Line:libMvUsb3vTL.so(DriverLayer.cpp-L0785)     Description:timesOut, num_iso_packets: ff     Solution:
Error   2024-10-06 20:04:21  DevID:MV-CS016-10UC(DA0498828)  Source-Line:libMvUsb3vTL.so(DriverLayer.cpp-L0785)     Description:timesOut, num_iso_packets: ff     Solution:
Error   2024-10-06 20:04:22  DevID:MV-CS016-10UC(DA0498828)  Source-Line:libMvUsb3vTL.so(DriverLayer.cpp-L0785)     Description:timesOut, num_iso_packets: ff     Solution:
Error   2024-10-06 20:04:23  DevID:MV-CS016-10UC(DA0498828)  Source-Line:libMvUsb3vTL.so(DriverLayer.cpp-L0785)     Description:timesOut, num_iso_packets: ff     Solution:
Error   2024-10-06 20:04:24  DevID:MV-CS016-10UC(DA0498828)  Source-Line:libMvUsb3vTL.so(DriverLayer.cpp-L0785)     Description:timesOut, num_iso_packets: ff     Solution:
Error   2024-10-06 20:04:25  DevID:MV-CS016-10UC(DA0498828)  Source-Line:libMvUsb3vTL.so(DriverLayer.cpp-L0785)     Description:timesOut, num_iso_packets: ff     Solution:
Error   2024-10-06 20:04:26  DevID:MV-CS016-10UC(DA0498828)  Source-Line:libMvUsb3vTL.so(DriverLayer.cpp-L0785)     Description:timesOut, num_iso_packets: ff     Solution:
Error   2024-10-06 20:04:27  DevID:MV-CS016-10UC(DA0498828)  Source-Line:libMvUsb3vTL.so(DriverLayer.cpp-L0785)     Description:timesOut, num_iso_packets: ff     Solution:
Error   2024-10-06 20:04:28  DevID:MV-CS016-10UC(DA0498828)  Source-Line:libMvUsb3vTL.so(DriverLayer.cpp-L0785)     Description:timesOut, num_iso_packets: ff     Solution:
Error   2024-10-06 20:04:29  DevID:MV-CS016-10UC(DA0498828)  Source-Line:libMvUsb3vTL.so(DriverLayer.cpp-L0785)     Description:timesOut, num_iso_packets: ff     Solution:
Error   2024-10-06 20:04:30  DevID:MV-CS016-10UC(DA0498828)  Source-Line:libMvUsb3vTL.so(DriverLayer.cpp-L0785)     Description:timesOut, num_iso_packets: ff     Solution:
Error   2024-10-06 20:04:31  DevID:MV-CS016-10UC(DA0498828)  Source-Line:libMvUsb3vTL.so(DriverLayer.cpp-L0785)     Description:timesOut, num_iso_packets: ff     Solution:
Error   2024-10-06 20:04:32  DevID:MV-CS016-10UC(DA0498828)  Source-Line:libMvUsb3vTL.so(DriverLayer.cpp-L0785)     Description:timesOut, num_iso_packets: ff     Solution:
Error   2024-10-06 20:04:33  DevID:MV-CS016-10UC(DA0498828)  Source-Line:libMvUsb3vTL.so(DriverLayer.cpp-L0785)     Description:timesOut, num_iso_packets: ff     Solution:
Error   2024-10-06 20:04:34  DevID:MV-CS016-10UC(DA0498828)  Source-Line:libMvUsb3vTL.so(DriverLayer.cpp-L0785)     Description:timesOut, num_iso_packets: ff     Solution:
Error   2024-10-06 20:04:35  DevID:MV-CS016-10UC(DA0498828)  Source-Line:libMvUsb3vTL.so(DriverLayer.cpp-L0785)     Description:timesOut, num_iso_packets: ff     Solution:
Error   2024-10-06 20:04:36  DevID:MV-CS016-10UC(DA0498828)  Source-Line:libMvUsb3vTL.so(DriverLayer.cpp-L0785)     Description:timesOut, num_iso_packets: ff     Solution:
Error   2024-10-06 20:04:37  DevID:MV-CS016-10UC(DA0498828)  Source-Line:libMvUsb3vTL.so(DriverLayer.cpp-L0785)     Description:timesOut, num_iso_packets: ff     Solution:
Error   2024-10-06 20:04:38  DevID:MV-CS016-10UC(DA0498828)  Source-Line:libMvUsb3vTL.so(DriverLayer.cpp-L0785)     Description:timesOut, num_iso_packets: ff     Solution:
Error   2024-10-06 20:04:39  DevID:MV-CS016-10UC(DA0498828)  Source-Line:libMvUsb3vTL.so(DriverLayer.cpp-L0785)     Description:timesOut, num_iso_packets: ff     Solution:
Error   2024-10-06 20:04:40  DevID:MV-CS016-10UC(DA0498828)  Source-Line:libMvUsb3vTL.so(DriverLayer.cpp-L0785)     Description:timesOut, num_iso_packets: ff     Solution:
Error   2024-10-06 20:04:41  DevID:MV-CS016-10UC(DA0498828)  Source-Line:libMvUsb3vTL.so(DriverLayer.cpp-L0785)     Description:timesOut, num_iso_packets: ff     Solution:
Error   2024-10-06 20:04:42  DevID:MV-CS016-10UC(DA0498828)  Source-Line:libMvUsb3vTL.so(DriverLayer.cpp-L0785)     Description:timesOut, num_iso_packets: ff     Solution:
Error   2024-10-06 20:04:43  DevID:MV-CS016-10UC(DA0498828)  Source-Line:libMvUsb3vTL.so(DriverLayer.cpp-L0785)     Description:timesOut, num_iso_packets: ff     Solution:
Error   2024-10-06 20:04:44  DevID:MV-CS016-10UC(DA0498828)  Source-Line:libMvUsb3vTL.so(DriverLayer.cpp-L0785)     Description:timesOut, num_iso_packets: ff     Solution:
Error   2024-10-06 20:04:45  DevID:MV-CS016-10UC(DA0498828)  Source-Line:libMvUsb3vTL.so(DriverLayer.cpp-L0785)     Description:timesOut, num_iso_packets: ff     Solution:
Error   2024-10-06 20:04:46  DevID:MV-CS016-10UC(DA0498828)  Source-Line:libMvUsb3vTL.so(DriverLayer.cpp-L0785)     Description:timesOut, num_iso_packets: ff     Solution:
Error   2024-10-06 20:04:47  DevID:MV-CS016-10UC(DA0498828)  Source-Line:libMvUsb3vTL.so(DriverLayer.cpp-L0785)     Description:timesOut, num_iso_packets: ff     Solution:
Error   2024-10-06 20:04:48  DevID:MV-CS016-10UC(DA0498828)  Source-Line:libMvUsb3vTL.so(DriverLayer.cpp-L0785)     Description:timesOut, num_iso_packets: ff     Solution:
Error   2024-10-06 20:04:49  DevID:MV-CS016-10UC(DA0498828)  Source-Line:libMvUsb3vTL.so(DriverLayer.cpp-L0785)     Description:timesOut, num_iso_packets: ff     Solution:
Error   2024-10-06 20:04:50  DevID:MV-CS016-10UC(DA0498828)  Source-Line:libMvUsb3vTL.so(DriverLayer.cpp-L0785)     Description:timesOut, num_iso_packets: ff     Solution:
Error   2024-10-06 20:04:51  DevID:MV-CS016-10UC(DA0498828)  Source-Line:libMvUsb3vTL.so(DriverLayer.cpp-L0785)     Description:timesOut, num_iso_packets: ff     Solution:
Error   2024-10-06 20:04:52  DevID:MV-CS016-10UC(DA0498828)  Source-Line:libMvUsb3vTL.so(DriverLayer.cpp-L0785)     Description:timesOut, num_iso_packets: ff     Solution:
Error   2024-10-06 20:04:53  DevID:MV-CS016-10UC(DA0498828)  Source-Line:libMvUsb3vTL.so(DriverLayer.cpp-L0785)     Description:timesOut, num_iso_packets: ff     Solution:
Error   2024-10-06 20:04:54  DevID:MV-CS016-10UC(DA0498828)  Source-Line:libMvUsb3vTL.so(DriverLayer.cpp-L0785)     Description:timesOut, num_iso_packets: ff     Solution:
Error   2024-10-06 20:04:55  DevID:MV-CS016-10UC(DA0498828)  Source-Line:libMvUsb3vTL.so(DriverLayer.cpp-L0785)     Description:timesOut, num_iso_packets: ff     Solution:
Error   2024-10-06 20:04:56  DevID:MV-CS016-10UC(DA0498828)  Source-Line:libMvUsb3vTL.so(DriverLayer.cpp-L0785)     Description:timesOut, num_iso_packets: ff     Solution:
Error   2024-10-06 20:04:57  DevID:MV-CS016-10UC(DA0498828)  Source-Line:libMvUsb3vTL.so(DriverLayer.cpp-L0785)     Description:timesOut, num_iso_packets: ff     Solution:
Error   2024-10-06 20:04:58  DevID:MV-CS016-10UC(DA0498828)  Source-Line:libMvUsb3vTL.so(DriverLayer.cpp-L0785)     Description:timesOut, num_iso_packets: ff     Solution:
Error   2024-10-06 20:04:59  DevID:MV-CS016-10UC(DA0498828)  Source-Line:libMvUsb3vTL.so(DriverLayer.cpp-L0785)     Description:timesOut, num_iso_packets: ff     Solution:
Error   2024-10-06 20:05:00  DevID:MV-CS016-10UC(DA0498828)  Source-Line:libMvUsb3vTL.so(DriverLayer.cpp-L0785)     Description:timesOut, num_iso_packets: ff     Solution:
Error   2024-10-06 20:05:01  DevID:MV-CS016-10UC(DA0498828)  Source-Line:libMvUsb3vTL.so(DriverLayer.cpp-L0785)     Description:timesOut, num_iso_packets: ff     Solution:
Error   2024-10-06 20:05:02  DevID:MV-CS016-10UC(DA0498828)  Source-Line:libMvUsb3vTL.so(DriverLayer.cpp-L0785)     Description:timesOut, num_iso_packets: ff     Solution:
Error   2024-10-06 20:05:03  DevID:MV-CS016-10UC(DA0498828)  Source-Line:libMvUsb3vTL.so(DriverLayer.cpp-L0785)     Description:timesOut, num_iso_packets: ff     Solution:
Error   2024-10-06 20:05:04  DevID:MV-CS016-10UC(DA0498828)  Source-Line:libMvUsb3vTL.so(DriverLayer.cpp-L0785)     Description:timesOut, num_iso_packets: ff     Solution:
Error   2024-10-06 20:05:05  DevID:MV-CS016-10UC(DA0498828)  Source-Line:libMvUsb3vTL.so(DriverLayer.cpp-L0785)     Description:timesOut, num_iso_packets: ff     Solution:
Error   2024-10-06 20:05:06  DevID:MV-CS016-10UC(DA0498828)  Source-Line:libMvUsb3vTL.so(DriverLayer.cpp-L0785)     Description:timesOut, num_iso_packets: ff     Solution:
Error   2024-10-06 20:05:07  DevID:MV-CS016-10UC(DA0498828)  Source-Line:libMvUsb3vTL.so(DriverLayer.cpp-L0785)     Description:timesOut, num_iso_packets: ff     Solution:
Error   2024-10-06 20:05:08  DevID:MV-CS016-10UC(DA0498828)  Source-Line:libMvUsb3vTL.so(DriverLayer.cpp-L0785)     Description:timesOut, num_iso_packets: ff     Solution:
Error   2024-10-06 20:05:09  DevID:MV-CS016-10UC(DA0498828)  Source-Line:libMvUsb3vTL.so(DriverLayer.cpp-L0785)     Description:timesOut, num_iso_packets: ff     Solution:
Error   2024-10-06 20:05:10  DevID:MV-CS016-10UC(DA0498828)  Source-Line:libMvUsb3vTL.so(DriverLayer.cpp-L0785)     Description:timesOut, num_iso_packets: ff     Solution:
Error   2024-10-06 20:05:11  DevID:MV-CS016-10UC(DA0498828)  Source-Line:libMvUsb3vTL.so(DriverLayer.cpp-L0785)     Description:timesOut, num_iso_packets: ff     Solution:
Error   2024-10-06 20:05:12  DevID:MV-CS016-10UC(DA0498828)  Source-Line:libMvUsb3vTL.so(DriverLayer.cpp-L0785)     Description:timesOut, num_iso_packets: ff     Solution:
Error   2024-10-06 20:05:13  DevID:MV-CS016-10UC(DA0498828)  Source-Line:libMvUsb3vTL.so(DriverLayer.cpp-L0785)     Description:timesOut, num_iso_packets: ff     Solution:
Error   2024-10-06 20:05:14  DevID:MV-CS016-10UC(DA0498828)  Source-Line:libMvUsb3vTL.so(DriverLayer.cpp-L0785)     Description:timesOut, num_iso_packets: ff     Solution:
Error   2024-10-06 20:05:15  DevID:MV-CS016-10UC(DA0498828)  Source-Line:libMvUsb3vTL.so(DriverLayer.cpp-L0785)     Description:timesOut, num_iso_packets: ff     Solution:
Error   2024-10-06 20:05:16  DevID:MV-CS016-10UC(DA0498828)  Source-Line:libMvUsb3vTL.so(DriverLayer.cpp-L0785)     Description:timesOut, num_iso_packets: ff     Solution:
Error   2024-10-06 20:05:17  DevID:MV-CS016-10UC(DA0498828)  Source-Line:libMvUsb3vTL.so(DriverLayer.cpp-L0785)     Description:timesOut, num_iso_packets: ff     Solution:
Error   2024-10-06 20:05:18  DevID:MV-CS016-10UC(DA0498828)  Source-Line:libMvUsb3vTL.so(DriverLayer.cpp-L0785)     Description:timesOut, num_iso_packets: ff     Solution:
Error   2024-10-06 20:05:19  DevID:MV-CS016-10UC(DA0498828)  Source-Line:libMvUsb3vTL.so(DriverLayer.cpp-L0785)     Description:timesOut, num_iso_packets: ff     Solution:
Error   2024-10-06 20:05:20  DevID:MV-CS016-10UC(DA0498828)  Source-Line:libMvUsb3vTL.so(DriverLayer.cpp-L0785)     Description:timesOut, num_iso_packets: ff     Solution:
Error   2024-10-06 20:05:21  DevID:MV-CS016-10UC(DA0498828)  Source-Line:libMvUsb3vTL.so(DriverLayer.cpp-L0785)     Description:timesOut, num_iso_packets: ff     Solution:
Error   2024-10-06 20:05:22  DevID:MV-CS016-10UC(DA0498828)  Source-Line:libMvUsb3vTL.so(DriverLayer.cpp-L0785)     Description:timesOut, num_iso_packets: ff     Solution:
Error   2024-10-06 20:05:23  DevID:MV-CS016-10UC(DA0498828)  Source-Line:libMvUsb3vTL.so(DriverLayer.cpp-L0785)     Description:timesOut, num_iso_packets: ff     Solution:
Error   2024-10-06 20:05:24  DevID:MV-CS016-10UC(DA0498828)  Source-Line:libMvUsb3vTL.so(DriverLayer.cpp-L0785)     Description:timesOut, num_iso_packets: ff     Solution:
Error   2024-10-06 20:05:25  DevID:MV-CS016-10UC(DA0498828)  Source-Line:libMvUsb3vTL.so(DriverLayer.cpp-L0785)     Description:timesOut, num_iso_packets: ff     Solution:
Error   2024-10-06 20:05:26  DevID:MV-CS016-10UC(DA0498828)  Source-Line:libMvUsb3vTL.so(DriverLayer.cpp-L0785)     Description:timesOut, num_iso_packets: ff     Solution:
Error   2024-10-06 20:05:27  DevID:MV-CS016-10UC(DA0498828)  Source-Line:libMvUsb3vTL.so(DriverLayer.cpp-L0785)     Description:timesOut, num_iso_packets: ff     Solution:
Error   2024-10-06 20:05:28  DevID:MV-CS016-10UC(DA0498828)  Source-Line:libMvUsb3vTL.so(DriverLayer.cpp-L0785)     Description:timesOut, num_iso_packets: ff     Solution:
Error   2024-10-06 20:05:29  DevID:MV-CS016-10UC(DA0498828)  Source-Line:libMvUsb3vTL.so(DriverLayer.cpp-L0785)     Description:timesOut, num_iso_packets: ff     Solution:
Error   2024-10-06 20:05:30  DevID:MV-CS016-10UC(DA0498828)  Source-Line:libMvUsb3vTL.so(DriverLayer.cpp-L0785)     Description:timesOut, num_iso_packets: ff     Solution:
Error   2024-10-06 20:05:31  DevID:MV-CS016-10UC(DA0498828)  Source-Line:libMvUsb3vTL.so(DriverLayer.cpp-L0785)     Description:timesOut, num_iso_packets: ff     Solution:
Error   2024-10-06 20:05:32  DevID:MV-CS016-10UC(DA0498828)  Source-Line:libMvUsb3vTL.so(DriverLayer.cpp-L0785)     Description:timesOut, num_iso_packets: ff     Solution:
Error   2024-10-06 20:05:33  DevID:MV-CS016-10UC(DA0498828)  Source-Line:libMvUsb3vTL.so(DriverLayer.cpp-L0785)     Description:timesOut, num_iso_packets: ff     Solution:
Error   2024-10-06 20:05:34  DevID:MV-CS016-10UC(DA0498828)  Source-Line:libMvUsb3vTL.so(DriverLayer.cpp-L0785)     Description:timesOut, num_iso_packets: ff     Solution:
Error   2024-10-06 20:05:35  DevID:MV-CS016-10UC(DA0498828)  Source-Line:libMvUsb3vTL.so(DriverLayer.cpp-L0785)     Description:timesOut, num_iso_packets: ff     Solution:
Error   2024-10-06 20:05:36  DevID:MV-CS016-10UC(DA0498828)  Source-Line:libMvUsb3vTL.so(DriverLayer.cpp-L0785)     Description:timesOut, num_iso_packets: ff     Solution:
Error   2024-10-06 20:05:36  DevID:MV-CS016-10UC(DA0498828)  Source-Line:libMvUsb3vTL.so(EventProcess.cpp-L0327)     Description:[Event]Parse Packet failed, Ret[0x80000004]     Solution:
Error   2024-10-06 20:05:36  DevID:MV-CS016-10UC(DA0498828)  Source-Line:libMvUsb3vTL.so(StreamProcess.cpp-L1065)     Description:[ReadAsync] error code is:[1],i = [2], errno[11], Halt Total Count[1]     Solution:
Error   2024-10-06 20:05:36  DevID:MV-CS016-10UC(DA0498828)  Source-Line:libMvUsb3vTL.so(EventProcess.cpp-L0327)     Description:[Event]Parse Packet failed, Ret[0x80000004]     Solution:
Error   2024-10-06 20:05:36  DevID:MV-CS016-10UC(DA0498828)  Source-Line:libMvUsb3vTL.so(EventProcess.cpp-L0327)     Description:[Event]Parse Packet failed, Ret[0x80000004]     Solution:
Error   2024-10-06 20:05:36  DevID:MV-CS016-10UC(DA0498828)  Source-Line:libMvUsb3vTL.so(EventProcess.cpp-L0327)     Description:[Event]Parse Packet failed, Ret[0x80000004]     Solution:
Error   2024-10-06 20:05:36  DevID:MV-CS016-10UC(DA0498828)  Source-Line:libMvUsb3vTL.so(EventProcess.cpp-L0327)     Description:[Event]Parse Packet failed, Ret[0x80000004]     Solution:
Error   2024-10-06 20:05:36  DevID:MV-CS016-10UC(DA0498828)  Source-Line:libMvUsb3vTL.so(DriverLayer.cpp-L0660)     Description:[usb_control_msg] errcode[-1]     Solution:
Error   2024-10-06 20:05:36  DevID:MV-CS016-10UC(DA0498828)  Source-Line:libMvUsb3vTL.so(EventProcess.cpp-L0327)     Description:[Event]Parse Packet failed, Ret[0x80000004]     Solution:
Error   2024-10-06 20:05:36  DevID:MV-CS016-10UC(DA0498828)  Source-Line:libMvUsb3vTL.so(EventProcess.cpp-L0327)     Description:[Event]Parse Packet failed, Ret[0x80000004]     Solution:
Error   2024-10-06 20:05:36  DevID:MV-CS016-10UC(DA0498828)  Source-Line:libMvUsb3vTL.so(EventProcess.cpp-L0327)     Description:[Event]Parse Packet failed, Ret[0x80000004]     Solution:
Error   2024-10-06 20:05:36  DevID:MV-CS016-10UC(DA0498828)  Source-Line:libMvUsb3vTL.so(EventProcess.cpp-L0327)     Description:[Event]Parse Packet failed, Ret[0x80000004]     Solution:
Error   2024-10-06 20:05:36  DevID:MV-CS016-10UC(DA0498828)  Source-Line:libMvUsb3vTL.so(EventProcess.cpp-L0327)     Description:[Event]Parse Packet failed, Ret[0x80000004]     Solution:
Error   2024-10-06 20:05:36  DevID:MV-CS016-10UC(DA0498828)  Source-Line:libMvUsb3vTL.so(EventProcess.cpp-L0327)     Description:[Event]Parse Packet failed, Ret[0x80000004]     Solution:
Error   2024-10-06 20:05:36  DevID:MV-CS016-10UC(DA0498828)  Source-Line:libMvUsb3vTL.so(EventProcess.cpp-L0327)     Description:[Event]Parse Packet failed, Ret[0x80000004]     Solution:
Error   2024-10-06 20:05:36  DevID:MV-CS016-10UC(DA0498828)  Source-Line:libMvUsb3vTL.so(EventProcess.cpp-L0327)     Description:[Event]Parse Packet failed, Ret[0x80000004]     Solution:
Error   2024-10-06 20:05:36  DevID:MV-CS016-10UC(DA0498828)  Source-Line:libMvUsb3vTL.so(EventProcess.cpp-L0327)     Description:[Event]Parse Packet failed, Ret[0x80000004]     Solution:
Error   2024-10-06 20:05:36  DevID:MV-CS016-10UC(DA0498828)  Source-Line:libMvUsb3vTL.so(EventProcess.cpp-L0327)     Description:[Event]Parse Packet failed, Ret[0x80000004]     Solution:
Error   2024-10-06 20:05:36  DevID:MV-CS016-10UC(DA0498828)  Source-Line:libMvUsb3vTL.so(EventProcess.cpp-L0327)     Description:[Event]Parse Packet failed, Ret[0x80000004]     Solution:
Error   2024-10-06 20:05:36  DevID:MV-CS016-10UC(DA0498828)  Source-Line:libMvUsb3vTL.so(EventProcess.cpp-L0327)     Description:[Event]Parse Packet failed, Ret[0x80000004]     Solution:
Error   2024-10-06 20:05:36  DevID:MV-CS016-10UC(DA0498828)  Source-Line:libMvUsb3vTL.so(EventProcess.cpp-L0327)     Description:[Event]Parse Packet failed, Ret[0x80000004]     Solution:
Error   2024-10-06 20:05:36  DevID:MV-CS016-10UC(DA0498828)  Source-Line:libMvUsb3vTL.so(EventProcess.cpp-L0327)     Description:[Event]Parse Packet failed, Ret[0x80000004]     Solution:
Error   2024-10-06 20:05:36  DevID:MV-CS016-10UC(DA0498828)  Source-Line:libMvUsb3vTL.so(EventProcess.cpp-L0327)     Description:[Event]Parse Packet failed, Ret[0x80000004]     Solution:
Error   2024-10-06 20:05:36  DevID:MV-CS016-10UC(DA0498828)  Source-Line:libMvUsb3vTL.so(EventProcess.cpp-L0327)     Description:[Event]Parse Packet failed, Ret[0x80000004]     Solution:
Error   2024-10-06 20:05:36  DevID:MV-CS016-10UC(DA0498828)  Source-Line:libMvUsb3vTL.so(EventProcess.cpp-L0327)     Description:[Event]Parse Packet failed, Ret[0x80000004]     Solution:
Error   2024-10-06 20:05:36  DevID:MV-CS016-10UC(DA0498828)  Source-Line:libMvUsb3vTL.so(EventProcess.cpp-L0327)     Description:[Event]Parse Packet failed, Ret[0x80000004]     Solution:
Error   2024-10-06 20:05:36  DevID:MV-CS016-10UC(DA0498828)  Source-Line:libMvUsb3vTL.so(DriverLayer.cpp-L0551)     Description:[libusb_clear_halt] errcode[-99], LIBUSB_ERROR_OTHER     Solution:
Error   2024-10-06 20:05:36  DevID:MV-CS016-10UC(DA0498828)  Source-Line:libMvUsb3vTL.so(EventProcess.cpp-L0327)     Description:[Event]Parse Packet failed, Ret[0x80000004]     Solution:
Error   2024-10-06 20:05:36  DevID:MV-CS016-10UC(DA0498828)  Source-Line:libMvUsb3vTL.so(EventProcess.cpp-L0327)     Description:[Event]Parse Packet failed, Ret[0x80000004]     Solution:
Error   2024-10-06 20:05:36  DevID:MV-CS016-10UC(DA0498828)  Source-Line:libMvUsb3vTL.so(EventProcess.cpp-L0327)     Description:[Event]Parse Packet failed, Ret[0x80000004]     Solution:
Error   2024-10-06 20:05:36  DevID:MV-CS016-10UC(DA0498828)  Source-Line:libMvUsb3vTL.so(EventProcess.cpp-L0327)     Description:[Event]Parse Packet failed, Ret[0x80000004]     Solution:
Error   2024-10-06 20:05:36  DevID:MV-CS016-10UC(DA0498828)  Source-Line:libMvUsb3vTL.so(DriverLayer.cpp-L0635)     Description:[usb_bulk_write] errcode[-1], LIBUSB_ERROR_IO     Solution:
Error   2024-10-06 20:05:36  DevID:MV-CS016-10UC(DA0498828)  Source-Line:libMvUsb3vTL.so(DeviceControl.cpp-L0571)     Description:[WriteMemUnit]: nLen[-1] != nSendLen[24]     Solution:
Error   2024-10-06 20:05:36  DevID:MV-CS016-10UC(DA0498828)  Source-Line:libMvUsb3vTL.so(EventProcess.cpp-L0327)     Description:[Event]Parse Packet failed, Ret[0x80000004]     Solution:
Error   2024-10-06 20:05:36  DevID:MV-CS016-10UC(DA0498828)  Source-Line:libMvUsb3vTL.so(EventProcess.cpp-L0327)     Description:[Event]Parse Packet failed, Ret[0x80000004]     Solution:
Error   2024-10-06 20:05:36  DevID:MV-CS016-10UC(DA0498828)  Source-Line:libMvUsb3vTL.so(EventProcess.cpp-L0327)     Description:[Event]Parse Packet failed, Ret[0x80000004]     Solution:
Error   2024-10-06 20:05:36  DevID:MV-CS016-10UC(DA0498828)  Source-Line:libMvUsb3vTL.so(DriverLayer.cpp-L0635)     Description:[usb_bulk_write] errcode[-1], LIBUSB_ERROR_IO     Solution:
Error   2024-10-06 20:05:36  DevID:MV-CS016-10UC(DA0498828)  Source-Line:libMvUsb3vTL.so(DeviceControl.cpp-L0571)     Description:[WriteMemUnit]: nLen[-1] != nSendLen[24]     Solution:
Error   2024-10-06 20:05:36  DevID:MV-CS016-10UC(DA0498828)  Source-Line:libMvUsb3vTL.so(DeviceControl.cpp-L1185)     Description:Set SI 1 fail, error code:[0x80000301]     Solution:
Error   2024-10-06 20:05:36  DevID:MV-CS016-10UC(DA0498828)  Source-Line:libMvUsb3vTL.so(EventProcess.cpp-L0327)     Description:[Event]Parse Packet failed, Ret[0x80000004]     Solution:
Error   2024-10-06 20:05:36  DevID:MV-CS016-10UC(DA0498828)  Source-Line:libMvUsb3vTL.so(EventProcess.cpp-L0327)     Description:[Event]Parse Packet failed, Ret[0x80000004]     Solution:
Error   2024-10-06 20:05:36  DevID:MV-CS016-10UC(DA0498828)  Source-Line:libMvUsb3vTL.so(DriverLayer.cpp-L0660)     Description:[usb_control_msg] errcode[-1]     Solution:
Error   2024-10-06 20:05:36  DevID:MV-CS016-10UC(DA0498828)  Source-Line:libMvUsb3vTL.so(EventProcess.cpp-L0327)     Description:[Event]Parse Packet failed, Ret[0x80000004]     Solution:
Error   2024-10-06 20:05:36  DevID:MV-CS016-10UC(DA0498828)  Source-Line:libMvUsb3vTL.so(DriverLayer.cpp-L0551)     Description:[libusb_clear_halt] errcode[-99], LIBUSB_ERROR_OTHER     Solution:
Error   2024-10-06 20:05:36  DevID:MV-CS016-10UC(DA0498828)  Source-Line:libMvUsb3vTL.so(EventProcess.cpp-L0327)     Description:[Event]Parse Packet failed, Ret[0x80000004]     Solution:
Error   2024-10-06 20:05:36  DevID:MV-CS016-10UC(DA0498828)  Source-Line:libMvUsb3vTL.so(EventProcess.cpp-L0327)     Description:[Event]Parse Packet failed, Ret[0x80000004]     Solution:
Error   2024-10-06 20:05:36  DevID:MV-CS016-10UC(DA0498828)  Source-Line:libMvUsb3vTL.so(EventProcess.cpp-L0327)     Description:[Event]Parse Packet failed, Ret[0x80000004]     Solution:
Error   2024-10-06 20:05:36  DevID:MV-CS016-10UC(DA0498828)  Source-Line:libMvUsb3vTL.so(DriverLayer.cpp-L0660)     Description:[usb_control_msg] errcode[-1]     Solution:
Error   2024-10-06 20:05:36  DevID:MV-CS016-10UC(DA0498828)  Source-Line:libMvUsb3vTL.so(DriverLayer.cpp-L0551)     Description:[libusb_clear_halt] errcode[-99], LIBUSB_ERROR_OTHER     Solution:
Error   2024-10-06 20:05:36  DevID:MV-CS016-10UC(DA0498828)  Source-Line:libMvUsb3vTL.so(EventProcess.cpp-L0327)     Description:[Event]Parse Packet failed, Ret[0x80000004]     Solution:
Error   2024-10-06 20:05:36  DevID:MV-CS016-10UC(DA0498828)  Source-Line:libMvUsb3vTL.so(EventProcess.cpp-L0327)     Description:[Event]Parse Packet failed, Ret[0x80000004]     Solution:
Error   2024-10-06 20:05:36  DevID:MV-CS016-10UC(DA0498828)  Source-Line:libMvUsb3vTL.so(EventProcess.cpp-L0327)     Description:[Event]Parse Packet failed, Ret[0x80000004]     Solution:
Error   2024-10-06 20:05:36  DevID:MV-CS016-10UC(DA0498828)  Source-Line:libMvUsb3vTL.so(DriverLayer.cpp-L0635)     Description:[usb_bulk_write] errcode[-1], LIBUSB_ERROR_IO     Solution:
Error   2024-10-06 20:05:36  DevID:MV-CS016-10UC(DA0498828)  Source-Line:libMvUsb3vTL.so(DeviceControl.cpp-L0571)     Description:[WriteMemUnit]: nLen[-1] != nSendLen[24]     Solution:
Error   2024-10-06 20:05:36  DevID:MV-CS016-10UC(DA0498828)  Source-Line:libMvUsb3vTL.so(EventProcess.cpp-L0327)     Description:[Event]Parse Packet failed, Ret[0x80000004]     Solution:
Error   2024-10-06 20:05:36  DevID:MV-CS016-10UC(DA0498828)  Source-Line:libMvUsb3vTL.so(EventProcess.cpp-L0327)     Description:[Event]Parse Packet failed, Ret[0x80000004]     Solution:
Error   2024-10-06 20:05:36  DevID:MV-CS016-10UC(DA0498828)  Source-Line:libMvUsb3vTL.so(DriverLayer.cpp-L0635)     Description:[usb_bulk_write] errcode[-1], LIBUSB_ERROR_IO     Solution:
Error   2024-10-06 20:05:36  DevID:MV-CS016-10UC(DA0498828)  Source-Line:libMvUsb3vTL.so(DeviceControl.cpp-L0571)     Description:[WriteMemUnit]: nLen[-1] != nSendLen[24]     Solution:
Error   2024-10-06 20:05:36  DevID:MV-CS016-10UC(DA0498828)  Source-Line:libMvUsb3vTL.so(DeviceControl.cpp-L1185)     Description:Set SI 1 fail, error code:[0x80000301]     Solution:
Error   2024-10-06 20:05:36  DevID:MV-CS016-10UC(DA0498828)  Source-Line:libMvUsb3vTL.so(EventProcess.cpp-L0327)     Description:[Event]Parse Packet failed, Ret[0x80000004]     Solution:
Error   2024-10-06 20:05:36  DevID:MV-CS016-10UC(DA0498828)  Source-Line:libMvUsb3vTL.so(DriverLayer.cpp-L0660)     Description:[usb_control_msg] errcode[-1]     Solution:
Error   2024-10-06 20:05:36  DevID:MV-CS016-10UC(DA0498828)  Source-Line:libMvUsb3vTL.so(EventProcess.cpp-L0327)     Description:[Event]Parse Packet failed, Ret[0x80000004]     Solution:
Error   2024-10-06 20:05:36  DevID:MV-CS016-10UC(DA0498828)  Source-Line:libMvUsb3vTL.so(DriverLayer.cpp-L0551)     Description:[libusb_clear_halt] errcode[-99], LIBUSB_ERROR_OTHER     Solution:
Error   2024-10-06 20:05:36  DevID:MV-CS016-10UC(DA0498828)  Source-Line:libMvUsb3vTL.so(EventProcess.cpp-L0327)     Description:[Event]Parse Packet failed, Ret[0x80000004]     Solution:
Error   2024-10-06 20:05:36  DevID:MV-CS016-10UC(DA0498828)  Source-Line:libMvUsb3vTL.so(EventProcess.cpp-L0327)     Description:[Event]Parse Packet failed, Ret[0x80000004]     Solution:
Error   2024-10-06 20:05:36  DevID:MV-CS016-10UC(DA0498828)  Source-Line:libMvUsb3vTL.so(EventProcess.cpp-L0327)     Description:[Event]Parse Packet failed, Ret[0x80000004]     Solution:
Error   2024-10-06 20:05:36  DevID:MV-CS016-10UC(DA0498828)  Source-Line:libMvUsb3vTL.so(DriverLayer.cpp-L0635)     Description:[usb_bulk_write] errcode[-1], LIBUSB_ERROR_IO     Solution:
Error   2024-10-06 20:05:36  DevID:MV-CS016-10UC(DA0498828)  Source-Line:libMvUsb3vTL.so(DeviceControl.cpp-L0571)     Description:[WriteMemUnit]: nLen[-1] != nSendLen[24]     Solution:
Error   2024-10-06 20:05:36  DevID:MV-CS016-10UC(DA0498828)  Source-Line:libMvUsb3vTL.so(EventProcess.cpp-L0327)     Description:[Event]Parse Packet failed, Ret[0x80000004]     Solution:
Error   2024-10-06 20:05:36  DevID:MV-CS016-10UC(DA0498828)  Source-Line:libMvUsb3vTL.so(EventProcess.cpp-L0327)     Description:[Event]Parse Packet failed, Ret[0x80000004]     Solution:
Error   2024-10-06 20:05:36  DevID:MV-CS016-10UC(DA0498828)  Source-Line:libMvUsb3vTL.so(DriverLayer.cpp-L0635)     Description:[usb_bulk_write] errcode[-1], LIBUSB_ERROR_IO     Solution:
Error   2024-10-06 20:05:36  DevID:MV-CS016-10UC(DA0498828)  Source-Line:libMvUsb3vTL.so(DeviceControl.cpp-L0571)     Description:[WriteMemUnit]: nLen[-1] != nSendLen[24]     Solution:
Error   2024-10-06 20:05:36  DevID:MV-CS016-10UC(DA0498828)  Source-Line:libMvUsb3vTL.so(DeviceControl.cpp-L1185)     Description:Set SI 1 fail, error code:[0x80000301]     Solution:
Error   2024-10-06 20:05:36  DevID:MV-CS016-10UC(DA0498828)  Source-Line:libMvUsb3vTL.so(EventProcess.cpp-L0327)     Description:[Event]Parse Packet failed, Ret[0x80000004]     Solution:
Error   2024-10-06 20:05:36  DevID:MV-CS016-10UC(DA0498828)  Source-Line:libMvUsb3vTL.so(DriverLayer.cpp-L0660)     Description:[usb_control_msg] errcode[-1]     Solution:
Error   2024-10-06 20:05:36  DevID:MV-CS016-10UC(DA0498828)  Source-Line:libMvUsb3vTL.so(EventProcess.cpp-L0327)     Description:[Event]Parse Packet failed, Ret[0x80000004]     Solution:
Error   2024-10-06 20:05:36  DevID:MV-CS016-10UC(DA0498828)  Source-Line:libMvUsb3vTL.so(DriverLayer.cpp-L0551)     Description:[libusb_clear_halt] errcode[-99], LIBUSB_ERROR_OTHER     Solution:
Error   2024-10-06 20:05:36  DevID:MV-CS016-10UC(DA0498828)  Source-Line:libMvUsb3vTL.so(EventProcess.cpp-L0327)     Description:[Event]Parse Packet failed, Ret[0x80000004]     Solution:
Error   2024-10-06 20:05:36  DevID:MV-CS016-10UC(DA0498828)  Source-Line:libMvUsb3vTL.so(EventProcess.cpp-L0327)     Description:[Event]Parse Packet failed, Ret[0x80000004]     Solution:
Error   2024-10-06 20:05:36  DevID:MV-CS016-10UC(DA0498828)  Source-Line:libMvUsb3vTL.so(EventProcess.cpp-L0327)     Description:[Event]Parse Packet failed, Ret[0x80000004]     Solution:
Error   2024-10-06 20:05:36  DevID:MV-CS016-10UC(DA0498828)  Source-Line:libMvUsb3vTL.so(DriverLayer.cpp-L0635)     Description:[usb_bulk_write] errcode[-1], LIBUSB_ERROR_IO     Solution:
Error   2024-10-06 20:05:36  DevID:MV-CS016-10UC(DA0498828)  Source-Line:libMvUsb3vTL.so(DeviceControl.cpp-L0571)     Description:[WriteMemUnit]: nLen[-1] != nSendLen[24]     Solution:
Error   2024-10-06 20:05:36  DevID:MV-CS016-10UC(DA0498828)  Source-Line:libMvUsb3vTL.so(EventProcess.cpp-L0327)     Description:[Event]Parse Packet failed, Ret[0x80000004]     Solution:
Error   2024-10-06 20:05:36  DevID:MV-CS016-10UC(DA0498828)  Source-Line:libMvUsb3vTL.so(EventProcess.cpp-L0327)     Description:[Event]Parse Packet failed, Ret[0x80000004]     Solution:
Error   2024-10-06 20:05:36  DevID:MV-CS016-10UC(DA0498828)  Source-Line:libMvUsb3vTL.so(DriverLayer.cpp-L0635)     Description:[usb_bulk_write] errcode[-1], LIBUSB_ERROR_IO     Solution:
Error   2024-10-06 20:05:36  DevID:MV-CS016-10UC(DA0498828)  Source-Line:libMvUsb3vTL.so(DeviceControl.cpp-L0571)     Description:[WriteMemUnit]: nLen[-1] != nSendLen[24]     Solution:
Error   2024-10-06 20:05:36  DevID:MV-CS016-10UC(DA0498828)  Source-Line:libMvUsb3vTL.so(DeviceControl.cpp-L1185)     Description:Set SI 1 fail, error code:[0x80000301]     Solution:
Error   2024-10-06 20:05:36  DevID:MV-CS016-10UC(DA0498828)  Source-Line:libMvUsb3vTL.so(EventProcess.cpp-L0327)     Description:[Event]Parse Packet failed, Ret[0x80000004]     Solution:
Error   2024-10-06 20:05:36  DevID:MV-CS016-10UC(DA0498828)  Source-Line:libMvUsb3vTL.so(EventProcess.cpp-L0327)     Description:[Event]Parse Packet failed, Ret[0x80000004]     Solution:
Error   2024-10-06 20:05:36  DevID:MV-CS016-10UC(DA0498828)  Source-Line:libMvUsb3vTL.so(DriverLayer.cpp-L0660)     Description:[usb_control_msg] errcode[-1]     Solution:
Error   2024-10-06 20:05:36  DevID:MV-CS016-10UC(DA0498828)  Source-Line:libMvUsb3vTL.so(DriverLayer.cpp-L0551)     Description:[libusb_clear_halt] errcode[-99], LIBUSB_ERROR_OTHER     Solution:
Error   2024-10-06 20:05:36  DevID:MV-CS016-10UC(DA0498828)  Source-Line:libMvUsb3vTL.so(EventProcess.cpp-L0327)     Description:[Event]Parse Packet failed, Ret[0x80000004]     Solution:
Error   2024-10-06 20:05:36  DevID:MV-CS016-10UC(DA0498828)  Source-Line:libMvUsb3vTL.so(EventProcess.cpp-L0327)     Description:[Event]Parse Packet failed, Ret[0x80000004]     Solution:
Error   2024-10-06 20:05:36  DevID:MV-CS016-10UC(DA0498828)  Source-Line:libMvUsb3vTL.so(DriverLayer.cpp-L0635)     Description:[usb_bulk_write] errcode[-1], LIBUSB_ERROR_IO     Solution:
Error   2024-10-06 20:05:36  DevID:MV-CS016-10UC(DA0498828)  Source-Line:libMvUsb3vTL.so(DeviceControl.cpp-L0571)     Description:[WriteMemUnit]: nLen[-1] != nSendLen[24]     Solution:
Error   2024-10-06 20:05:36  DevID:MV-CS016-10UC(DA0498828)  Source-Line:libMvUsb3vTL.so(EventProcess.cpp-L0327)     Description:[Event]Parse Packet failed, Ret[0x80000004]     Solution:
Error   2024-10-06 20:05:36  DevID:MV-CS016-10UC(DA0498828)  Source-Line:libMvUsb3vTL.so(DriverLayer.cpp-L0635)     Description:[usb_bulk_write] errcode[-1], LIBUSB_ERROR_IO     Solution:
Error   2024-10-06 20:05:36  DevID:MV-CS016-10UC(DA0498828)  Source-Line:libMvUsb3vTL.so(DeviceControl.cpp-L0571)     Description:[WriteMemUnit]: nLen[-1] != nSendLen[24]     Solution:
Error   2024-10-06 20:05:36  DevID:MV-CS016-10UC(DA0498828)  Source-Line:libMvUsb3vTL.so(DeviceControl.cpp-L1185)     Description:Set SI 1 fail, error code:[0x80000301]     Solution:
Error   2024-10-06 20:05:36  DevID:MV-CS016-10UC(DA0498828)  Source-Line:libMvUsb3vTL.so(EventProcess.cpp-L0327)     Description:[Event]Parse Packet failed, Ret[0x80000004]     Solution:
Error   2024-10-06 20:05:36  DevID:MV-CS016-10UC(DA0498828)  Source-Line:libMvUsb3vTL.so(EventProcess.cpp-L0327)     Description:[Event]Parse Packet failed, Ret[0x80000004]     Solution:
Error   2024-10-06 20:05:36  DevID:MV-CS016-10UC(DA0498828)  Source-Line:libMvUsb3vTL.so(DriverLayer.cpp-L0660)     Description:[usb_control_msg] errcode[-1]     Solution:
Error   2024-10-06 20:05:36  DevID:MV-CS016-10UC(DA0498828)  Source-Line:libMvUsb3vTL.so(DriverLayer.cpp-L0551)     Description:[libusb_clear_halt] errcode[-99], LIBUSB_ERROR_OTHER     Solution:
Error   2024-10-06 20:05:36  DevID:MV-CS016-10UC(DA0498828)  Source-Line:libMvUsb3vTL.so(EventProcess.cpp-L0327)     Description:[Event]Parse Packet failed, Ret[0x80000004]     Solution:
Error   2024-10-06 20:05:36  DevID:MV-CS016-10UC(DA0498828)  Source-Line:libMvUsb3vTL.so(EventProcess.cpp-L0327)     Description:[Event]Parse Packet failed, Ret[0x80000004]     Solution:
Error   2024-10-06 20:05:36  DevID:MV-CS016-10UC(DA0498828)  Source-Line:libMvUsb3vTL.so(EventProcess.cpp-L0327)     Description:[Event]Parse Packet failed, Ret[0x80000004]     Solution:
Error   2024-10-06 20:05:36  DevID:MV-CS016-10UC(DA0498828)  Source-Line:libMvUsb3vTL.so(DriverLayer.cpp-L0635)     Description:[usb_bulk_write] errcode[-1], LIBUSB_ERROR_IO     Solution:
Error   2024-10-06 20:05:36  DevID:MV-CS016-10UC(DA0498828)  Source-Line:libMvUsb3vTL.so(DeviceControl.cpp-L0571)     Description:[WriteMemUnit]: nLen[-1] != nSendLen[24]     Solution:
Error   2024-10-06 20:05:36  DevID:MV-CS016-10UC(DA0498828)  Source-Line:libMvUsb3vTL.so(EventProcess.cpp-L0327)     Description:[Event]Parse Packet failed, Ret[0x80000004]     Solution:
Error   2024-10-06 20:05:36  DevID:MV-CS016-10UC(DA0498828)  Source-Line:libMvUsb3vTL.so(EventProcess.cpp-L0327)     Description:[Event]Parse Packet failed, Ret[0x80000004]     Solution:
Error   2024-10-06 20:05:36  DevID:MV-CS016-10UC(DA0498828)  Source-Line:libMvUsb3vTL.so(DriverLayer.cpp-L0635)     Description:[usb_bulk_write] errcode[-1], LIBUSB_ERROR_IO     Solution:
Error   2024-10-06 20:05:36  DevID:MV-CS016-10UC(DA0498828)  Source-Line:libMvUsb3vTL.so(DeviceControl.cpp-L0571)     Description:[WriteMemUnit]: nLen[-1] != nSendLen[24]     Solution:
Error   2024-10-06 20:05:36  DevID:MV-CS016-10UC(DA0498828)  Source-Line:libMvUsb3vTL.so(DeviceControl.cpp-L1185)     Description:Set SI 1 fail, error code:[0x80000301]     Solution:
Error   2024-10-06 20:05:36  DevID:MV-CS016-10UC(DA0498828)  Source-Line:libMvUsb3vTL.so(EventProcess.cpp-L0327)     Description:[Event]Parse Packet failed, Ret[0x80000004]     Solution:
Error   2024-10-06 20:05:36  DevID:MV-CS016-10UC(DA0498828)  Source-Line:libMvUsb3vTL.so(EventProcess.cpp-L0327)     Description:[Event]Parse Packet failed, Ret[0x80000004]     Solution:
Error   2024-10-06 20:05:36  DevID:MV-CS016-10UC(DA0498828)  Source-Line:libMvUsb3vTL.so(DriverLayer.cpp-L0660)     Description:[usb_control_msg] errcode[-1]     Solution:
Error   2024-10-06 20:05:36  DevID:MV-CS016-10UC(DA0498828)  Source-Line:libMvUsb3vTL.so(DriverLayer.cpp-L0551)     Description:[libusb_clear_halt] errcode[-99], LIBUSB_ERROR_OTHER     Solution:
Error   2024-10-06 20:05:36  DevID:MV-CS016-10UC(DA0498828)  Source-Line:libMvUsb3vTL.so(EventProcess.cpp-L0327)     Description:[Event]Parse Packet failed, Ret[0x80000004]     Solution:
Error   2024-10-06 20:05:36  DevID:MV-CS016-10UC(DA0498828)  Source-Line:libMvUsb3vTL.so(EventProcess.cpp-L0327)     Description:[Event]Parse Packet failed, Ret[0x80000004]     Solution:
Error   2024-10-06 20:05:36  DevID:MV-CS016-10UC(DA0498828)  Source-Line:libMvUsb3vTL.so(EventProcess.cpp-L0327)     Description:[Event]Parse Packet failed, Ret[0x80000004]     Solution:
Error   2024-10-06 20:05:36  DevID:MV-CS016-10UC(DA0498828)  Source-Line:libMvUsb3vTL.so(EventProcess.cpp-L0327)     Description:[Event]Parse Packet failed, Ret[0x80000004]     Solution:
Error   2024-10-06 20:05:36  DevID:MV-CS016-10UC(DA0498828)  Source-Line:libMvUsb3vTL.so(DriverLayer.cpp-L0635)     Description:[usb_bulk_write] errcode[-1], LIBUSB_ERROR_IO     Solution:
Error   2024-10-06 20:05:36  DevID:MV-CS016-10UC(DA0498828)  Source-Line:libMvUsb3vTL.so(DeviceControl.cpp-L0571)     Description:[WriteMemUnit]: nLen[-1] != nSendLen[24]     Solution:
Error   2024-10-06 20:05:36  DevID:MV-CS016-10UC(DA0498828)  Source-Line:libMvUsb3vTL.so(EventProcess.cpp-L0327)     Description:[Event]Parse Packet failed, Ret[0x80000004]     Solution:
Error   2024-10-06 20:05:36  DevID:MV-CS016-10UC(DA0498828)  Source-Line:libMvUsb3vTL.so(DriverLayer.cpp-L0635)     Description:[usb_bulk_write] errcode[-1], LIBUSB_ERROR_IO     Solution:
Error   2024-10-06 20:05:36  DevID:MV-CS016-10UC(DA0498828)  Source-Line:libMvUsb3vTL.so(DeviceControl.cpp-L0571)     Description:[WriteMemUnit]: nLen[-1] != nSendLen[24]     Solution:
Error   2024-10-06 20:05:36  DevID:MV-CS016-10UC(DA0498828)  Source-Line:libMvUsb3vTL.so(DeviceControl.cpp-L1185)     Description:Set SI 1 fail, error code:[0x80000301]     Solution:
Error   2024-10-06 20:05:36  DevID:MV-CS016-10UC(DA0498828)  Source-Line:libMvUsb3vTL.so(EventProcess.cpp-L0327)     Description:[Event]Parse Packet failed, Ret[0x80000004]     Solution:
Error   2024-10-06 20:05:36  DevID:MV-CS016-10UC(DA0498828)  Source-Line:libMvUsb3vTL.so(EventProcess.cpp-L0327)     Description:[Event]Parse Packet failed, Ret[0x80000004]     Solution:
Error   2024-10-06 20:05:36  DevID:MV-CS016-10UC(DA0498828)  Source-Line:libMvUsb3vTL.so(EventProcess.cpp-L0327)     Description:[Event]Parse Packet failed, Ret[0x80000004]     Solution:
Error   2024-10-06 20:05:36  DevID:MV-CS016-10UC(DA0498828)  Source-Line:libMvUsb3vTL.so(DriverLayer.cpp-L0660)     Description:[usb_control_msg] errcode[-1]     Solution:
Error   2024-10-06 20:05:36  DevID:MV-CS016-10UC(DA0498828)  Source-Line:libMvUsb3vTL.so(DriverLayer.cpp-L0551)     Description:[libusb_clear_halt] errcode[-99], LIBUSB_ERROR_OTHER     Solution:
Error   2024-10-06 20:05:36  DevID:MV-CS016-10UC(DA0498828)  Source-Line:libMvUsb3vTL.so(EventProcess.cpp-L0327)     Description:[Event]Parse Packet failed, Ret[0x80000004]     Solution:
Error   2024-10-06 20:05:36  DevID:MV-CS016-10UC(DA0498828)  Source-Line:libMvUsb3vTL.so(EventProcess.cpp-L0327)     Description:[Event]Parse Packet failed, Ret[0x80000004]     Solution:
Error   2024-10-06 20:05:36  DevID:MV-CS016-10UC(DA0498828)  Source-Line:libMvUsb3vTL.so(EventProcess.cpp-L0327)     Description:[Event]Parse Packet failed, Ret[0x80000004]     Solution:
Error   2024-10-06 20:05:36  DevID:MV-CS016-10UC(DA0498828)  Source-Line:libMvUsb3vTL.so(DriverLayer.cpp-L0635)     Description:[usb_bulk_write] errcode[-1], LIBUSB_ERROR_IO     Solution:
Error   2024-10-06 20:05:36  DevID:MV-CS016-10UC(DA0498828)  Source-Line:libMvUsb3vTL.so(DeviceControl.cpp-L0571)     Description:[WriteMemUnit]: nLen[-1] != nSendLen[24]     Solution:
Error   2024-10-06 20:05:36  DevID:MV-CS016-10UC(DA0498828)  Source-Line:libMvUsb3vTL.so(EventProcess.cpp-L0327)     Description:[Event]Parse Packet failed, Ret[0x80000004]     Solution:
Error   2024-10-06 20:05:36  DevID:MV-CS016-10UC(DA0498828)  Source-Line:libMvUsb3vTL.so(EventProcess.cpp-L0327)     Description:[Event]Parse Packet failed, Ret[0x80000004]     Solution:
Error   2024-10-06 20:05:36  DevID:MV-CS016-10UC(DA0498828)  Source-Line:libMvUsb3vTL.so(DriverLayer.cpp-L0635)     Description:[usb_bulk_write] errcode[-1], LIBUSB_ERROR_IO     Solution:
Error   2024-10-06 20:05:36  DevID:MV-CS016-10UC(DA0498828)  Source-Line:libMvUsb3vTL.so(DeviceControl.cpp-L0571)     Description:[WriteMemUnit]: nLen[-1] != nSendLen[24]     Solution:
Error   2024-10-06 20:05:36  DevID:MV-CS016-10UC(DA0498828)  Source-Line:libMvUsb3vTL.so(DeviceControl.cpp-L1185)     Description:Set SI 1 fail, error code:[0x80000301]     Solution:
Error   2024-10-06 20:05:36  DevID:MV-CS016-10UC(DA0498828)  Source-Line:libMvUsb3vTL.so(EventProcess.cpp-L0327)     Description:[Event]Parse Packet failed, Ret[0x80000004]     Solution:
Error   2024-10-06 20:05:36  DevID:MV-CS016-10UC(DA0498828)  Source-Line:libMvUsb3vTL.so(EventProcess.cpp-L0327)     Description:[Event]Parse Packet failed, Ret[0x80000004]     Solution:
Error   2024-10-06 20:05:36  DevID:MV-CS016-10UC(DA0498828)  Source-Line:libMvUsb3vTL.so(DriverLayer.cpp-L0660)     Description:[usb_control_msg] errcode[-1]     Solution:
Error   2024-10-06 20:05:36  DevID:MV-CS016-10UC(DA0498828)  Source-Line:libMvUsb3vTL.so(EventProcess.cpp-L0327)     Description:[Event]Parse Packet failed, Ret[0x80000004]     Solution:
Error   2024-10-06 20:05:36  DevID:MV-CS016-10UC(DA0498828)  Source-Line:libMvUsb3vTL.so(DriverLayer.cpp-L0551)     Description:[libusb_clear_halt] errcode[-99], LIBUSB_ERROR_OTHER     Solution:
Error   2024-10-06 20:05:36  DevID:MV-CS016-10UC(DA0498828)  Source-Line:libMvUsb3vTL.so(EventProcess.cpp-L0327)     Description:[Event]Parse Packet failed, Ret[0x80000004]     Solution:
Error   2024-10-06 20:05:36  DevID:MV-CS016-10UC(DA0498828)  Source-Line:libMvUsb3vTL.so(EventProcess.cpp-L0327)     Description:[Event]Parse Packet failed, Ret[0x80000004]     Solution:
Error   2024-10-06 20:05:36  DevID:MV-CS016-10UC(DA0498828)  Source-Line:libMvUsb3vTL.so(DriverLayer.cpp-L0635)     Description:[usb_bulk_write] errcode[-1], LIBUSB_ERROR_IO     Solution:
Error   2024-10-06 20:05:36  DevID:MV-CS016-10UC(DA0498828)  Source-Line:libMvUsb3vTL.so(DeviceControl.cpp-L0571)     Description:[WriteMemUnit]: nLen[-1] != nSendLen[24]     Solution:
Error   2024-10-06 20:05:36  DevID:MV-CS016-10UC(DA0498828)  Source-Line:libMvUsb3vTL.so(EventProcess.cpp-L0327)     Description:[Event]Parse Packet failed, Ret[0x80000004]     Solution:
Error   2024-10-06 20:05:36  DevID:MV-CS016-10UC(DA0498828)  Source-Line:libMvUsb3vTL.so(EventProcess.cpp-L0327)     Description:[Event]Parse Packet failed, Ret[0x80000004]     Solution:
Error   2024-10-06 20:05:36  DevID:MV-CS016-10UC(DA0498828)  Source-Line:libMvUsb3vTL.so(DriverLayer.cpp-L0635)     Description:[usb_bulk_write] errcode[-1], LIBUSB_ERROR_IO     Solution:
Error   2024-10-06 20:05:36  DevID:MV-CS016-10UC(DA0498828)  Source-Line:libMvUsb3vTL.so(DeviceControl.cpp-L0571)     Description:[WriteMemUnit]: nLen[-1] != nSendLen[24]     Solution:
Error   2024-10-06 20:05:36  DevID:MV-CS016-10UC(DA0498828)  Source-Line:libMvUsb3vTL.so(DeviceControl.cpp-L1185)     Description:Set SI 1 fail, error code:[0x80000301]     Solution:
Error   2024-10-06 20:05:36  DevID:MV-CS016-10UC(DA0498828)  Source-Line:libMvUsb3vTL.so(DriverLayer.cpp-L0660)     Description:[usb_control_msg] errcode[-1]     Solution:
Error   2024-10-06 20:05:36  DevID:MV-CS016-10UC(DA0498828)  Source-Line:libMvUsb3vTL.so(EventProcess.cpp-L0327)     Description:[Event]Parse Packet failed, Ret[0x80000004]     Solution:
Error   2024-10-06 20:05:36  DevID:MV-CS016-10UC(DA0498828)  Source-Line:libMvUsb3vTL.so(DriverLayer.cpp-L0551)     Description:[libusb_clear_halt] errcode[-99], LIBUSB_ERROR_OTHER     Solution:
Error   2024-10-06 20:05:36  DevID:MV-CS016-10UC(DA0498828)  Source-Line:libMvUsb3vTL.so(EventProcess.cpp-L0327)     Description:[Event]Parse Packet failed, Ret[0x80000004]     Solution:
Error   2024-10-06 20:05:36  DevID:MV-CS016-10UC(DA0498828)  Source-Line:libMvUsb3vTL.so(EventProcess.cpp-L0327)     Description:[Event]Parse Packet failed, Ret[0x80000004]     Solution:
Error   2024-10-06 20:05:36  DevID:MV-CS016-10UC(DA0498828)  Source-Line:libMvUsb3vTL.so(EventProcess.cpp-L0327)     Description:[Event]Parse Packet failed, Ret[0x80000004]     Solution:
Error   2024-10-06 20:05:36  DevID:MV-CS016-10UC(DA0498828)  Source-Line:libMvUsb3vTL.so(DriverLayer.cpp-L0635)     Description:[usb_bulk_write] errcode[-1], LIBUSB_ERROR_IO     Solution:
Error   2024-10-06 20:05:36  DevID:MV-CS016-10UC(DA0498828)  Source-Line:libMvUsb3vTL.so(DeviceControl.cpp-L0571)     Description:[WriteMemUnit]: nLen[-1] != nSendLen[24]     Solution:
Error   2024-10-06 20:05:36  DevID:MV-CS016-10UC(DA0498828)  Source-Line:libMvUsb3vTL.so(EventProcess.cpp-L0327)     Description:[Event]Parse Packet failed, Ret[0x80000004]     Solution:
Error   2024-10-06 20:05:36  DevID:MV-CS016-10UC(DA0498828)  Source-Line:libMvUsb3vTL.so(EventProcess.cpp-L0327)     Description:[Event]Parse Packet failed, Ret[0x80000004]     Solution:
Error   2024-10-06 20:05:36  DevID:MV-CS016-10UC(DA0498828)  Source-Line:libMvUsb3vTL.so(DriverLayer.cpp-L0635)     Description:[usb_bulk_write] errcode[-1], LIBUSB_ERROR_IO     Solution:
Error   2024-10-06 20:05:36  DevID:MV-CS016-10UC(DA0498828)  Source-Line:libMvUsb3vTL.so(DeviceControl.cpp-L0571)     Description:[WriteMemUnit]: nLen[-1] != nSendLen[24]     Solution:
Error   2024-10-06 20:05:36  DevID:MV-CS016-10UC(DA0498828)  Source-Line:libMvUsb3vTL.so(DeviceControl.cpp-L1185)     Description:Set SI 1 fail, error code:[0x80000301]     Solution:
Error   2024-10-06 20:05:36  DevID:MV-CS016-10UC(DA0498828)  Source-Line:libMvUsb3vTL.so(EventProcess.cpp-L0327)     Description:[Event]Parse Packet failed, Ret[0x80000004]     Solution:
Error   2024-10-06 20:05:36  DevID:MV-CS016-10UC(DA0498828)  Source-Line:libMvUsb3vTL.so(EventProcess.cpp-L0327)     Description:[Event]Parse Packet failed, Ret[0x80000004]     Solution:
Error   2024-10-06 20:05:36  DevID:MV-CS016-10UC(DA0498828)  Source-Line:libMvUsb3vTL.so(DriverLayer.cpp-L0660)     Description:[usb_control_msg] errcode[-1]     Solution:
Error   2024-10-06 20:05:36  DevID:MV-CS016-10UC(DA0498828)  Source-Line:libMvUsb3vTL.so(EventProcess.cpp-L0327)     Description:[Event]Parse Packet failed, Ret[0x80000004]     Solution:
Error   2024-10-06 20:05:36  DevID:MV-CS016-10UC(DA0498828)  Source-Line:libMvUsb3vTL.so(DriverLayer.cpp-L0635)     Description:[usb_bulk_write] errcode[-1], LIBUSB_ERROR_IO     Solution:
Error   2024-10-06 20:05:36  DevID:MV-CS016-10UC(DA0498828)  Source-Line:libMvUsb3vTL.so(DeviceControl.cpp-L0571)     Description:[WriteMemUnit]: nLen[-1] != nSendLen[24]     Solution:
Error   2024-10-06 20:05:36  DevID:MV-CS016-10UC(DA0498828)  Source-Line:libMvUsb3vTL.so(DeviceControl.cpp-L1185)     Description:Set SI 1 fail, error code:[0x80000301]     Solution:
Error   2024-10-06 20:05:36  DevID:MV-CS016-10UC(DA0498828)  Source-Line:libMvUsb3vTL.so(EventProcess.cpp-L0327)     Description:[Event]Parse Packet failed, Ret[0x80000004]     Solution:
Error   2024-10-06 20:05:36  DevID:MV-CS016-10UC(DA0498828)  Source-Line:libMvUsb3vTL.so(EventProcess.cpp-L0327)     Description:[Event]Parse Packet failed, Ret[0x80000004]     Solution:
Error   2024-10-06 20:05:36  DevID:MV-CS016-10UC(DA0498828)  Source-Line:libMvUsb3vTL.so(DriverLayer.cpp-L0660)     Description:[usb_control_msg] errcode[-1]     Solution:
Error   2024-10-06 20:05:36  DevID:MV-CS016-10UC(DA0498828)  Source-Line:libMvUsb3vTL.so(DriverLayer.cpp-L0551)     Description:[libusb_clear_halt] errcode[-99], LIBUSB_ERROR_OTHER     Solution:
Error   2024-10-06 20:05:36  DevID:MV-CS016-10UC(DA0498828)  Source-Line:libMvUsb3vTL.so(EventProcess.cpp-L0327)     Description:[Event]Parse Packet failed, Ret[0x80000004]     Solution:
Error   2024-10-06 20:05:36  DevID:MV-CS016-10UC(DA0498828)  Source-Line:libMvUsb3vTL.so(EventProcess.cpp-L0327)     Description:[Event]Parse Packet failed, Ret[0x80000004]     Solution:
Error   2024-10-06 20:05:36  DevID:MV-CS016-10UC(DA0498828)  Source-Line:libMvUsb3vTL.so(EventProcess.cpp-L0327)     Description:[Event]Parse Packet failed, Ret[0x80000004]     Solution:
Error   2024-10-06 20:05:36  DevID:MV-CS016-10UC(DA0498828)  Source-Line:libMvUsb3vTL.so(EventProcess.cpp-L0327)     Description:[Event]Parse Packet failed, Ret[0x80000004]     Solution:
Error   2024-10-06 20:05:36  DevID:MV-CS016-10UC(DA0498828)  Source-Line:libMvUsb3vTL.so(DriverLayer.cpp-L0635)     Description:[usb_bulk_write] errcode[-1], LIBUSB_ERROR_IO     Solution:
Error   2024-10-06 20:05:36  DevID:MV-CS016-10UC(DA0498828)  Source-Line:libMvUsb3vTL.so(DeviceControl.cpp-L0571)     Description:[WriteMemUnit]: nLen[-1] != nSendLen[24]     Solution:
Error   2024-10-06 20:05:36  DevID:MV-CS016-10UC(DA0498828)  Source-Line:libMvUsb3vTL.so(EventProcess.cpp-L0327)     Description:[Event]Parse Packet failed, Ret[0x80000004]     Solution:
Error   2024-10-06 20:05:36  DevID:MV-CS016-10UC(DA0498828)  Source-Line:libMvUsb3vTL.so(DriverLayer.cpp-L0635)     Description:[usb_bulk_write] errcode[-1], LIBUSB_ERROR_IO     Solution:
Error   2024-10-06 20:05:36  DevID:MV-CS016-10UC(DA0498828)  Source-Line:libMvUsb3vTL.so(DeviceControl.cpp-L0571)     Description:[WriteMemUnit]: nLen[-1] != nSendLen[24]     Solution:
Error   2024-10-06 20:05:36  DevID:MV-CS016-10UC(DA0498828)  Source-Line:libMvUsb3vTL.so(DeviceControl.cpp-L1185)     Description:Set SI 1 fail, error code:[0x80000301]     Solution:
Error   2024-10-06 20:05:36  DevID:MV-CS016-10UC(DA0498828)  Source-Line:libMvUsb3vTL.so(EventProcess.cpp-L0327)     Description:[Event]Parse Packet failed, Ret[0x80000004]     Solution:
Error   2024-10-06 20:05:36  DevID:MV-CS016-10UC(DA0498828)  Source-Line:libMvUsb3vTL.so(EventProcess.cpp-L0327)     Description:[Event]Parse Packet failed, Ret[0x80000004]     Solution:
Error   2024-10-06 20:05:36  DevID:MV-CS016-10UC(DA0498828)  Source-Line:libMvUsb3vTL.so(DriverLayer.cpp-L0660)     Description:[usb_control_msg] errcode[-1]     Solution:
Error   2024-10-06 20:05:36  DevID:MV-CS016-10UC(DA0498828)  Source-Line:libMvUsb3vTL.so(DriverLayer.cpp-L0551)     Description:[libusb_clear_halt] errcode[-99], LIBUSB_ERROR_OTHER     Solution:
Error   2024-10-06 20:05:36  DevID:MV-CS016-10UC(DA0498828)  Source-Line:libMvUsb3vTL.so(EventProcess.cpp-L0327)     Description:[Event]Parse Packet failed, Ret[0x80000004]     Solution:
Error   2024-10-06 20:05:36  DevID:MV-CS016-10UC(DA0498828)  Source-Line:libMvUsb3vTL.so(EventProcess.cpp-L0327)     Description:[Event]Parse Packet failed, Ret[0x80000004]     Solution:
Error   2024-10-06 20:05:36  DevID:MV-CS016-10UC(DA0498828)  Source-Line:libMvUsb3vTL.so(EventProcess.cpp-L0327)     Description:[Event]Parse Packet failed, Ret[0x80000004]     Solution:
Error   2024-10-06 20:05:36  DevID:MV-CS016-10UC(DA0498828)  Source-Line:libMvUsb3vTL.so(DriverLayer.cpp-L0635)     Description:[usb_bulk_write] errcode[-1], LIBUSB_ERROR_IO     Solution:
Error   2024-10-06 20:05:36  DevID:MV-CS016-10UC(DA0498828)  Source-Line:libMvUsb3vTL.so(DeviceControl.cpp-L0571)     Description:[WriteMemUnit]: nLen[-1] != nSendLen[24]     Solution:
Error   2024-10-06 20:05:36  DevID:MV-CS016-10UC(DA0498828)  Source-Line:libMvUsb3vTL.so(EventProcess.cpp-L0327)     Description:[Event]Parse Packet failed, Ret[0x80000004]     Solution:
Error   2024-10-06 20:05:36  DevID:MV-CS016-10UC(DA0498828)  Source-Line:libMvUsb3vTL.so(DriverLayer.cpp-L0635)     Description:[usb_bulk_write] errcode[-1], LIBUSB_ERROR_IO     Solution:
Error   2024-10-06 20:05:36  DevID:MV-CS016-10UC(DA0498828)  Source-Line:libMvUsb3vTL.so(DeviceControl.cpp-L0571)     Description:[WriteMemUnit]: nLen[-1] != nSendLen[24]     Solution:
Error   2024-10-06 20:05:36  DevID:MV-CS016-10UC(DA0498828)  Source-Line:libMvUsb3vTL.so(DeviceControl.cpp-L1185)     Description:Set SI 1 fail, error code:[0x80000301]     Solution:
Error   2024-10-06 20:05:36  DevID:MV-CS016-10UC(DA0498828)  Source-Line:libMvUsb3vTL.so(EventProcess.cpp-L0327)     Description:[Event]Parse Packet failed, Ret[0x80000004]     Solution:
Error   2024-10-06 20:05:36  DevID:MV-CS016-10UC(DA0498828)  Source-Line:libMvUsb3vTL.so(EventProcess.cpp-L0327)     Description:[Event]Parse Packet failed, Ret[0x80000004]     Solution:
Error   2024-10-06 20:05:36  DevID:MV-CS016-10UC(DA0498828)  Source-Line:libMvUsb3vTL.so(DriverLayer.cpp-L0635)     Description:[usb_bulk_write] errcode[-1], LIBUSB_ERROR_IO     Solution:
Error   2024-10-06 20:05:36  DevID:MV-CS016-10UC(DA0498828)  Source-Line:libMvUsb3vTL.so(DeviceControl.cpp-L0571)     Description:[WriteMemUnit]: nLen[-1] != nSendLen[24]     Solution:
Error   2024-10-06 20:05:36  DevID:MV-CS016-10UC(DA0498828)  Source-Line:libMvUsb3vTL.so(EventProcess.cpp-L0327)     Description:[Event]Parse Packet failed, Ret[0x80000004]     Solution:
Error   2024-10-06 20:05:36  DevID:MV-CS016-10UC(DA0498828)  Source-Line:libMvUsb3vTL.so(EventProcess.cpp-L0327)     Description:[Event]Parse Packet failed, Ret[0x80000004]     Solution:
Error   2024-10-06 20:05:36  DevID:MV-CS016-10UC(DA0498828)  Source-Line:libMvUsb3vTL.so(DriverLayer.cpp-L0635)     Description:[usb_bulk_write] errcode[-1], LIBUSB_ERROR_IO     Solution:
Error   2024-10-06 20:05:36  DevID:MV-CS016-10UC(DA0498828)  Source-Line:libMvUsb3vTL.so(DeviceControl.cpp-L0571)     Description:[WriteMemUnit]: nLen[-1] != nSendLen[24]     Solution:
Error   2024-10-06 20:05:36  DevID:MV-CS016-10UC(DA0498828)  Source-Line:libMvUsb3vTL.so(DeviceControl.cpp-L1185)     Description:Set SI 1 fail, error code:[0x80000301]     Solution:
Error   2024-10-06 20:05:36  DevID:MV-CS016-10UC(DA0498828)  Source-Line:libMvUsb3vTL.so(EventProcess.cpp-L0327)     Description:[Event]Parse Packet failed, Ret[0x80000004]     Solution:
Error   2024-10-06 20:05:36  DevID:MV-CS016-10UC(DA0498828)  Source-Line:libMvUsb3vTL.so(EventProcess.cpp-L0327)     Description:[Event]Parse Packet failed, Ret[0x80000004]     Solution:
Error   2024-10-06 20:05:36  DevID:MV-CS016-10UC(DA0498828)  Source-Line:libMvUsb3vTL.so(DriverLayer.cpp-L0660)     Description:[usb_control_msg] errcode[-1]     Solution:
Error   2024-10-06 20:05:36  DevID:MV-CS016-10UC(DA0498828)  Source-Line:libMvUsb3vTL.so(DriverLayer.cpp-L0551)     Description:[libusb_clear_halt] errcode[-99], LIBUSB_ERROR_OTHER     Solution:
Error   2024-10-06 20:05:36  DevID:MV-CS016-10UC(DA0498828)  Source-Line:libMvUsb3vTL.so(EventProcess.cpp-L0327)     Description:[Event]Parse Packet failed, Ret[0x80000004]     Solution:
Error   2024-10-06 20:05:36  DevID:MV-CS016-10UC(DA0498828)  Source-Line:libMvUsb3vTL.so(EventProcess.cpp-L0327)     Description:[Event]Parse Packet failed, Ret[0x80000004]     Solution:
Error   2024-10-06 20:05:36  DevID:MV-CS016-10UC(DA0498828)  Source-Line:libMvUsb3vTL.so(EventProcess.cpp-L0327)     Description:[Event]Parse Packet failed, Ret[0x80000004]     Solution:
Error   2024-10-06 20:05:36  DevID:MV-CS016-10UC(DA0498828)  Source-Line:libMvUsb3vTL.so(DriverLayer.cpp-L0635)     Description:[usb_bulk_write] errcode[-1], LIBUSB_ERROR_IO     Solution:
Error   2024-10-06 20:05:36  DevID:MV-CS016-10UC(DA0498828)  Source-Line:libMvUsb3vTL.so(DeviceControl.cpp-L0571)     Description:[WriteMemUnit]: nLen[-1] != nSendLen[24]     Solution:
Error   2024-10-06 20:05:36  DevID:MV-CS016-10UC(DA0498828)  Source-Line:libMvUsb3vTL.so(EventProcess.cpp-L0327)     Description:[Event]Parse Packet failed, Ret[0x80000004]     Solution:
Error   2024-10-06 20:05:36  DevID:MV-CS016-10UC(DA0498828)  Source-Line:libMvUsb3vTL.so(DriverLayer.cpp-L0635)     Description:[usb_bulk_write] errcode[-1], LIBUSB_ERROR_IO     Solution:
Error   2024-10-06 20:05:36  DevID:MV-CS016-10UC(DA0498828)  Source-Line:libMvUsb3vTL.so(DeviceControl.cpp-L0571)     Description:[WriteMemUnit]: nLen[-1] != nSendLen[24]     Solution:
Error   2024-10-06 20:05:36  DevID:MV-CS016-10UC(DA0498828)  Source-Line:libMvUsb3vTL.so(DeviceControl.cpp-L1185)     Description:Set SI 1 fail, error code:[0x80000301]     Solution:
Error   2024-10-06 20:05:36  DevID:MV-CS016-10UC(DA0498828)  Source-Line:libMvUsb3vTL.so(EventProcess.cpp-L0327)     Description:[Event]Parse Packet failed, Ret[0x80000004]     Solution:
Error   2024-10-06 20:05:36  DevID:MV-CS016-10UC(DA0498828)  Source-Line:libMvUsb3vTL.so(EventProcess.cpp-L0327)     Description:[Event]Parse Packet failed, Ret[0x80000004]     Solution:
Error   2024-10-06 20:05:36  DevID:MV-CS016-10UC(DA0498828)  Source-Line:libMvUsb3vTL.so(EventProcess.cpp-L0327)     Description:[Event]Parse Packet failed, Ret[0x80000004]     Solution:
Error   2024-10-06 20:05:36  DevID:MV-CS016-10UC(DA0498828)  Source-Line:libMvUsb3vTL.so(DriverLayer.cpp-L0660)     Description:[usb_control_msg] errcode[-1]     Solution:
Error   2024-10-06 20:05:36  DevID:MV-CS016-10UC(DA0498828)  Source-Line:libMvUsb3vTL.so(DriverLayer.cpp-L0551)     Description:[libusb_clear_halt] errcode[-99], LIBUSB_ERROR_OTHER     Solution:
Error   2024-10-06 20:05:36  DevID:MV-CS016-10UC(DA0498828)  Source-Line:libMvUsb3vTL.so(EventProcess.cpp-L0327)     Description:[Event]Parse Packet failed, Ret[0x80000004]     Solution:
Error   2024-10-06 20:05:36  DevID:MV-CS016-10UC(DA0498828)  Source-Line:libMvUsb3vTL.so(EventProcess.cpp-L0327)     Description:[Event]Parse Packet failed, Ret[0x80000004]     Solution:
Error   2024-10-06 20:05:36  DevID:MV-CS016-10UC(DA0498828)  Source-Line:libMvUsb3vTL.so(EventProcess.cpp-L0327)     Description:[Event]Parse Packet failed, Ret[0x80000004]     Solution:
Error   2024-10-06 20:05:36  DevID:MV-CS016-10UC(DA0498828)  Source-Line:libMvUsb3vTL.so(DriverLayer.cpp-L0635)     Description:[usb_bulk_write] errcode[-1], LIBUSB_ERROR_IO     Solution:
Error   2024-10-06 20:05:36  DevID:MV-CS016-10UC(DA0498828)  Source-Line:libMvUsb3vTL.so(DeviceControl.cpp-L0571)     Description:[WriteMemUnit]: nLen[-1] != nSendLen[24]     Solution:
Error   2024-10-06 20:05:36  DevID:MV-CS016-10UC(DA0498828)  Source-Line:libMvUsb3vTL.so(DriverLayer.cpp-L0635)     Description:[usb_bulk_write] errcode[-1], LIBUSB_ERROR_IO     Solution:
Error   2024-10-06 20:05:36  DevID:MV-CS016-10UC(DA0498828)  Source-Line:libMvUsb3vTL.so(DeviceControl.cpp-L0571)     Description:[WriteMemUnit]: nLen[-1] != nSendLen[24]     Solution:
Error   2024-10-06 20:05:36  DevID:MV-CS016-10UC(DA0498828)  Source-Line:libMvUsb3vTL.so(DeviceControl.cpp-L1185)     Description:Set SI 1 fail, error code:[0x80000301]     Solution:
Error   2024-10-06 20:05:36  DevID:MV-CS016-10UC(DA0498828)  Source-Line:libMvUsb3vTL.so(EventProcess.cpp-L0327)     Description:[Event]Parse Packet failed, Ret[0x80000004]     Solution:
Error   2024-10-06 20:05:36  DevID:MV-CS016-10UC(DA0498828)  Source-Line:libMvUsb3vTL.so(DriverLayer.cpp-L0660)     Description:[usb_control_msg] errcode[-1]     Solution:
Error   2024-10-06 20:05:36  DevID:MV-CS016-10UC(DA0498828)  Source-Line:libMvUsb3vTL.so(EventProcess.cpp-L0327)     Description:[Event]Parse Packet failed, Ret[0x80000004]     Solution:
Error   2024-10-06 20:05:36  DevID:MV-CS016-10UC(DA0498828)  Source-Line:libMvUsb3vTL.so(DriverLayer.cpp-L0551)     Description:[libusb_clear_halt] errcode[-99], LIBUSB_ERROR_OTHER     Solution:
Error   2024-10-06 20:05:36  DevID:MV-CS016-10UC(DA0498828)  Source-Line:libMvUsb3vTL.so(EventProcess.cpp-L0327)     Description:[Event]Parse Packet failed, Ret[0x80000004]     Solution:
Error   2024-10-06 20:05:36  DevID:MV-CS016-10UC(DA0498828)  Source-Line:libMvUsb3vTL.so(EventProcess.cpp-L0327)     Description:[Event]Parse Packet failed, Ret[0x80000004]     Solution:
Error   2024-10-06 20:05:36  DevID:MV-CS016-10UC(DA0498828)  Source-Line:libMvUsb3vTL.so(DriverLayer.cpp-L0635)     Description:[usb_bulk_write] errcode[-1], LIBUSB_ERROR_IO     Solution:
Error   2024-10-06 20:05:36  DevID:MV-CS016-10UC(DA0498828)  Source-Line:libMvUsb3vTL.so(DeviceControl.cpp-L0571)     Description:[WriteMemUnit]: nLen[-1] != nSendLen[24]     Solution:
Error   2024-10-06 20:05:36  DevID:MV-CS016-10UC(DA0498828)  Source-Line:libMvUsb3vTL.so(EventProcess.cpp-L0327)     Description:[Event]Parse Packet failed, Ret[0x80000004]     Solution:
Error   2024-10-06 20:05:36  DevID:MV-CS016-10UC(DA0498828)  Source-Line:libMvUsb3vTL.so(DriverLayer.cpp-L0635)     Description:[usb_bulk_write] errcode[-1], LIBUSB_ERROR_IO     Solution:
Error   2024-10-06 20:05:36  DevID:MV-CS016-10UC(DA0498828)  Source-Line:libMvUsb3vTL.so(DeviceControl.cpp-L0571)     Description:[WriteMemUnit]: nLen[-1] != nSendLen[24]     Solution:
Error   2024-10-06 20:05:36  DevID:MV-CS016-10UC(DA0498828)  Source-Line:libMvUsb3vTL.so(DeviceControl.cpp-L1185)     Description:Set SI 1 fail, error code:[0x80000301]     Solution:
Error   2024-10-06 20:05:36  DevID:MV-CS016-10UC(DA0498828)  Source-Line:libMvUsb3vTL.so(EventProcess.cpp-L0327)     Description:[Event]Parse Packet failed, Ret[0x80000004]     Solution:
Error   2024-10-06 20:05:36  DevID:MV-CS016-10UC(DA0498828)  Source-Line:libMvUsb3vTL.so(EventProcess.cpp-L0327)     Description:[Event]Parse Packet failed, Ret[0x80000004]     Solution:
Error   2024-10-06 20:05:36  DevID:MV-CS016-10UC(DA0498828)  Source-Line:libMvUsb3vTL.so(DriverLayer.cpp-L0660)     Description:[usb_control_msg] errcode[-1]     Solution:
Error   2024-10-06 20:05:36  DevID:MV-CS016-10UC(DA0498828)  Source-Line:libMvUsb3vTL.so(EventProcess.cpp-L0327)     Description:[Event]Parse Packet failed, Ret[0x80000004]     Solution:
Error   2024-10-06 20:05:36  DevID:MV-CS016-10UC(DA0498828)  Source-Line:libMvUsb3vTL.so(DriverLayer.cpp-L0551)     Description:[libusb_clear_halt] errcode[-99], LIBUSB_ERROR_OTHER     Solution:
Error   2024-10-06 20:05:36  DevID:MV-CS016-10UC(DA0498828)  Source-Line:libMvUsb3vTL.so(EventProcess.cpp-L0327)     Description:[Event]Parse Packet failed, Ret[0x80000004]     Solution:
Error   2024-10-06 20:05:36  DevID:MV-CS016-10UC(DA0498828)  Source-Line:libMvUsb3vTL.so(DriverLayer.cpp-L0635)     Description:[usb_bulk_write] errcode[-1], LIBUSB_ERROR_IO     Solution:
Error   2024-10-06 20:05:36  DevID:MV-CS016-10UC(DA0498828)  Source-Line:libMvUsb3vTL.so(DeviceControl.cpp-L0571)     Description:[WriteMemUnit]: nLen[-1] != nSendLen[24]     Solution:
Error   2024-10-06 20:05:36  DevID:MV-CS016-10UC(DA0498828)  Source-Line:libMvUsb3vTL.so(EventProcess.cpp-L0327)     Description:[Event]Parse Packet failed, Ret[0x80000004]     Solution:
Error   2024-10-06 20:05:36  DevID:MV-CS016-10UC(DA0498828)  Source-Line:libMvUsb3vTL.so(EventProcess.cpp-L0327)     Description:[Event]Parse Packet failed, Ret[0x80000004]     Solution:
Error   2024-10-06 20:05:36  DevID:MV-CS016-10UC(DA0498828)  Source-Line:libMvUsb3vTL.so(DriverLayer.cpp-L0635)     Description:[usb_bulk_write] errcode[-1], LIBUSB_ERROR_IO     Solution:
Error   2024-10-06 20:05:36  DevID:MV-CS016-10UC(DA0498828)  Source-Line:libMvUsb3vTL.so(DeviceControl.cpp-L0571)     Description:[WriteMemUnit]: nLen[-1] != nSendLen[24]     Solution:
Error   2024-10-06 20:05:36  DevID:MV-CS016-10UC(DA0498828)  Source-Line:libMvUsb3vTL.so(DeviceControl.cpp-L1185)     Description:Set SI 1 fail, error code:[0x80000301]     Solution:
Error   2024-10-06 20:05:36  DevID:MV-CS016-10UC(DA0498828)  Source-Line:libMvUsb3vTL.so(EventProcess.cpp-L0327)     Description:[Event]Parse Packet failed, Ret[0x80000004]     Solution:
Error   2024-10-06 20:05:36  DevID:MV-CS016-10UC(DA0498828)  Source-Line:libMvUsb3vTL.so(EventProcess.cpp-L0327)     Description:[Event]Parse Packet failed, Ret[0x80000004]     Solution:
Error   2024-10-06 20:05:36  DevID:MV-CS016-10UC(DA0498828)  Source-Line:libMvUsb3vTL.so(DriverLayer.cpp-L0660)     Description:[usb_control_msg] errcode[-1]     Solution:
Error   2024-10-06 20:05:36  DevID:MV-CS016-10UC(DA0498828)  Source-Line:libMvUsb3vTL.so(DriverLayer.cpp-L0551)     Description:[libusb_clear_halt] errcode[-99], LIBUSB_ERROR_OTHER     Solution:
Error   2024-10-06 20:05:36  DevID:MV-CS016-10UC(DA0498828)  Source-Line:libMvUsb3vTL.so(EventProcess.cpp-L0327)     Description:[Event]Parse Packet failed, Ret[0x80000004]     Solution:
Error   2024-10-06 20:05:36  DevID:MV-CS016-10UC(DA0498828)  Source-Line:libMvUsb3vTL.so(DriverLayer.cpp-L0660)     Description:[usb_control_msg] errcode[-1]     Solution:
Error   2024-10-06 20:05:36  DevID:MV-CS016-10UC(DA0498828)  Source-Line:libMvUsb3vTL.so(DriverLayer.cpp-L0551)     Description:[libusb_clear_halt] errcode[-99], LIBUSB_ERROR_OTHER     Solution:
Error   2024-10-06 20:05:36  DevID:MV-CS016-10UC(DA0498828)  Source-Line:libMvUsb3vTL.so(EventProcess.cpp-L0327)     Description:[Event]Parse Packet failed, Ret[0x80000004]     Solution:
Error   2024-10-06 20:05:36  DevID:MV-CS016-10UC(DA0498828)  Source-Line:libMvUsb3vTL.so(EventProcess.cpp-L0327)     Description:[Event]Parse Packet failed, Ret[0x80000004]     Solution:
Error   2024-10-06 20:05:36  DevID:MV-CS016-10UC(DA0498828)  Source-Line:libMvUsb3vTL.so(EventProcess.cpp-L0327)     Description:[Event]Parse Packet failed, Ret[0x80000004]     Solution:
Error   2024-10-06 20:05:36  DevID:MV-CS016-10UC(DA0498828)  Source-Line:libMvUsb3vTL.so(DriverLayer.cpp-L0635)     Description:[usb_bulk_write] errcode[-1], LIBUSB_ERROR_IO     Solution:
Error   2024-10-06 20:05:36  DevID:MV-CS016-10UC(DA0498828)  Source-Line:libMvUsb3vTL.so(DeviceControl.cpp-L0571)     Description:[WriteMemUnit]: nLen[-1] != nSendLen[24]     Solution:
Error   2024-10-06 20:05:36  DevID:MV-CS016-10UC(DA0498828)  Source-Line:libMvUsb3vTL.so(EventProcess.cpp-L0327)     Description:[Event]Parse Packet failed, Ret[0x80000004]     Solution:
Error   2024-10-06 20:05:36  DevID:MV-CS016-10UC(DA0498828)  Source-Line:libMvUsb3vTL.so(EventProcess.cpp-L0327)     Description:[Event]Parse Packet failed, Ret[0x80000004]     Solution:
Error   2024-10-06 20:05:36  DevID:MV-CS016-10UC(DA0498828)  Source-Line:libMvUsb3vTL.so(DriverLayer.cpp-L0635)     Description:[usb_bulk_write] errcode[-1], LIBUSB_ERROR_IO     Solution:
Error   2024-10-06 20:05:36  DevID:MV-CS016-10UC(DA0498828)  Source-Line:libMvUsb3vTL.so(DeviceControl.cpp-L0571)     Description:[WriteMemUnit]: nLen[-1] != nSendLen[24]     Solution:
Error   2024-10-06 20:05:36  DevID:MV-CS016-10UC(DA0498828)  Source-Line:libMvUsb3vTL.so(DeviceControl.cpp-L1185)     Description:Set SI 1 fail, error code:[0x80000301]     Solution:
Error   2024-10-06 20:05:36  DevID:MV-CS016-10UC(DA0498828)  Source-Line:libMvUsb3vTL.so(EventProcess.cpp-L0327)     Description:[Event]Parse Packet failed, Ret[0x80000004]     Solution:
Error   2024-10-06 20:05:36  DevID:MV-CS016-10UC(DA0498828)  Source-Line:libMvUsb3vTL.so(DriverLayer.cpp-L0660)     Description:[usb_control_msg] errcode[-1]     Solution:
Error   2024-10-06 20:05:36  DevID:MV-CS016-10UC(DA0498828)  Source-Line:libMvUsb3vTL.so(DriverLayer.cpp-L0551)     Description:[libusb_clear_halt] errcode[-99], LIBUSB_ERROR_OTHER     Solution:
Error   2024-10-06 20:05:36  DevID:MV-CS016-10UC(DA0498828)  Source-Line:libMvUsb3vTL.so(EventProcess.cpp-L0327)     Description:[Event]Parse Packet failed, Ret[0x80000004]     Solution:
Error   2024-10-06 20:05:36  DevID:MV-CS016-10UC(DA0498828)  Source-Line:libMvUsb3vTL.so(EventProcess.cpp-L0327)     Description:[Event]Parse Packet failed, Ret[0x80000004]     Solution:
Error   2024-10-06 20:05:36  DevID:MV-CS016-10UC(DA0498828)  Source-Line:libMvUsb3vTL.so(EventProcess.cpp-L0327)     Description:[Event]Parse Packet failed, Ret[0x80000004]     Solution:
Error   2024-10-06 20:05:36  DevID:MV-CS016-10UC(DA0498828)  Source-Line:libMvUsb3vTL.so(DriverLayer.cpp-L0635)     Description:[usb_bulk_write] errcode[-1], LIBUSB_ERROR_IO     Solution:
Error   2024-10-06 20:05:36  DevID:MV-CS016-10UC(DA0498828)  Source-Line:libMvUsb3vTL.so(DeviceControl.cpp-L0571)     Description:[WriteMemUnit]: nLen[-1] != nSendLen[24]     Solution:
Error   2024-10-06 20:05:36  DevID:MV-CS016-10UC(DA0498828)  Source-Line:libMvUsb3vTL.so(EventProcess.cpp-L0327)     Description:[Event]Parse Packet failed, Ret[0x80000004]     Solution:
Error   2024-10-06 20:05:36  DevID:MV-CS016-10UC(DA0498828)  Source-Line:libMvUsb3vTL.so(EventProcess.cpp-L0327)     Description:[Event]Parse Packet failed, Ret[0x80000004]     Solution:
Error   2024-10-06 20:05:36  DevID:MV-CS016-10UC(DA0498828)  Source-Line:libMvUsb3vTL.so(DriverLayer.cpp-L0635)     Description:[usb_bulk_write] errcode[-1], LIBUSB_ERROR_IO     Solution:
Error   2024-10-06 20:05:36  DevID:MV-CS016-10UC(DA0498828)  Source-Line:libMvUsb3vTL.so(DeviceControl.cpp-L0571)     Description:[WriteMemUnit]: nLen[-1] != nSendLen[24]     Solution:
Error   2024-10-06 20:05:36  DevID:MV-CS016-10UC(DA0498828)  Source-Line:libMvUsb3vTL.so(DeviceControl.cpp-L1185)     Description:Set SI 1 fail, error code:[0x80000301]     Solution:
Error   2024-10-06 20:05:36  DevID:MV-CS016-10UC(DA0498828)  Source-Line:libMvUsb3vTL.so(EventProcess.cpp-L0327)     Description:[Event]Parse Packet failed, Ret[0x80000004]     Solution:
Error   2024-10-06 20:05:36  DevID:MV-CS016-10UC(DA0498828)  Source-Line:libMvUsb3vTL.so(EventProcess.cpp-L0327)     Description:[Event]Parse Packet failed, Ret[0x80000004]     Solution:
Error   2024-10-06 20:05:36  DevID:MV-CS016-10UC(DA0498828)  Source-Line:libMvUsb3vTL.so(DriverLayer.cpp-L0660)     Description:[usb_control_msg] errcode[-1]     Solution:
Error   2024-10-06 20:05:36  DevID:MV-CS016-10UC(DA0498828)  Source-Line:libMvUsb3vTL.so(DriverLayer.cpp-L0551)     Description:[libusb_clear_halt] errcode[-99], LIBUSB_ERROR_OTHER     Solution:
Error   2024-10-06 20:05:36  DevID:MV-CS016-10UC(DA0498828)  Source-Line:libMvUsb3vTL.so(EventProcess.cpp-L0327)     Description:[Event]Parse Packet failed, Ret[0x80000004]     Solution:
Error   2024-10-06 20:05:36  DevID:MV-CS016-10UC(DA0498828)  Source-Line:libMvUsb3vTL.so(EventProcess.cpp-L0327)     Description:[Event]Parse Packet failed, Ret[0x80000004]     Solution:
Error   2024-10-06 20:05:36  DevID:MV-CS016-10UC(DA0498828)  Source-Line:libMvUsb3vTL.so(DriverLayer.cpp-L0635)     Description:[usb_bulk_write] errcode[-1], LIBUSB_ERROR_IO     Solution:
Error   2024-10-06 20:05:36  DevID:MV-CS016-10UC(DA0498828)  Source-Line:libMvUsb3vTL.so(DeviceControl.cpp-L0571)     Description:[WriteMemUnit]: nLen[-1] != nSendLen[24]     Solution:
Error   2024-10-06 20:05:36  DevID:MV-CS016-10UC(DA0498828)  Source-Line:libMvUsb3vTL.so(DeviceControl.cpp-L1185)     Description:Set SI 1 fail, error code:[0x80000301]     Solution:
Error   2024-10-06 20:05:36  DevID:MV-CS016-10UC(DA0498828)  Source-Line:libMvUsb3vTL.so(EventProcess.cpp-L0327)     Description:[Event]Parse Packet failed, Ret[0x80000004]     Solution:
Error   2024-10-06 20:05:36  DevID:MV-CS016-10UC(DA0498828)  Source-Line:libMvUsb3vTL.so(EventProcess.cpp-L0327)     Description:[Event]Parse Packet failed, Ret[0x80000004]     Solution:
Error   2024-10-06 20:05:36  DevID:MV-CS016-10UC(DA0498828)  Source-Line:libMvUsb3vTL.so(EventProcess.cpp-L0327)     Description:[Event]Parse Packet failed, Ret[0x80000004]     Solution:
Error   2024-10-06 20:05:36  DevID:MV-CS016-10UC(DA0498828)  Source-Line:libMvUsb3vTL.so(EventProcess.cpp-L0327)     Description:[Event]Parse Packet failed, Ret[0x80000004]     Solution:
Error   2024-10-06 20:05:36  DevID:MV-CS016-10UC(DA0498828)  Source-Line:libMvUsb3vTL.so(EventProcess.cpp-L0327)     Description:[Event]Parse Packet failed, Ret[0x80000004]     Solution:
Error   2024-10-06 20:05:36  DevID:MV-CS016-10UC(DA0498828)  Source-Line:libMvUsb3vTL.so(EventProcess.cpp-L0327)     Description:[Event]Parse Packet failed, Ret[0x80000004]     Solution:
Error   2024-10-06 20:05:36  DevID:MV-CS016-10UC(DA0498828)  Source-Line:libMvUsb3vTL.so(EventProcess.cpp-L0327)     Description:[Event]Parse Packet failed, Ret[0x80000004]     Solution:
Error   2024-10-06 20:05:36  DevID:MV-CS016-10UC(DA0498828)  Source-Line:libMvUsb3vTL.so(EventProcess.cpp-L0327)     Description:[Event]Parse Packet failed, Ret[0x80000004]     Solution:
Error   2024-10-06 20:05:36  DevID:MV-CS016-10UC(DA0498828)  Source-Line:libMvUsb3vTL.so(EventProcess.cpp-L0327)     Description:[Event]Parse Packet failed, Ret[0x80000004]     Solution:
Error   2024-10-06 20:05:36  DevID:MV-CS016-10UC(DA0498828)  Source-Line:libMvUsb3vTL.so(EventProcess.cpp-L0327)     Description:[Event]Parse Packet failed, Ret[0x80000004]     Solution:
Error   2024-10-06 20:05:36  DevID:MV-CS016-10UC(DA0498828)  Source-Line:libMvUsb3vTL.so(EventProcess.cpp-L0327)     Description:[Event]Parse Packet failed, Ret[0x80000004]     Solution:
Error   2024-10-06 20:05:36  DevID:MV-CS016-10UC(DA0498828)  Source-Line:libMvUsb3vTL.so(StreamProcess.cpp-L1065)     Description:[ReadAsync] error code is:[1],i = [0], errno[71], Halt Total Count[2]     Solution:
Error   2024-10-06 20:05:36  DevID:MV-CS016-10UC(DA0498828)  Source-Line:libMvUsb3vTL.so(EventProcess.cpp-L0327)     Description:[Event]Parse Packet failed, Ret[0x80000004]     Solution:
Error   2024-10-06 20:05:36  DevID:MV-CS016-10UC(DA0498828)  Source-Line:libMvUsb3vTL.so(EventProcess.cpp-L0327)     Description:[Event]Parse Packet failed, Ret[0x80000004]     Solution:
Error   2024-10-06 20:05:36  DevID:MV-CS016-10UC(DA0498828)  Source-Line:libMvUsb3vTL.so(EventProcess.cpp-L0327)     Description:[Event]Parse Packet failed, Ret[0x80000004]     Solution:
Error   2024-10-06 20:05:36  DevID:MV-CS016-10UC(DA0498828)  Source-Line:libMvUsb3vTL.so(EventProcess.cpp-L0327)     Description:[Event]Parse Packet failed, Ret[0x80000004]     Solution:
Error   2024-10-06 20:05:36  DevID:MV-CS016-10UC(DA0498828)  Source-Line:libMvUsb3vTL.so(EventProcess.cpp-L0327)     Description:[Event]Parse Packet failed, Ret[0x80000004]     Solution:
Error   2024-10-06 20:05:36  DevID:MV-CS016-10UC(DA0498828)  Source-Line:libMvUsb3vTL.so(DriverLayer.cpp-L0660)     Description:[usb_control_msg] errcode[-1]     Solution:
Error   2024-10-06 20:05:36  DevID:MV-CS016-10UC(DA0498828)  Source-Line:libMvUsb3vTL.so(EventProcess.cpp-L0327)     Description:[Event]Parse Packet failed, Ret[0x80000004]     Solution:
Error   2024-10-06 20:05:36  DevID:MV-CS016-10UC(DA0498828)  Source-Line:libMvUsb3vTL.so(EventProcess.cpp-L0327)     Description:[Event]Parse Packet failed, Ret[0x80000004]     Solution:
Error   2024-10-06 20:05:36  DevID:MV-CS016-10UC(DA0498828)  Source-Line:libMvUsb3vTL.so(EventProcess.cpp-L0327)     Description:[Event]Parse Packet failed, Ret[0x80000004]     Solution:
Error   2024-10-06 20:05:36  DevID:MV-CS016-10UC(DA0498828)  Source-Line:libMvUsb3vTL.so(EventProcess.cpp-L0327)     Description:[Event]Parse Packet failed, Ret[0x80000004]     Solution:
Error   2024-10-06 20:05:36  DevID:MV-CS016-10UC(DA0498828)  Source-Line:libMvUsb3vTL.so(EventProcess.cpp-L0327)     Description:[Event]Parse Packet failed, Ret[0x80000004]     Solution:
Error   2024-10-06 20:05:36  DevID:MV-CS016-10UC(DA0498828)  Source-Line:libMvUsb3vTL.so(EventProcess.cpp-L0327)     Description:[Event]Parse Packet failed, Ret[0x80000004]     Solution:
Error   2024-10-06 20:05:36  DevID:MV-CS016-10UC(DA0498828)  Source-Line:libMvUsb3vTL.so(EventProcess.cpp-L0327)     Description:[Event]Parse Packet failed, Ret[0x80000004]     Solution:
Error   2024-10-06 20:05:36  DevID:MV-CS016-10UC(DA0498828)  Source-Line:libMvUsb3vTL.so(EventProcess.cpp-L0327)     Description:[Event]Parse Packet failed, Ret[0x80000004]     Solution:
Error   2024-10-06 20:05:36  DevID:MV-CS016-10UC(DA0498828)  Source-Line:libMvUsb3vTL.so(EventProcess.cpp-L0327)     Description:[Event]Parse Packet failed, Ret[0x80000004]     Solution:
Error   2024-10-06 20:05:36  DevID:MV-CS016-10UC(DA0498828)  Source-Line:libMvUsb3vTL.so(EventProcess.cpp-L0327)     Description:[Event]Parse Packet failed, Ret[0x80000004]     Solution:
Error   2024-10-06 20:05:36  DevID:MV-CS016-10UC(DA0498828)  Source-Line:libMvUsb3vTL.so(EventProcess.cpp-L0327)     Description:[Event]Parse Packet failed, Ret[0x80000004]     Solution:
Error   2024-10-06 20:05:36  DevID:MV-CS016-10UC(DA0498828)  Source-Line:libMvUsb3vTL.so(EventProcess.cpp-L0327)     Description:[Event]Parse Packet failed, Ret[0x80000004]     Solution:
Error   2024-10-06 20:05:36  DevID:MV-CS016-10UC(DA0498828)  Source-Line:libMvUsb3vTL.so(EventProcess.cpp-L0327)     Description:[Event]Parse Packet failed, Ret[0x80000004]     Solution:
Error   2024-10-06 20:05:36  DevID:MV-CS016-10UC(DA0498828)  Source-Line:libMvUsb3vTL.so(EventProcess.cpp-L0327)     Description:[Event]Parse Packet failed, Ret[0x80000004]     Solution:
Error   2024-10-06 20:05:36  DevID:MV-CS016-10UC(DA0498828)  Source-Line:libMvUsb3vTL.so(DriverLayer.cpp-L0635)     Description:[usb_bulk_write] errcode[-1], LIBUSB_ERROR_IO     Solution:
Error   2024-10-06 20:05:36  DevID:MV-CS016-10UC(DA0498828)  Source-Line:libMvUsb3vTL.so(DeviceControl.cpp-L0571)     Description:[WriteMemUnit]: nLen[-1] != nSendLen[24]     Solution:
Error   2024-10-06 20:05:36  DevID:MV-CS016-10UC(DA0498828)  Source-Line:libMvUsb3vTL.so(EventProcess.cpp-L0327)     Description:[Event]Parse Packet failed, Ret[0x80000004]     Solution:
Error   2024-10-06 20:05:36  DevID:MV-CS016-10UC(DA0498828)  Source-Line:libMvUsb3vTL.so(DriverLayer.cpp-L0635)     Description:[usb_bulk_write] errcode[-1], LIBUSB_ERROR_IO     Solution:
Error   2024-10-06 20:05:36  DevID:MV-CS016-10UC(DA0498828)  Source-Line:libMvUsb3vTL.so(DeviceControl.cpp-L0571)     Description:[WriteMemUnit]: nLen[-1] != nSendLen[24]     Solution:
Error   2024-10-06 20:05:36  DevID:MV-CS016-10UC(DA0498828)  Source-Line:libMvUsb3vTL.so(DeviceControl.cpp-L1185)     Description:Set SI 1 fail, error code:[0x80000301]     Solution:
Error   2024-10-06 20:05:36  DevID:MV-CS016-10UC(DA0498828)  Source-Line:libMvUsb3vTL.so(EventProcess.cpp-L0327)     Description:[Event]Parse Packet failed, Ret[0x80000004]     Solution:
Error   2024-10-06 20:05:36  DevID:MV-CS016-10UC(DA0498828)  Source-Line:libMvUsb3vTL.so(DriverLayer.cpp-L0660)     Description:[usb_control_msg] errcode[-1]     Solution:
Error   2024-10-06 20:05:36  DevID:MV-CS016-10UC(DA0498828)  Source-Line:libMvUsb3vTL.so(DriverLayer.cpp-L0551)     Description:[libusb_clear_halt] errcode[-99], LIBUSB_ERROR_OTHER     Solution:
Error   2024-10-06 20:05:36  DevID:MV-CS016-10UC(DA0498828)  Source-Line:libMvUsb3vTL.so(EventProcess.cpp-L0327)     Description:[Event]Parse Packet failed, Ret[0x80000004]     Solution:
Error   2024-10-06 20:05:36  DevID:MV-CS016-10UC(DA0498828)  Source-Line:libMvUsb3vTL.so(EventProcess.cpp-L0327)     Description:[Event]Parse Packet failed, Ret[0x80000004]     Solution:
Error   2024-10-06 20:05:36  DevID:MV-CS016-10UC(DA0498828)  Source-Line:libMvUsb3vTL.so(DriverLayer.cpp-L0635)     Description:[usb_bulk_write] errcode[-1], LIBUSB_ERROR_IO     Solution:
Error   2024-10-06 20:05:36  DevID:MV-CS016-10UC(DA0498828)  Source-Line:libMvUsb3vTL.so(DeviceControl.cpp-L0571)     Description:[WriteMemUnit]: nLen[-1] != nSendLen[24]     Solution:
Error   2024-10-06 20:05:36  DevID:MV-CS016-10UC(DA0498828)  Source-Line:libMvUsb3vTL.so(EventProcess.cpp-L0327)     Description:[Event]Parse Packet failed, Ret[0x80000004]     Solution:
Error   2024-10-06 20:05:36  DevID:MV-CS016-10UC(DA0498828)  Source-Line:libMvUsb3vTL.so(DriverLayer.cpp-L0635)     Description:[usb_bulk_write] errcode[-1], LIBUSB_ERROR_IO     Solution:
Error   2024-10-06 20:05:36  DevID:MV-CS016-10UC(DA0498828)  Source-Line:libMvUsb3vTL.so(DeviceControl.cpp-L0571)     Description:[WriteMemUnit]: nLen[-1] != nSendLen[24]     Solution:
Error   2024-10-06 20:05:36  DevID:MV-CS016-10UC(DA0498828)  Source-Line:libMvUsb3vTL.so(DeviceControl.cpp-L1185)     Description:Set SI 1 fail, error code:[0x80000301]     Solution:
Error   2024-10-06 20:05:36  DevID:MV-CS016-10UC(DA0498828)  Source-Line:libMvUsb3vTL.so(EventProcess.cpp-L0327)     Description:[Event]Parse Packet failed, Ret[0x80000004]     Solution:
Error   2024-10-06 20:05:36  DevID:MV-CS016-10UC(DA0498828)  Source-Line:libMvUsb3vTL.so(EventProcess.cpp-L0327)     Description:[Event]Parse Packet failed, Ret[0x80000004]     Solution:
Error   2024-10-06 20:05:36  DevID:MV-CS016-10UC(DA0498828)  Source-Line:libMvUsb3vTL.so(DriverLayer.cpp-L0660)     Description:[usb_control_msg] errcode[-1]     Solution:
Error   2024-10-06 20:05:36  DevID:MV-CS016-10UC(DA0498828)  Source-Line:libMvUsb3vTL.so(DriverLayer.cpp-L0551)     Description:[libusb_clear_halt] errcode[-99], LIBUSB_ERROR_OTHER     Solution:
Error   2024-10-06 20:05:36  DevID:MV-CS016-10UC(DA0498828)  Source-Line:libMvUsb3vTL.so(EventProcess.cpp-L0327)     Description:[Event]Parse Packet failed, Ret[0x80000004]     Solution:
Error   2024-10-06 20:05:36  DevID:MV-CS016-10UC(DA0498828)  Source-Line:libMvUsb3vTL.so(EventProcess.cpp-L0327)     Description:[Event]Parse Packet failed, Ret[0x80000004]     Solution:
Error   2024-10-06 20:05:36  DevID:MV-CS016-10UC(DA0498828)  Source-Line:libMvUsb3vTL.so(DriverLayer.cpp-L0635)     Description:[usb_bulk_write] errcode[-1], LIBUSB_ERROR_IO     Solution:
Error   2024-10-06 20:05:36  DevID:MV-CS016-10UC(DA0498828)  Source-Line:libMvUsb3vTL.so(DeviceControl.cpp-L0571)     Description:[WriteMemUnit]: nLen[-1] != nSendLen[24]     Solution:
Error   2024-10-06 20:05:36  DevID:MV-CS016-10UC(DA0498828)  Source-Line:libMvUsb3vTL.so(EventProcess.cpp-L0327)     Description:[Event]Parse Packet failed, Ret[0x80000004]     Solution:
Error   2024-10-06 20:05:36  DevID:MV-CS016-10UC(DA0498828)  Source-Line:libMvUsb3vTL.so(EventProcess.cpp-L0327)     Description:[Event]Parse Packet failed, Ret[0x80000004]     Solution:
Error   2024-10-06 20:05:36  DevID:MV-CS016-10UC(DA0498828)  Source-Line:libMvUsb3vTL.so(DriverLayer.cpp-L0635)     Description:[usb_bulk_write] errcode[-1], LIBUSB_ERROR_IO     Solution:
Error   2024-10-06 20:05:36  DevID:MV-CS016-10UC(DA0498828)  Source-Line:libMvUsb3vTL.so(DeviceControl.cpp-L0571)     Description:[WriteMemUnit]: nLen[-1] != nSendLen[24]     Solution:
Error   2024-10-06 20:05:36  DevID:MV-CS016-10UC(DA0498828)  Source-Line:libMvUsb3vTL.so(DeviceControl.cpp-L1185)     Description:Set SI 1 fail, error code:[0x80000301]     Solution:
Error   2024-10-06 20:05:36  DevID:MV-CS016-10UC(DA0498828)  Source-Line:libMvUsb3vTL.so(EventProcess.cpp-L0327)     Description:[Event]Parse Packet failed, Ret[0x80000004]     Solution:
Error   2024-10-06 20:05:36  DevID:MV-CS016-10UC(DA0498828)  Source-Line:libMvUsb3vTL.so(DriverLayer.cpp-L0660)     Description:[usb_control_msg] errcode[-1]     Solution:
Error   2024-10-06 20:05:36  DevID:MV-CS016-10UC(DA0498828)  Source-Line:libMvUsb3vTL.so(DriverLayer.cpp-L0660)     Description:[usb_control_msg] errcode[-1]     Solution:
Error   2024-10-06 20:05:36  DevID:MV-CS016-10UC(DA0498828)  Source-Line:libMvUsb3vTL.so(DriverLayer.cpp-L0551)     Description:[libusb_clear_halt] errcode[-99], LIBUSB_ERROR_OTHER     Solution:
Error   2024-10-06 20:05:36  DevID:MV-CS016-10UC(DA0498828)  Source-Line:libMvUsb3vTL.so(EventProcess.cpp-L0327)     Description:[Event]Parse Packet failed, Ret[0x80000004]     Solution:
Error   2024-10-06 20:05:36  DevID:MV-CS016-10UC(DA0498828)  Source-Line:libMvUsb3vTL.so(EventProcess.cpp-L0327)     Description:[Event]Parse Packet failed, Ret[0x80000004]     Solution:
Error   2024-10-06 20:05:36  DevID:MV-CS016-10UC(DA0498828)  Source-Line:libMvUsb3vTL.so(EventProcess.cpp-L0327)     Description:[Event]Parse Packet failed, Ret[0x80000004]     Solution:
Error   2024-10-06 20:05:36  DevID:MV-CS016-10UC(DA0498828)  Source-Line:libMvUsb3vTL.so(DriverLayer.cpp-L0635)     Description:[usb_bulk_write] errcode[-1], LIBUSB_ERROR_IO     Solution:
Error   2024-10-06 20:05:36  DevID:MV-CS016-10UC(DA0498828)  Source-Line:libMvUsb3vTL.so(DeviceControl.cpp-L0571)     Description:[WriteMemUnit]: nLen[-1] != nSendLen[24]     Solution:
Error   2024-10-06 20:05:36  DevID:MV-CS016-10UC(DA0498828)  Source-Line:libMvUsb3vTL.so(EventProcess.cpp-L0327)     Description:[Event]Parse Packet failed, Ret[0x80000004]     Solution:
Error   2024-10-06 20:05:36  DevID:MV-CS016-10UC(DA0498828)  Source-Line:libMvUsb3vTL.so(EventProcess.cpp-L0327)     Description:[Event]Parse Packet failed, Ret[0x80000004]     Solution:
Error   2024-10-06 20:05:36  DevID:MV-CS016-10UC(DA0498828)  Source-Line:libMvUsb3vTL.so(DriverLayer.cpp-L0635)     Description:[usb_bulk_write] errcode[-1], LIBUSB_ERROR_IO     Solution:
Error   2024-10-06 20:05:36  DevID:MV-CS016-10UC(DA0498828)  Source-Line:libMvUsb3vTL.so(DeviceControl.cpp-L0571)     Description:[WriteMemUnit]: nLen[-1] != nSendLen[24]     Solution:
Error   2024-10-06 20:05:36  DevID:MV-CS016-10UC(DA0498828)  Source-Line:libMvUsb3vTL.so(DeviceControl.cpp-L1185)     Description:Set SI 1 fail, error code:[0x80000301]     Solution:
Error   2024-10-06 20:05:36  DevID:MV-CS016-10UC(DA0498828)  Source-Line:libMvUsb3vTL.so(EventProcess.cpp-L0327)     Description:[Event]Parse Packet failed, Ret[0x80000004]     Solution:
Error   2024-10-06 20:05:36  DevID:MV-CS016-10UC(DA0498828)  Source-Line:libMvUsb3vTL.so(DriverLayer.cpp-L0660)     Description:[usb_control_msg] errcode[-1]     Solution:
Error   2024-10-06 20:05:36  DevID:MV-CS016-10UC(DA0498828)  Source-Line:libMvUsb3vTL.so(DriverLayer.cpp-L0551)     Description:[libusb_clear_halt] errcode[-99], LIBUSB_ERROR_OTHER     Solution:
Error   2024-10-06 20:05:36  DevID:MV-CS016-10UC(DA0498828)  Source-Line:libMvUsb3vTL.so(EventProcess.cpp-L0327)     Description:[Event]Parse Packet failed, Ret[0x80000004]     Solution:
Error   2024-10-06 20:05:36  DevID:MV-CS016-10UC(DA0498828)  Source-Line:libMvUsb3vTL.so(EventProcess.cpp-L0327)     Description:[Event]Parse Packet failed, Ret[0x80000004]     Solution:
Error   2024-10-06 20:05:36  DevID:MV-CS016-10UC(DA0498828)  Source-Line:libMvUsb3vTL.so(EventProcess.cpp-L0327)     Description:[Event]Parse Packet failed, Ret[0x80000004]     Solution:
Error   2024-10-06 20:05:36  DevID:MV-CS016-10UC(DA0498828)  Source-Line:libMvUsb3vTL.so(DriverLayer.cpp-L0635)     Description:[usb_bulk_write] errcode[-1], LIBUSB_ERROR_IO     Solution:
Error   2024-10-06 20:05:36  DevID:MV-CS016-10UC(DA0498828)  Source-Line:libMvUsb3vTL.so(DeviceControl.cpp-L0571)     Description:[WriteMemUnit]: nLen[-1] != nSendLen[24]     Solution:
Error   2024-10-06 20:05:36  DevID:MV-CS016-10UC(DA0498828)  Source-Line:libMvUsb3vTL.so(EventProcess.cpp-L0327)     Description:[Event]Parse Packet failed, Ret[0x80000004]     Solution:
Error   2024-10-06 20:05:36  DevID:MV-CS016-10UC(DA0498828)  Source-Line:libMvUsb3vTL.so(DriverLayer.cpp-L0635)     Description:[usb_bulk_write] errcode[-1], LIBUSB_ERROR_IO     Solution:
Error   2024-10-06 20:05:36  DevID:MV-CS016-10UC(DA0498828)  Source-Line:libMvUsb3vTL.so(DeviceControl.cpp-L0571)     Description:[WriteMemUnit]: nLen[-1] != nSendLen[24]     Solution:
Error   2024-10-06 20:05:36  DevID:MV-CS016-10UC(DA0498828)  Source-Line:libMvUsb3vTL.so(DeviceControl.cpp-L1185)     Description:Set SI 1 fail, error code:[0x80000301]     Solution:
Error   2024-10-06 20:05:36  DevID:MV-CS016-10UC(DA0498828)  Source-Line:libMvUsb3vTL.so(EventProcess.cpp-L0327)     Description:[Event]Parse Packet failed, Ret[0x80000004]     Solution:
Error   2024-10-06 20:05:36  DevID:MV-CS016-10UC(DA0498828)  Source-Line:libMvUsb3vTL.so(EventProcess.cpp-L0327)     Description:[Event]Parse Packet failed, Ret[0x80000004]     Solution:
Error   2024-10-06 20:05:36  DevID:MV-CS016-10UC(DA0498828)  Source-Line:libMvUsb3vTL.so(DriverLayer.cpp-L0660)     Description:[usb_control_msg] errcode[-1]     Solution:
Error   2024-10-06 20:05:36  DevID:MV-CS016-10UC(DA0498828)  Source-Line:libMvUsb3vTL.so(DriverLayer.cpp-L0551)     Description:[libusb_clear_halt] errcode[-99], LIBUSB_ERROR_OTHER     Solution:
Error   2024-10-06 20:05:36  DevID:MV-CS016-10UC(DA0498828)  Source-Line:libMvUsb3vTL.so(EventProcess.cpp-L0327)     Description:[Event]Parse Packet failed, Ret[0x80000004]     Solution:
Error   2024-10-06 20:05:36  DevID:MV-CS016-10UC(DA0498828)  Source-Line:libMvUsb3vTL.so(EventProcess.cpp-L0327)     Description:[Event]Parse Packet failed, Ret[0x80000004]     Solution:
Error   2024-10-06 20:05:36  DevID:MV-CS016-10UC(DA0498828)  Source-Line:libMvUsb3vTL.so(EventProcess.cpp-L0327)     Description:[Event]Parse Packet failed, Ret[0x80000004]     Solution:
Error   2024-10-06 20:05:36  DevID:MV-CS016-10UC(DA0498828)  Source-Line:libMvUsb3vTL.so(DriverLayer.cpp-L0551)     Description:[libusb_clear_halt] errcode[-99], LIBUSB_ERROR_OTHER     Solution:
Error   2024-10-06 20:05:36  DevID:MV-CS016-10UC(DA0498828)  Source-Line:libMvUsb3vTL.so(EventProcess.cpp-L0327)     Description:[Event]Parse Packet failed, Ret[0x80000004]     Solution:
Error   2024-10-06 20:05:36  DevID:MV-CS016-10UC(DA0498828)  Source-Line:libMvUsb3vTL.so(EventProcess.cpp-L0327)     Description:[Event]Parse Packet failed, Ret[0x80000004]     Solution:
Error   2024-10-06 20:05:36  DevID:MV-CS016-10UC(DA0498828)  Source-Line:libMvUsb3vTL.so(EventProcess.cpp-L0327)     Description:[Event]Parse Packet failed, Ret[0x80000004]     Solution:
Error   2024-10-06 20:05:36  DevID:MV-CS016-10UC(DA0498828)  Source-Line:libMvUsb3vTL.so(DriverLayer.cpp-L0635)     Description:[usb_bulk_write] errcode[-1], LIBUSB_ERROR_IO     Solution:
Error   2024-10-06 20:05:36  DevID:MV-CS016-10UC(DA0498828)  Source-Line:libMvUsb3vTL.so(DeviceControl.cpp-L0571)     Description:[WriteMemUnit]: nLen[-1] != nSendLen[24]     Solution:
Error   2024-10-06 20:05:36  DevID:MV-CS016-10UC(DA0498828)  Source-Line:libMvUsb3vTL.so(EventProcess.cpp-L0327)     Description:[Event]Parse Packet failed, Ret[0x80000004]     Solution:
Error   2024-10-06 20:05:36  DevID:MV-CS016-10UC(DA0498828)  Source-Line:libMvUsb3vTL.so(DriverLayer.cpp-L0635)     Description:[usb_bulk_write] errcode[-1], LIBUSB_ERROR_IO     Solution:
Error   2024-10-06 20:05:36  DevID:MV-CS016-10UC(DA0498828)  Source-Line:libMvUsb3vTL.so(DeviceControl.cpp-L0571)     Description:[WriteMemUnit]: nLen[-1] != nSendLen[24]     Solution:
Error   2024-10-06 20:05:36  DevID:MV-CS016-10UC(DA0498828)  Source-Line:libMvUsb3vTL.so(DeviceControl.cpp-L1185)     Description:Set SI 1 fail, error code:[0x80000301]     Solution:
Error   2024-10-06 20:05:36  DevID:MV-CS016-10UC(DA0498828)  Source-Line:libMvUsb3vTL.so(EventProcess.cpp-L0327)     Description:[Event]Parse Packet failed, Ret[0x80000004]     Solution:
Error   2024-10-06 20:05:36  DevID:MV-CS016-10UC(DA0498828)  Source-Line:libMvUsb3vTL.so(EventProcess.cpp-L0327)     Description:[Event]Parse Packet failed, Ret[0x80000004]     Solution:
Error   2024-10-06 20:05:36  DevID:MV-CS016-10UC(DA0498828)  Source-Line:libMvUsb3vTL.so(DriverLayer.cpp-L0660)     Description:[usb_control_msg] errcode[-1]     Solution:
Error   2024-10-06 20:05:36  DevID:MV-CS016-10UC(DA0498828)  Source-Line:libMvUsb3vTL.so(DriverLayer.cpp-L0551)     Description:[libusb_clear_halt] errcode[-99], LIBUSB_ERROR_OTHER     Solution:
Error   2024-10-06 20:05:36  DevID:MV-CS016-10UC(DA0498828)  Source-Line:libMvUsb3vTL.so(EventProcess.cpp-L0327)     Description:[Event]Parse Packet failed, Ret[0x80000004]     Solution:
Error   2024-10-06 20:05:36  DevID:MV-CS016-10UC(DA0498828)  Source-Line:libMvUsb3vTL.so(EventProcess.cpp-L0327)     Description:[Event]Parse Packet failed, Ret[0x80000004]     Solution:
Error   2024-10-06 20:05:36  DevID:MV-CS016-10UC(DA0498828)  Source-Line:libMvUsb3vTL.so(EventProcess.cpp-L0327)     Description:[Event]Parse Packet failed, Ret[0x80000004]     Solution:
Error   2024-10-06 20:05:36  DevID:MV-CS016-10UC(DA0498828)  Source-Line:libMvUsb3vTL.so(DriverLayer.cpp-L0635)     Description:[usb_bulk_write] errcode[-1], LIBUSB_ERROR_IO     Solution:
Error   2024-10-06 20:05:36  DevID:MV-CS016-10UC(DA0498828)  Source-Line:libMvUsb3vTL.so(DeviceControl.cpp-L0571)     Description:[WriteMemUnit]: nLen[-1] != nSendLen[24]     Solution:
Error   2024-10-06 20:05:36  DevID:MV-CS016-10UC(DA0498828)  Source-Line:libMvUsb3vTL.so(EventProcess.cpp-L0327)     Description:[Event]Parse Packet failed, Ret[0x80000004]     Solution:
Error   2024-10-06 20:05:36  DevID:MV-CS016-10UC(DA0498828)  Source-Line:libMvUsb3vTL.so(EventProcess.cpp-L0327)     Description:[Event]Parse Packet failed, Ret[0x80000004]     Solution:
Error   2024-10-06 20:05:36  DevID:MV-CS016-10UC(DA0498828)  Source-Line:libMvUsb3vTL.so(DriverLayer.cpp-L0635)     Description:[usb_bulk_write] errcode[-1], LIBUSB_ERROR_IO     Solution:
Error   2024-10-06 20:05:36  DevID:MV-CS016-10UC(DA0498828)  Source-Line:libMvUsb3vTL.so(DeviceControl.cpp-L0571)     Description:[WriteMemUnit]: nLen[-1] != nSendLen[24]     Solution:
Error   2024-10-06 20:05:36  DevID:MV-CS016-10UC(DA0498828)  Source-Line:libMvUsb3vTL.so(DeviceControl.cpp-L1185)     Description:Set SI 1 fail, error code:[0x80000301]     Solution:
Error   2024-10-06 20:05:36  DevID:MV-CS016-10UC(DA0498828)  Source-Line:libMvUsb3vTL.so(EventProcess.cpp-L0327)     Description:[Event]Parse Packet failed, Ret[0x80000004]     Solution:
Error   2024-10-06 20:05:36  DevID:MV-CS016-10UC(DA0498828)  Source-Line:libMvUsb3vTL.so(DriverLayer.cpp-L0660)     Description:[usb_control_msg] errcode[-1]     Solution:
Error   2024-10-06 20:05:36  DevID:MV-CS016-10UC(DA0498828)  Source-Line:libMvUsb3vTL.so(DriverLayer.cpp-L0551)     Description:[libusb_clear_halt] errcode[-99], LIBUSB_ERROR_OTHER     Solution:
Error   2024-10-06 20:05:36  DevID:MV-CS016-10UC(DA0498828)  Source-Line:libMvUsb3vTL.so(EventProcess.cpp-L0327)     Description:[Event]Parse Packet failed, Ret[0x80000004]     Solution:
Error   2024-10-06 20:05:36  DevID:MV-CS016-10UC(DA0498828)  Source-Line:libMvUsb3vTL.so(EventProcess.cpp-L0327)     Description:[Event]Parse Packet failed, Ret[0x80000004]     Solution:
Error   2024-10-06 20:05:36  DevID:MV-CS016-10UC(DA0498828)  Source-Line:libMvUsb3vTL.so(EventProcess.cpp-L0327)     Description:[Event]Parse Packet failed, Ret[0x80000004]     Solution:
Error   2024-10-06 20:05:36  DevID:MV-CS016-10UC(DA0498828)  Source-Line:libMvUsb3vTL.so(DriverLayer.cpp-L0635)     Description:[usb_bulk_write] errcode[-1], LIBUSB_ERROR_IO     Solution:
Error   2024-10-06 20:05:36  DevID:MV-CS016-10UC(DA0498828)  Source-Line:libMvUsb3vTL.so(EventProcess.cpp-L0327)     Description:[Event]Parse Packet failed, Ret[0x80000004]     Solution:
Error   2024-10-06 20:05:36  DevID:MV-CS016-10UC(DA0498828)  Source-Line:libMvUsb3vTL.so(DriverLayer.cpp-L0635)     Description:[usb_bulk_write] errcode[-1], LIBUSB_ERROR_IO     Solution:
Error   2024-10-06 20:05:36  DevID:MV-CS016-10UC(DA0498828)  Source-Line:libMvUsb3vTL.so(DeviceControl.cpp-L0571)     Description:[WriteMemUnit]: nLen[-1] != nSendLen[24]     Solution:
Error   2024-10-06 20:05:36  DevID:MV-CS016-10UC(DA0498828)  Source-Line:libMvUsb3vTL.so(EventProcess.cpp-L0327)     Description:[Event]Parse Packet failed, Ret[0x80000004]     Solution:
Error   2024-10-06 20:05:36  DevID:MV-CS016-10UC(DA0498828)  Source-Line:libMvUsb3vTL.so(DriverLayer.cpp-L0635)     Description:[usb_bulk_write] errcode[-1], LIBUSB_ERROR_IO     Solution:
Error   2024-10-06 20:05:36  DevID:MV-CS016-10UC(DA0498828)  Source-Line:libMvUsb3vTL.so(DeviceControl.cpp-L0571)     Description:[WriteMemUnit]: nLen[-1] != nSendLen[24]     Solution:
Error   2024-10-06 20:05:36  DevID:MV-CS016-10UC(DA0498828)  Source-Line:libMvUsb3vTL.so(DeviceControl.cpp-L1185)     Description:Set SI 1 fail, error code:[0x80000301]     Solution:
Error   2024-10-06 20:05:36  DevID:MV-CS016-10UC(DA0498828)  Source-Line:libMvUsb3vTL.so(EventProcess.cpp-L0327)     Description:[Event]Parse Packet failed, Ret[0x80000004]     Solution:
Error   2024-10-06 20:05:36  DevID:MV-CS016-10UC(DA0498828)  Source-Line:libMvUsb3vTL.so(EventProcess.cpp-L0327)     Description:[Event]Parse Packet failed, Ret[0x80000004]     Solution:
Error   2024-10-06 20:05:36  DevID:MV-CS016-10UC(DA0498828)  Source-Line:libMvUsb3vTL.so(DriverLayer.cpp-L0660)     Description:[usb_control_msg] errcode[-1]     Solution:
Error   2024-10-06 20:05:36  DevID:MV-CS016-10UC(DA0498828)  Source-Line:libMvUsb3vTL.so(DriverLayer.cpp-L0551)     Description:[libusb_clear_halt] errcode[-99], LIBUSB_ERROR_OTHER     Solution:
Error   2024-10-06 20:05:36  DevID:MV-CS016-10UC(DA0498828)  Source-Line:libMvUsb3vTL.so(EventProcess.cpp-L0327)     Description:[Event]Parse Packet failed, Ret[0x80000004]     Solution:
Error   2024-10-06 20:05:36  DevID:MV-CS016-10UC(DA0498828)  Source-Line:libMvUsb3vTL.so(EventProcess.cpp-L0327)     Description:[Event]Parse Packet failed, Ret[0x80000004]     Solution:
Error   2024-10-06 20:05:36  DevID:MV-CS016-10UC(DA0498828)  Source-Line:libMvUsb3vTL.so(EventProcess.cpp-L0327)     Description:[Event]Parse Packet failed, Ret[0x80000004]     Solution:
Error   2024-10-06 20:05:36  DevID:MV-CS016-10UC(DA0498828)  Source-Line:libMvUsb3vTL.so(DriverLayer.cpp-L0635)     Description:[usb_bulk_write] errcode[-1], LIBUSB_ERROR_IO     Solution:
Error   2024-10-06 20:05:36  DevID:MV-CS016-10UC(DA0498828)  Source-Line:libMvUsb3vTL.so(DeviceControl.cpp-L0571)     Description:[WriteMemUnit]: nLen[-1] != nSendLen[24]     Solution:
Error   2024-10-06 20:05:36  DevID:MV-CS016-10UC(DA0498828)  Source-Line:libMvUsb3vTL.so(EventProcess.cpp-L0327)     Description:[Event]Parse Packet failed, Ret[0x80000004]     Solution:
Error   2024-10-06 20:05:36  DevID:MV-CS016-10UC(DA0498828)  Source-Line:libMvUsb3vTL.so(DriverLayer.cpp-L0635)     Description:[usb_bulk_write] errcode[-1], LIBUSB_ERROR_IO     Solution:
Error   2024-10-06 20:05:36  DevID:MV-CS016-10UC(DA0498828)  Source-Line:libMvUsb3vTL.so(DeviceControl.cpp-L0571)     Description:[WriteMemUnit]: nLen[-1] != nSendLen[24]     Solution:
Error   2024-10-06 20:05:36  DevID:MV-CS016-10UC(DA0498828)  Source-Line:libMvUsb3vTL.so(DeviceControl.cpp-L1185)     Description:Set SI 1 fail, error code:[0x80000301]     Solution:
Error   2024-10-06 20:05:36  DevID:MV-CS016-10UC(DA0498828)  Source-Line:libMvUsb3vTL.so(EventProcess.cpp-L0327)     Description:[Event]Parse Packet failed, Ret[0x80000004]     Solution:
Error   2024-10-06 20:05:36  DevID:MV-CS016-10UC(DA0498828)  Source-Line:libMvUsb3vTL.so(EventProcess.cpp-L0327)     Description:[Event]Parse Packet failed, Ret[0x80000004]     Solution:
Error   2024-10-06 20:05:36  DevID:MV-CS016-10UC(DA0498828)  Source-Line:libMvUsb3vTL.so(DriverLayer.cpp-L0660)     Description:[usb_control_msg] errcode[-1]     Solution:
Error   2024-10-06 20:05:36  DevID:MV-CS016-10UC(DA0498828)  Source-Line:libMvUsb3vTL.so(DriverLayer.cpp-L0551)     Description:[libusb_clear_halt] errcode[-99], LIBUSB_ERROR_OTHER     Solution:
Error   2024-10-06 20:05:36  DevID:MV-CS016-10UC(DA0498828)  Source-Line:libMvUsb3vTL.so(EventProcess.cpp-L0327)     Description:[Event]Parse Packet failed, Ret[0x80000004]     Solution:
Error   2024-10-06 20:05:36  DevID:MV-CS016-10UC(DA0498828)  Source-Line:libMvUsb3vTL.so(EventProcess.cpp-L0327)     Description:[Event]Parse Packet failed, Ret[0x80000004]     Solution:
Error   2024-10-06 20:05:36  DevID:MV-CS016-10UC(DA0498828)  Source-Line:libMvUsb3vTL.so(DriverLayer.cpp-L0635)     Description:[usb_bulk_write] errcode[-1], LIBUSB_ERROR_IO     Solution:
Error   2024-10-06 20:05:36  DevID:MV-CS016-10UC(DA0498828)  Source-Line:libMvUsb3vTL.so(DeviceControl.cpp-L0571)     Description:[WriteMemUnit]: nLen[-1] != nSendLen[24]     Solution:
Error   2024-10-06 20:05:36  DevID:MV-CS016-10UC(DA0498828)  Source-Line:libMvUsb3vTL.so(EventProcess.cpp-L0327)     Description:[Event]Parse Packet failed, Ret[0x80000004]     Solution:
Error   2024-10-06 20:05:36  DevID:MV-CS016-10UC(DA0498828)  Source-Line:libMvUsb3vTL.so(DriverLayer.cpp-L0635)     Description:[usb_bulk_write] errcode[-1], LIBUSB_ERROR_IO     Solution:
Error   2024-10-06 20:05:36  DevID:MV-CS016-10UC(DA0498828)  Source-Line:libMvUsb3vTL.so(DeviceControl.cpp-L0571)     Description:[WriteMemUnit]: nLen[-1] != nSendLen[24]     Solution:
Error   2024-10-06 20:05:36  DevID:MV-CS016-10UC(DA0498828)  Source-Line:libMvUsb3vTL.so(DeviceControl.cpp-L1185)     Description:Set SI 1 fail, error code:[0x80000301]     Solution:
Error   2024-10-06 20:05:36  DevID:MV-CS016-10UC(DA0498828)  Source-Line:libMvUsb3vTL.so(DeviceControl.cpp-L0571)     Description:[WriteMemUnit]: nLen[-4] != nSendLen[24]     Solution:
Error   2024-10-06 20:05:36  DevID:MV-CS016-10UC(DA0498828)  Source-Line:libMvUsb3vTL.so(DeviceControl.cpp-L1185)     Description:Set SI 1 fail, error code:[0x80000301]     Solution:
Error   2024-10-06 20:05:36  DevID:MV-CS016-10UC(DA0498828)  Source-Line:libMvUsb3vTL.so(DriverLayer.cpp-L0660)     Description:[usb_control_msg] errcode[-4]     Solution:
Error   2024-10-06 20:05:36  DevID:MV-CS016-10UC(DA0498828)  Source-Line:libMvUsb3vTL.so(DriverLayer.cpp-L0551)     Description:[libusb_clear_halt] errcode[-4], LIBUSB_ERROR_NO_DEVICE     Solution:
Error   2024-10-06 20:05:36  DevID:MV-CS016-10UC(DA0498828)  Source-Line:libMvUsb3vTL.so(DriverLayer.cpp-L0635)     Description:[usb_bulk_write] errcode[-4], LIBUSB_ERROR_NO_DEVICE     Solution:
Error   2024-10-06 20:05:36  DevID:MV-CS016-10UC(DA0498828)  Source-Line:libMvUsb3vTL.so(DeviceControl.cpp-L0571)     Description:[WriteMemUnit]: nLen[-4] != nSendLen[24]     Solution:
Error   2024-10-06 20:05:36  DevID:MV-CS016-10UC(DA0498828)  Source-Line:libMvUsb3vTL.so(DriverLayer.cpp-L0635)     Description:[usb_bulk_write] errcode[-4], LIBUSB_ERROR_NO_DEVICE     Solution:
Error   2024-10-06 20:05:36  DevID:MV-CS016-10UC(DA0498828)  Source-Line:libMvUsb3vTL.so(DeviceControl.cpp-L0571)     Description:[WriteMemUnit]: nLen[-4] != nSendLen[24]     Solution:
Error   2024-10-06 20:05:36  DevID:MV-CS016-10UC(DA0498828)  Source-Line:libMvUsb3vTL.so(DeviceControl.cpp-L1185)     Description:Set SI 1 fail, error code:[0x80000301]     Solution:
Error   2024-10-06 20:05:36  DevID:MV-CS016-10UC(DA0498828)  Source-Line:libMvUsb3vTL.so(DriverLayer.cpp-L0660)     Description:[usb_control_msg] errcode[-4]     Solution:
Error   2024-10-06 20:05:36  DevID:MV-CS016-10UC(DA0498828)  Source-Line:libMvUsb3vTL.so(DriverLayer.cpp-L0551)     Description:[libusb_clear_halt] errcode[-4], LIBUSB_ERROR_NO_DEVICE     Solution:
Error   2024-10-06 20:05:36  DevID:MV-CS016-10UC(DA0498828)  Source-Line:libMvUsb3vTL.so(DriverLayer.cpp-L0635)     Description:[usb_bulk_write] errcode[-4], LIBUSB_ERROR_NO_DEVICE     Solution:
Error   2024-10-06 20:05:36  DevID:MV-CS016-10UC(DA0498828)  Source-Line:libMvUsb3vTL.so(DeviceControl.cpp-L0571)     Description:[WriteMemUnit]: nLen[-4] != nSendLen[24]     Solution:
Error   2024-10-06 20:05:36  DevID:MV-CS016-10UC(DA0498828)  Source-Line:libMvUsb3vTL.so(DriverLayer.cpp-L0635)     Description:[usb_bulk_write] errcode[-4], LIBUSB_ERROR_NO_DEVICE     Solution:
Error   2024-10-06 20:05:36  DevID:MV-CS016-10UC(DA0498828)  Source-Line:libMvUsb3vTL.so(DeviceControl.cpp-L0571)     Description:[WriteMemUnit]: nLen[-4] != nSendLen[24]     Solution:
Error   2024-10-06 20:05:36  DevID:MV-CS016-10UC(DA0498828)  Source-Line:libMvUsb3vTL.so(DeviceControl.cpp-L1185)     Description:Set SI 1 fail, error code:[0x80000301]     Solution:
Error   2024-10-06 20:05:36  DevID:MV-CS016-10UC(DA0498828)  Source-Line:libMvUsb3vTL.so(DriverLayer.cpp-L0660)     Description:[usb_control_msg] errcode[-4]     Solution:
Error   2024-10-06 20:05:36  DevID:MV-CS016-10UC(DA0498828)  Source-Line:libMvUsb3vTL.so(DriverLayer.cpp-L0551)     Description:[libusb_clear_halt] errcode[-4], LIBUSB_ERROR_NO_DEVICE     Solution:
Error   2024-10-06 20:05:36  DevID:MV-CS016-10UC(DA0498828)  Source-Line:libMvUsb3vTL.so(DriverLayer.cpp-L0635)     Description:[usb_bulk_write] errcode[-4], LIBUSB_ERROR_NO_DEVICE     Solution:
Error   2024-10-06 20:05:36  DevID:MV-CS016-10UC(DA0498828)  Source-Line:libMvUsb3vTL.so(DeviceControl.cpp-L0571)     Description:[WriteMemUnit]: nLen[-4] != nSendLen[24]     Solution:
Error   2024-10-06 20:05:36  DevID:MV-CS016-10UC(DA0498828)  Source-Line:libMvUsb3vTL.so(DriverLayer.cpp-L0635)     Description:[usb_bulk_write] errcode[-4], LIBUSB_ERROR_NO_DEVICE     Solution:
Error   2024-10-06 20:05:36  DevID:MV-CS016-10UC(DA0498828)  Source-Line:libMvUsb3vTL.so(DeviceControl.cpp-L0571)     Description:[WriteMemUnit]: nLen[-4] != nSendLen[24]     Solution:
Error   2024-10-06 20:05:36  DevID:MV-CS016-10UC(DA0498828)  Source-Line:libMvUsb3vTL.so(DeviceControl.cpp-L1185)     Description:Set SI 1 fail, error code:[0x80000301]     Solution:
Error   2024-10-06 20:05:36  DevID:MV-CS016-10UC(DA0498828)  Source-Line:libMvUsb3vTL.so(DriverLayer.cpp-L0660)     Description:[usb_control_msg] errcode[-4]     Solution:
Error   2024-10-06 20:05:36  DevID:MV-CS016-10UC(DA0498828)  Source-Line:libMvUsb3vTL.so(DriverLayer.cpp-L0551)     Description:[libusb_clear_halt] errcode[-4], LIBUSB_ERROR_NO_DEVICE     Solution:
Error   2024-10-06 20:05:36  DevID:MV-CS016-10UC(DA0498828)  Source-Line:libMvUsb3vTL.so(DriverLayer.cpp-L0635)     Description:[usb_bulk_write] errcode[-4], LIBUSB_ERROR_NO_DEVICE     Solution:
Error   2024-10-06 20:05:36  DevID:MV-CS016-10UC(DA0498828)  Source-Line:libMvUsb3vTL.so(DeviceControl.cpp-L0571)     Description:[WriteMemUnit]: nLen[-4] != nSendLen[24]     Solution:
Error   2024-10-06 20:05:36  DevID:MV-CS016-10UC(DA0498828)  Source-Line:libMvUsb3vTL.so(DriverLayer.cpp-L0635)     Description:[usb_bulk_write] errcode[-4], LIBUSB_ERROR_NO_DEVICE     Solution:
Error   2024-10-06 20:05:36  DevID:MV-CS016-10UC(DA0498828)  Source-Line:libMvUsb3vTL.so(DeviceControl.cpp-L0571)     Description:[WriteMemUnit]: nLen[-4] != nSendLen[24]     Solution:
Error   2024-10-06 20:05:36  DevID:MV-CS016-10UC(DA0498828)  Source-Line:libMvUsb3vTL.so(DeviceControl.cpp-L1185)     Description:Set SI 1 fail, error code:[0x80000301]     Solution:
Error   2024-10-06 20:05:36  DevID:MV-CS016-10UC(DA0498828)  Source-Line:libMvUsb3vTL.so(DriverLayer.cpp-L0660)     Description:[usb_control_msg] errcode[-4]     Solution:
Error   2024-10-06 20:05:36  DevID:MV-CS016-10UC(DA0498828)  Source-Line:libMvUsb3vTL.so(DriverLayer.cpp-L0551)     Description:[libusb_clear_halt] errcode[-4], LIBUSB_ERROR_NO_DEVICE     Solution:
Error   2024-10-06 20:05:36  DevID:MV-CS016-10UC(DA0498828)  Source-Line:libMvUsb3vTL.so(DriverLayer.cpp-L0635)     Description:[usb_bulk_write] errcode[-4], LIBUSB_ERROR_NO_DEVICE     Solution:
Error   2024-10-06 20:05:36  DevID:MV-CS016-10UC(DA0498828)  Source-Line:libMvUsb3vTL.so(DeviceControl.cpp-L0571)     Description:[WriteMemUnit]: nLen[-4] != nSendLen[24]     Solution:
Error   2024-10-06 20:05:36  DevID:MV-CS016-10UC(DA0498828)  Source-Line:libMvUsb3vTL.so(DriverLayer.cpp-L0635)     Description:[usb_bulk_write] errcode[-4], LIBUSB_ERROR_NO_DEVICE     Solution:
Error   2024-10-06 20:05:36  DevID:MV-CS016-10UC(DA0498828)  Source-Line:libMvUsb3vTL.so(DeviceControl.cpp-L0571)     Description:[WriteMemUnit]: nLen[-4] != nSendLen[24]     Solution:
Error   2024-10-06 20:05:36  DevID:MV-CS016-10UC(DA0498828)  Source-Line:libMvUsb3vTL.so(DeviceControl.cpp-L1185)     Description:Set SI 1 fail, error code:[0x80000301]     Solution:
Error   2024-10-06 20:05:36  DevID:MV-CS016-10UC(DA0498828)  Source-Line:libMvUsb3vTL.so(DriverLayer.cpp-L0660)     Description:[usb_control_msg] errcode[-4]     Solution:
Error   2024-10-06 20:05:36  DevID:MV-CS016-10UC(DA0498828)  Source-Line:libMvUsb3vTL.so(DriverLayer.cpp-L0551)     Description:[libusb_clear_halt] errcode[-4], LIBUSB_ERROR_NO_DEVICE     Solution:
Error   2024-10-06 20:05:36  DevID:MV-CS016-10UC(DA0498828)  Source-Line:libMvUsb3vTL.so(StreamProcess.cpp-L1643)     Description:faied submit1,times 100, nRet[-4], errno[19]     Solution:
Error   2024-10-06 20:05:36  DevID:MV-CS016-10UC(DA0498828)  Source-Line:libMvUsb3vTL.so(StreamProcess.cpp-L1601)     Description:[SubmitAllReadAsync] error code is:[0x80000006]     Solution:
Error   2024-10-06 20:05:37  DevID:MV-CS016-10UC(DA0498828)  Source-Line:libMvUsb3vTL.so(DriverLayer.cpp-L0635)     Description:[usb_bulk_write] errcode[-4], LIBUSB_ERROR_NO_DEVICE     Solution:
Error   2024-10-06 20:05:37  DevID:MV-CS016-10UC(DA0498828)  Source-Line:libMvUsb3vTL.so(DeviceControl.cpp-L0391)     Description:ReadMemUnit error:Len[-4] != SendLen[28]     Solution:
Error   2024-10-06 20:05:37  DevID:MV-CS016-10UC(DA0498828)  Source-Line:libMvUsb3vTL.so(DriverLayer.cpp-L0635)     Description:[usb_bulk_write] errcode[-4], LIBUSB_ERROR_NO_DEVICE     Solution:
Error   2024-10-06 20:05:37  DevID:MV-CS016-10UC(DA0498828)  Source-Line:libMvUsb3vTL.so(DeviceControl.cpp-L0391)     Description:ReadMemUnit error:Len[-4] != SendLen[28]     Solution:
Error   2024-10-06 20:05:37  DevID:MV-CS016-10UC(DA0498828)  Source-Line:libMvUsb3vTL.so(DriverLayer.cpp-L0742)     Description:timesOut, num_iso_packets: ff     Solution:
Error   2024-10-06 20:05:38  DevID:MV-CS016-10UC(DA0498828)  Source-Line:libMvUsb3vTL.so(DriverLayer.cpp-L0742)     Description:timesOut, num_iso_packets: ff     Solution:
Error   2024-10-06 20:05:39  DevID:MV-CS016-10UC(DA0498828)  Source-Line:libMvUsb3vTL.so(DriverLayer.cpp-L0742)     Description:timesOut, num_iso_packets: ff     Solution:
Error   2024-10-06 20:05:40  DevID:MV-CS016-10UC(DA0498828)  Source-Line:libMvUsb3vTL.so(DriverLayer.cpp-L0742)     Description:timesOut, num_iso_packets: ff     Solution:
Error   2024-10-06 20:05:41  DevID:MV-CS016-10UC(DA0498828)  Source-Line:libMvUsb3vTL.so(DriverLayer.cpp-L0742)     Description:timesOut, num_iso_packets: ff     Solution:
Error   2024-10-06 20:05:42  DevID:MV-CS016-10UC(DA0498828)  Source-Line:libMvUsb3vTL.so(DriverLayer.cpp-L0742)     Description:timesOut, num_iso_packets: ff     Solution:
Error   2024-10-06 20:05:43  DevID:MV-CS016-10UC(DA0498828)  Source-Line:libMvUsb3vTL.so(DriverLayer.cpp-L0742)     Description:timesOut, num_iso_packets: ff     Solution:
Error   2024-10-06 20:05:44  DevID:MV-CS016-10UC(DA0498828)  Source-Line:libMvUsb3vTL.so(DriverLayer.cpp-L0742)     Description:timesOut, num_iso_packets: ff     Solution:
Error   2024-10-06 20:05:45  DevID:MV-CS016-10UC(DA0498828)  Source-Line:libMvUsb3vTL.so(DriverLayer.cpp-L0742)     Description:timesOut, num_iso_packets: ff     Solution:
Error   2024-10-06 20:05:46  DevID:MV-CS016-10UC(DA0498828)  Source-Line:libMvUsb3vTL.so(DriverLayer.cpp-L0742)     Description:timesOut, num_iso_packets: ff     Solution:
Error   2024-10-06 20:05:47  DevID:MV-CS016-10UC(DA0498828)  Source-Line:libMvUsb3vTL.so(DriverLayer.cpp-L0742)     Description:timesOut, num_iso_packets: ff     Solution:
Error   2024-10-06 20:05:48  DevID:MV-CS016-10UC(DA0498828)  Source-Line:libMvUsb3vTL.so(DriverLayer.cpp-L0742)     Description:timesOut, num_iso_packets: ff     Solution:
Error   2024-10-06 20:05:49  DevID:MV-CS016-10UC(DA0498828)  Source-Line:libMvUsb3vTL.so(DriverLayer.cpp-L0742)     Description:timesOut, num_iso_packets: ff     Solution:
Error   2024-10-06 20:05:50  DevID:MV-CS016-10UC(DA0498828)  Source-Line:libMvUsb3vTL.so(DriverLayer.cpp-L0742)     Description:timesOut, num_iso_packets: ff     Solution:
Error   2024-10-06 20:05:51  DevID:MV-CS016-10UC(DA0498828)  Source-Line:libMvUsb3vTL.so(DriverLayer.cpp-L0742)     Description:timesOut, num_iso_packets: ff     Solution:
Error   2024-10-06 20:05:52  DevID:MV-CS016-10UC(DA0498828)  Source-Line:libMvUsb3vTL.so(DriverLayer.cpp-L0742)     Description:timesOut, num_iso_packets: ff     Solution:
Error   2024-10-06 20:05:53  DevID:MV-CS016-10UC(DA0498828)  Source-Line:libMvUsb3vTL.so(DriverLayer.cpp-L0742)     Description:timesOut, num_iso_packets: ff     Solution:
Error   2024-10-06 20:05:54  DevID:MV-CS016-10UC(DA0498828)  Source-Line:libMvUsb3vTL.so(DriverLayer.cpp-L0742)     Description:timesOut, num_iso_packets: ff     Solution:
Error   2024-10-06 20:05:55  DevID:MV-CS016-10UC(DA0498828)  Source-Line:libMvUsb3vTL.so(DriverLayer.cpp-L0742)     Description:timesOut, num_iso_packets: ff     Solution:
Error   2024-10-06 20:05:56  DevID:MV-CS016-10UC(DA0498828)  Source-Line:libMvUsb3vTL.so(DriverLayer.cpp-L0742)     Description:timesOut, num_iso_packets: ff     Solution:
Error   2024-10-06 20:05:58  DevID:MV-CS016-10UC(DA0498828)  Source-Line:libMvUsb3vTL.so(DriverLayer.cpp-L0742)     Description:timesOut, num_iso_packets: ff     Solution:
Error   2024-10-06 20:05:59  DevID:MV-CS016-10UC(DA0498828)  Source-Line:libMvUsb3vTL.so(DriverLayer.cpp-L0742)     Description:timesOut, num_iso_packets: ff     Solution:
Error   2024-10-06 20:06:00  DevID:MV-CS016-10UC(DA0498828)  Source-Line:libMvUsb3vTL.so(DriverLayer.cpp-L0742)     Description:timesOut, num_iso_packets: ff     Solution:
